"dateAndTime";"Average"
2015-03-29 00:00:33;335.686824278977
2015-03-29 00:01:28;342.38483434025
2015-03-29 00:04:14;359.899606553467
2015-03-29 00:05:16;349.665034630834
2015-03-29 00:05:52;341.348703340242
2015-03-29 00:06:16;355.938498111879
2015-03-29 00:06:50;347.845794516522
2015-03-29 00:07:00;331.862884421465
2015-03-29 00:07:06;344.275730651692
2015-03-29 00:08:08;355.387595019576
2015-03-29 00:08:36;382.491714850845
2015-03-29 00:09:26;393.175541479058
2015-03-29 00:09:59;370.178272479868
2015-03-29 00:12:03;357.091727204531
2015-03-29 00:15:08;349.342114163503
2015-03-29 00:15:41;353.558943368709
2015-03-29 00:16:34;348.906721394458
2015-03-29 00:16:57;349.580033160453
2015-03-29 00:18:12;346.718668350382
2015-03-29 00:19:58;356.507998538077
2015-03-29 00:20:08;356.372045698145
2015-03-29 00:20:19;343.968474733489
2015-03-29 00:22:50;353.745096654445
2015-03-29 00:24:42;352.467379366642
2015-03-29 00:27:53;355.338479252971
2015-03-29 00:29:45;360.419221479627
2015-03-29 00:30:53;572.391133524352
2015-03-29 00:30:53;584.646703005493
2015-03-29 00:34:38;352.619199002958
2015-03-29 00:35:10;361.016877348524
2015-03-29 00:35:15;365.92126076305
2015-03-29 00:35:26;365.246524022684
2015-03-29 00:35:51;364.646883864486
2015-03-29 00:37:24;366.206567569213
2015-03-29 00:38:26;380.023609279878
2015-03-29 00:39:41;361.756388314546
2015-03-29 00:41:21;356.221723074055
2015-03-29 00:43:12;377.782725942523
2015-03-29 00:44:42;351.99360696531
2015-03-29 00:47:42;350.493185938503
2015-03-29 00:47:43;347.135010804967
2015-03-29 00:48:37;366.286493468001
2015-03-29 00:54:02;393.19654955652
2015-03-29 00:54:06;383.947880837174
2015-03-29 00:54:53;343.781456431833
2015-03-29 00:56:55;342.853122530082
2015-03-29 00:58:37;346.649173188731
2015-03-29 00:59:20;344.074860531605
2015-03-29 00:59:57;356.8591708634
2015-03-29 01:04:15;353.406070774122
2015-03-29 01:05:47;351.544758588463
2015-03-29 01:06:00;381.200781686194
2015-03-29 01:06:04;380.672089877309
2015-03-29 01:06:05;348.939300510488
2015-03-29 01:08:07;340.079924976431
2015-03-29 01:08:10;338.341301694767
2015-03-29 01:08:28;344.217339201307
2015-03-29 01:08:31;328.238139223084
2015-03-29 01:08:33;330.354156125655
2015-03-29 01:14:52;343.140305805503
2015-03-29 01:18:11;325.625010502848
2015-03-29 01:19:21;338.876881116141
2015-03-29 01:22:36;335.097207890247
2015-03-29 01:22:54;341.439616815678
2015-03-29 01:23:54;337.743790458878
2015-03-29 01:25:02;340.199616509711
2015-03-29 01:29:34;346.676576423447
2015-03-29 01:31:34;345.553172436677
2015-03-29 01:32:08;344.062805336433
2015-03-29 01:34:24;337.662309369023
2015-03-29 01:35:13;331.598255916321
2015-03-29 01:41:13;333.706639722773
2015-03-29 01:41:29;359.036181593572
2015-03-29 01:42:20;342.747360339753
2015-03-29 01:43:03;345.105944925407
2015-03-29 01:45:43;342.572630236167
2015-03-29 01:49:15;364.327686247798
2015-03-29 01:55:24;392.510031002126
2015-03-29 01:57:23;398.737098680548
2015-03-29 01:57:44;378.640277934849
2015-03-29 01:57:52;373.462578537375
2015-03-29 01:58:32;383.296798954154
2015-03-29 01:59:23;339.535073864446
2015-03-29 03:04:25;341.516646579943
2015-03-29 03:06:04;385.376779193772
2015-03-29 03:07:39;343.264854379917
2015-03-29 03:07:58;335.234714678352
2015-03-29 03:16:05;335.281279569791
2015-03-29 03:18:17;361.341604955301
2015-03-29 03:18:28;366.171810014192
2015-03-29 03:18:57;360.807268030017
2015-03-29 03:19:21;374.527049961547
2015-03-29 03:22:40;357.176950644431
2015-03-29 03:23:57;351.551895835779
2015-03-29 03:24:21;357.872497180053
2015-03-29 03:24:55;358.619956012653
2015-03-29 03:25:56;343.94898290484
2015-03-29 03:26:40;344.901981756912
2015-03-29 03:26:42;338.480102711812
2015-03-29 03:27:39;342.263524936783
2015-03-29 03:31:10;385.203720395614
2015-03-29 03:32:20;350.825340717091
2015-03-29 03:39:41;368.533795559263
2015-03-29 03:41:53;642.140167499648
2015-03-29 03:46:29;344.275741512557
2015-03-29 03:48:54;361.894879740719
2015-03-29 03:53:03;353.769702590218
2015-03-29 03:55:58;393.255518564763
2015-03-29 03:56:51;376.739167140987
2015-03-29 03:56:52;371.559049017888
2015-03-29 03:59:50;427.420129321608
2015-03-29 04:02:11;429.175515522753
2015-03-29 04:02:43;420.096432001243
2015-03-29 04:08:34;396.166676486504
2015-03-29 04:10:42;369.982144955206
2015-03-29 04:11:34;388.580321135332
2015-03-29 04:16:16;397.474572168642
2015-03-29 04:24:01;373.542181579347
2015-03-29 04:25:28;385.098826052531
2015-03-29 04:28:06;363.218576276356
2015-03-29 04:29:55;365.320230505876
2015-03-29 04:34:13;353.315805699863
2015-03-29 04:41:01;358.835423124435
2015-03-29 04:42:42;360.651094864976
2015-03-29 04:43:20;361.285514383045
2015-03-29 04:43:30;362.183693655297
2015-03-29 04:44:15;358.276401520687
2015-03-29 04:49:04;347.199354529073
2015-03-29 04:50:54;368.12838225621
2015-03-29 04:53:55;360.344465726628
2015-03-29 04:53:56;349.0198896105
2015-03-29 04:55:12;353.081851023074
2015-03-29 04:57:57;336.620057259588
2015-03-29 05:05:48;324.954101189383
2015-03-29 05:10:48;343.432765959615
2015-03-29 05:10:50;359.86474918398
2015-03-29 05:10:52;358.648634448602
2015-03-29 05:11:38;341.597776221171
2015-03-29 05:15:08;326.96743453553
2015-03-29 05:20:23;335.841357815199
2015-03-29 05:25:36;364.108569597408
2015-03-29 05:32:49;331.914145324526
2015-03-29 05:35:28;345.163704190061
2015-03-29 05:37:06;359.653539470607
2015-03-29 05:43:18;351.45703416473
2015-03-29 05:47:13;341.194149502371
2015-03-29 05:49:48;339.732901053528
2015-03-29 06:05:45;371.651555289466
2015-03-29 06:08:24;357.251808358415
2015-03-29 06:09:35;348.853254231109
2015-03-29 06:09:40;350.509362457006
2015-03-29 06:11:57;348.843381948189
2015-03-29 06:17:15;333.079758295163
2015-03-29 06:23:55;371.974373759869
2015-03-29 06:24:50;350.776245337383
2015-03-29 06:24:57;351.97800534554
2015-03-29 06:29:25;332.570800184502
2015-03-29 06:35:54;344.271097264102
2015-03-29 06:42:16;334.90978459734
2015-03-29 06:45:02;334.598192017309
2015-03-29 07:01:01;360.314518022832
2015-03-29 07:08:59;332.457102720007
2015-03-29 07:16:53;350.7468387315
2015-03-29 07:17:41;354.932200548719
2015-03-29 07:19:59;346.124206950025
2015-03-29 07:23:18;344.756101478365
2015-03-29 07:24:03;334.806086402746
2015-03-29 07:24:05;328.406516245565
2015-03-29 07:24:41;322.430123661291
2015-03-29 07:28:29;334.732659546352
2015-03-29 07:31:57;339.222110918545
2015-03-29 07:31:59;333.108568296046
2015-03-29 07:33:08;336.827575169915
2015-03-29 07:33:47;326.541537811371
2015-03-29 07:36:08;344.36836830899
2015-03-29 07:37:51;344.727665739369
2015-03-29 07:42:05;323.120928331539
2015-03-29 07:45:07;317.22912145878
2015-03-29 07:46:06;322.335200671712
2015-03-29 07:46:50;340.821916531799
2015-03-29 07:53:34;325.950395305997
2015-03-29 07:54:59;323.558154758752
2015-03-29 07:55:19;345.013975586922
2015-03-29 07:55:27;329.490458036547
2015-03-29 07:56:45;351.920196991379
2015-03-29 07:56:46;331.818483680614
2015-03-29 07:56:49;349.950487420018
2015-03-29 07:57:20;323.340063066534
2015-03-29 07:58:29;321.598506972824
2015-03-29 08:01:58;316.216797522057
2015-03-29 08:02:03;314.004138377975
2015-03-29 08:04:45;330.397875328892
2015-03-29 08:10:10;321.489688104514
2015-03-29 08:10:51;309.01274675724
2015-03-29 08:12:57;326.126733156936
2015-03-29 08:19:44;334.841941032224
2015-03-29 08:21:36;303.953919409745
2015-03-29 08:21:44;313.807773857271
2015-03-29 08:22:41;344.595769979719
2015-03-29 08:22:48;331.716044785377
2015-03-29 08:22:50;328.205369571352
2015-03-29 08:22:57;328.372233719747
2015-03-29 08:22:58;344.152973531144
2015-03-29 08:23:40;336.379711345521
2015-03-29 08:26:23;327.344292033628
2015-03-29 08:29:09;322.912870802266
2015-03-29 08:31:28;340.768589194895
2015-03-29 08:32:52;344.167976986059
2015-03-29 08:33:11;352.941578273347
2015-03-29 08:35:36;349.049335046611
2015-03-29 08:36:57;335.22305753444
2015-03-29 08:37:38;347.249225456449
2015-03-29 08:38:58;341.529207489368
2015-03-29 08:42:31;321.195439651366
2015-03-29 08:43:20;317.973019642367
2015-03-29 08:45:48;331.338888817394
2015-03-29 08:45:50;330.77390939534
2015-03-29 08:45:51;335.933492087904
2015-03-29 08:47:10;354.893591689185
2015-03-29 08:50:15;329.292289591991
2015-03-29 08:52:03;342.312659071954
2015-03-29 08:52:41;322.104365665802
2015-03-29 08:56:46;316.981012433223
2015-03-29 09:00:06;318.997541312709
2015-03-29 09:00:09;316.082657984398
2015-03-29 09:02:49;339.027339672742
2015-03-29 09:05:37;309.815926619329
2015-03-29 09:06:38;318.300316643673
2015-03-29 09:07:33;333.964494957861
2015-03-29 09:09:12;347.768919765803
2015-03-29 09:09:14;318.039838867949
2015-03-29 09:11:17;330.426467169495
2015-03-29 09:11:19;331.257602222293
2015-03-29 09:13:43;337.260495985169
2015-03-29 09:15:02;322.996804181098
2015-03-29 09:16:58;315.190495321881
2015-03-29 09:18:23;341.657189852716
2015-03-29 09:22:13;325.480556295702
2015-03-29 09:22:17;335.224949434153
2015-03-29 09:23:48;365.651888018031
2015-03-29 09:24:22;347.71768004171
2015-03-29 09:24:30;347.353866232589
2015-03-29 09:24:37;345.775311566248
2015-03-29 09:24:40;345.421276419287
2015-03-29 09:25:25;336.733157064411
2015-03-29 09:29:24;315.688495384216
2015-03-29 09:29:45;331.231553155972
2015-03-29 09:32:11;341.724166009384
2015-03-29 09:32:39;320.158545047542
2015-03-29 09:34:11;320.310958955162
2015-03-29 09:34:39;324.384242737684
2015-03-29 09:38:51;327.288713650694
2015-03-29 09:38:58;329.334909169816
2015-03-29 09:40:03;332.931439775757
2015-03-29 09:40:10;323.780214465882
2015-03-29 09:44:04;332.969037418501
2015-03-29 09:44:09;332.368399874553
2015-03-29 09:44:16;329.270282982623
2015-03-29 09:44:39;334.482901916335
2015-03-29 09:45:07;354.307703754625
2015-03-29 09:45:29;352.331824062191
2015-03-29 09:45:31;354.098234419361
2015-03-29 09:46:33;367.198203970428
2015-03-29 09:47:23;355.963857896909
2015-03-29 09:47:26;348.423145357289
2015-03-29 09:47:37;349.120133025823
2015-03-29 09:48:49;337.341305149253
2015-03-29 09:49:11;337.375408575237
2015-03-29 09:49:40;332.983126619081
2015-03-29 09:49:54;322.95239207628
2015-03-29 09:50:19;337.541891770495
2015-03-29 09:50:27;332.924177146055
2015-03-29 09:51:10;310.417791566504
2015-03-29 09:51:23;308.979754465094
2015-03-29 09:51:25;310.722771262826
2015-03-29 09:52:25;311.729376200525
2015-03-29 09:52:32;324.282765023728
2015-03-29 09:54:25;307.783165674098
2015-03-29 09:54:56;317.888423663753
2015-03-29 09:55:58;338.224497905293
2015-03-29 09:56:00;331.106924242118
2015-03-29 09:56:42;333.001582340361
2015-03-29 09:58:40;334.214850591124
2015-03-29 10:03:22;318.748439105902
2015-03-29 10:04:42;312.203892693075
2015-03-29 10:05:02;312.93508669807
2015-03-29 10:05:11;324.170776546393
2015-03-29 10:05:26;339.840143825581
2015-03-29 10:05:27;338.946523835281
2015-03-29 10:05:54;336.668990542326
2015-03-29 10:08:11;341.552798691629
2015-03-29 10:08:13;340.587173204654
2015-03-29 10:08:15;339.371323427332
2015-03-29 10:10:37;325.121965215367
2015-03-29 10:11:44;354.421314118612
2015-03-29 10:14:15;340.415325383579
2015-03-29 10:14:53;333.335012574069
2015-03-29 10:15:27;330.329309641172
2015-03-29 10:16:02;318.559743617166
2015-03-29 10:18:00;336.025831480519
2015-03-29 10:18:05;339.640277981867
2015-03-29 10:18:14;336.951603316769
2015-03-29 10:18:16;340.766208062841
2015-03-29 10:19:21;389.620897881701
2015-03-29 10:20:43;341.971685689896
2015-03-29 10:21:05;346.116430708459
2015-03-29 10:21:45;341.136061349497
2015-03-29 10:21:56;336.868066407082
2015-03-29 10:22:06;351.503331266497
2015-03-29 10:23:41;342.127777648797
2015-03-29 10:23:44;330.428478001078
2015-03-29 10:23:46;329.444084400592
2015-03-29 10:23:56;328.359106517106
2015-03-29 10:23:59;326.985750994252
2015-03-29 10:25:04;338.319893139749
2015-03-29 10:25:17;334.757113353426
2015-03-29 10:25:20;335.471601094527
2015-03-29 10:25:25;333.95652822716
2015-03-29 10:26:05;328.491299898415
2015-03-29 10:26:14;351.722217862129
2015-03-29 10:26:49;345.641315300279
2015-03-29 10:27:03;342.674606019542
2015-03-29 10:27:44;344.212045686485
2015-03-29 10:29:11;336.504589497809
2015-03-29 10:29:34;343.583412770964
2015-03-29 10:29:55;338.83878749713
2015-03-29 10:30:06;332.45454699478
2015-03-29 10:30:45;346.989049961043
2015-03-29 10:30:49;328.992896415198
2015-03-29 10:31:23;341.363497882779
2015-03-29 10:31:46;331.82774951491
2015-03-29 10:31:55;337.472083196068
2015-03-29 10:31:57;326.269122941642
2015-03-29 10:32:27;331.873753855922
2015-03-29 10:33:03;331.769426635332
2015-03-29 10:33:09;330.529598858108
2015-03-29 10:33:17;335.576394490235
2015-03-29 10:33:18;341.298357352037
2015-03-29 10:34:24;331.748001930171
2015-03-29 10:34:35;355.874245195553
2015-03-29 10:34:45;347.521128457338
2015-03-29 10:35:34;331.174901565267
2015-03-29 10:35:35;335.233163478067
2015-03-29 10:35:48;336.539751775767
2015-03-29 10:35:53;328.72981426152
2015-03-29 10:35:55;332.108518402282
2015-03-29 10:37:55;334.347544109734
2015-03-29 10:37:57;330.819599786934
2015-03-29 10:38:12;345.922814096434
2015-03-29 10:38:51;346.926411618938
2015-03-29 10:39:14;339.741313444847
2015-03-29 10:39:36;333.319402688216
2015-03-29 10:39:43;327.056010247307
2015-03-29 10:39:59;330.857810452014
2015-03-29 10:42:56;367.041450818147
2015-03-29 10:43:18;345.82721667387
2015-03-29 10:44:16;360.782876447929
2015-03-29 10:44:18;335.625093452126
2015-03-29 10:44:23;335.536424989767
2015-03-29 10:44:52;334.459169215695
2015-03-29 10:45:41;343.788743538024
2015-03-29 10:45:46;345.400376557731
2015-03-29 10:45:51;344.689991263421
2015-03-29 10:46:11;345.981549520852
2015-03-29 10:46:24;335.014115813308
2015-03-29 10:48:52;325.056497056116
2015-03-29 10:50:31;328.153886198569
2015-03-29 10:51:19;332.295248864676
2015-03-29 10:51:25;341.733289595271
2015-03-29 10:52:24;340.745741119425
2015-03-29 10:52:27;370.58880227994
2015-03-29 10:52:49;337.329021083976
2015-03-29 10:52:55;334.624357917879
2015-03-29 10:53:03;348.455486251324
2015-03-29 10:54:12;358.713720914923
2015-03-29 10:55:01;357.082129654799
2015-03-29 10:55:53;342.135479098427
2015-03-29 10:56:42;376.767057000261
2015-03-29 10:57:04;337.543990702387
2015-03-29 10:57:33;336.484641453493
2015-03-29 10:57:38;374.675890234956
2015-03-29 10:58:25;354.699912077805
2015-03-29 10:58:34;352.863308957175
2015-03-29 10:58:38;441.740061084825
2015-03-29 10:59:28;352.499975627178
2015-03-29 10:59:31;350.107574427829
2015-03-29 10:59:56;360.701358307108
2015-03-29 11:01:17;349.103375803684
2015-03-29 11:02:54;339.013421399306
2015-03-29 11:02:59;339.093045901645
2015-03-29 11:03:08;335.583988219211
2015-03-29 11:03:56;347.977486783707
2015-03-29 11:04:07;349.296610915932
2015-03-29 11:04:10;350.60470573919
2015-03-29 11:05:08;334.287671392476
2015-03-29 11:05:52;338.593898617002
2015-03-29 11:06:59;329.489360649863
2015-03-29 11:08:14;340.081469561379
2015-03-29 11:08:22;328.758439164092
2015-03-29 11:09:22;327.663263607788
2015-03-29 11:09:50;333.165220195772
2015-03-29 11:09:57;336.868769827185
2015-03-29 11:12:20;322.345405012458
2015-03-29 11:12:24;325.160670700237
2015-03-29 11:12:37;322.901042234237
2015-03-29 11:13:05;333.628286391309
2015-03-29 11:13:09;329.805949138073
2015-03-29 11:14:21;352.887141496652
2015-03-29 11:14:23;459.368402151482
2015-03-29 11:14:43;373.209268071394
2015-03-29 11:15:14;353.416108775947
2015-03-29 11:16:45;362.96689981622
2015-03-29 11:16:49;358.680306957796
2015-03-29 11:18:13;347.785275815072
2015-03-29 11:19:01;348.132960626746
2015-03-29 11:19:54;335.026289913702
2015-03-29 11:20:08;359.235392781482
2015-03-29 11:21:01;355.31921039331
2015-03-29 11:21:16;321.207285189423
2015-03-29 11:21:48;360.494214752399
2015-03-29 11:21:52;334.99729053737
2015-03-29 11:21:58;345.361257514738
2015-03-29 11:22:02;344.956928381639
2015-03-29 11:22:50;344.346314201182
2015-03-29 11:22:56;342.723881950798
2015-03-29 11:22:58;345.635745575666
2015-03-29 11:23:01;347.293740913338
2015-03-29 11:23:10;348.180225596832
2015-03-29 11:23:11;350.487493829426
2015-03-29 11:23:13;347.903761533293
2015-03-29 11:23:21;356.314970376824
2015-03-29 11:23:35;351.608421470902
2015-03-29 11:24:13;342.033744064114
2015-03-29 11:24:15;341.937976005713
2015-03-29 11:24:28;363.85904649957
2015-03-29 11:24:53;352.00009862724
2015-03-29 11:25:05;363.089259630287
2015-03-29 11:25:12;341.000224279059
2015-03-29 11:25:19;348.612470033955
2015-03-29 11:25:23;375.738698223826
2015-03-29 11:25:25;377.653695338735
2015-03-29 11:25:56;331.672160842758
2015-03-29 11:26:05;360.461983426967
2015-03-29 11:26:06;363.733770295382
2015-03-29 11:26:13;360.528013588837
2015-03-29 11:26:15;355.348273448679
2015-03-29 11:26:29;354.570560767731
2015-03-29 11:26:31;353.903877471997
2015-03-29 11:26:35;348.366010551912
2015-03-29 11:26:41;341.224202585361
2015-03-29 11:26:47;332.53066899188
2015-03-29 11:26:58;340.089859978633
2015-03-29 11:27:00;338.481672679546
2015-03-29 11:27:03;335.248466280361
2015-03-29 11:27:10;336.998081692068
2015-03-29 11:27:20;334.006050607662
2015-03-29 11:27:46;331.127685556993
2015-03-29 11:28:15;337.883924310916
2015-03-29 11:29:32;344.341820860184
2015-03-29 11:30:11;342.480882021057
2015-03-29 11:32:01;317.677069278392
2015-03-29 11:32:05;327.107265194302
2015-03-29 11:32:27;370.384894112083
2015-03-29 11:32:34;356.577114565494
2015-03-29 11:32:51;345.559436838377
2015-03-29 11:33:00;395.439163625244
2015-03-29 11:33:06;364.019261649352
2015-03-29 11:33:59;383.207168121569
2015-03-29 11:34:01;365.392641264055
2015-03-29 11:34:06;378.095722194754
2015-03-29 11:35:03;352.463027258698
2015-03-29 11:35:07;353.378837285988
2015-03-29 11:35:41;367.368381425156
2015-03-29 11:35:46;364.180830926375
2015-03-29 11:36:19;351.952974867754
2015-03-29 11:37:12;365.968731625007
2015-03-29 11:37:20;365.145485374583
2015-03-29 11:38:02;366.033239633339
2015-03-29 11:38:19;355.151018072665
2015-03-29 11:38:47;363.580157780373
2015-03-29 11:40:27;365.535121588051
2015-03-29 11:41:41;359.269593101053
2015-03-29 11:42:15;372.804541971132
2015-03-29 11:42:52;365.744932742903
2015-03-29 11:42:54;377.516764288685
2015-03-29 11:44:08;359.738367820568
2015-03-29 11:44:15;381.620711725304
2015-03-29 11:44:54;367.578790206089
2015-03-29 11:46:45;366.739981369231
2015-03-29 11:46:46;364.170283784735
2015-03-29 11:47:10;355.600436338589
2015-03-29 11:47:31;359.647320118507
2015-03-29 11:48:19;383.289994359967
2015-03-29 11:48:51;347.893314617701
2015-03-29 11:48:56;380.986007926107
2015-03-29 11:49:22;380.536490354262
2015-03-29 11:49:31;374.878402909861
2015-03-29 11:49:36;363.883092572609
2015-03-29 11:49:39;376.163896252019
2015-03-29 11:50:02;367.358680281315
2015-03-29 11:50:04;365.499143748247
2015-03-29 11:50:10;363.654085509919
2015-03-29 11:51:14;356.032387387731
2015-03-29 11:51:56;354.115650348678
2015-03-29 11:52:04;361.636734002299
2015-03-29 11:52:43;342.646715815616
2015-03-29 11:53:03;351.187512164369
2015-03-29 11:53:18;347.544309529926
2015-03-29 11:53:41;356.244482857513
2015-03-29 11:53:48;355.958289240004
2015-03-29 11:54:05;351.878040794463
2015-03-29 11:54:12;347.986722545341
2015-03-29 11:54:18;345.113100625054
2015-03-29 11:54:20;344.001595501804
2015-03-29 11:54:32;361.360774526084
2015-03-29 11:54:41;345.044327424809
2015-03-29 11:54:46;354.706131978888
2015-03-29 11:54:51;346.105113267268
2015-03-29 11:55:06;335.213526662901
2015-03-29 11:55:14;340.847945641336
2015-03-29 11:55:18;342.732599940197
2015-03-29 11:55:33;339.769400917322
2015-03-29 11:55:46;337.117275153649
2015-03-29 11:56:09;338.360522995483
2015-03-29 11:56:55;335.348065864825
2015-03-29 11:56:58;337.473007538441
2015-03-29 11:57:01;335.153049194871
2015-03-29 11:57:43;331.359797765555
2015-03-29 11:57:51;324.325168624624
2015-03-29 11:57:57;340.239593156459
2015-03-29 11:58:03;323.318343234329
2015-03-29 11:58:05;340.353716150385
2015-03-29 11:59:09;329.055818719412
2015-03-29 11:59:45;339.0241870279
2015-03-29 12:00:00;328.398847500183
2015-03-29 12:00:03;330.051328918625
2015-03-29 12:00:05;329.614283825191
2015-03-29 12:00:18;340.007202125775
2015-03-29 12:00:24;340.853804519525
2015-03-29 12:01:55;355.121749802875
2015-03-29 12:02:40;367.343153794619
2015-03-29 12:04:30;366.997683165946
2015-03-29 12:04:57;345.660423290827
2015-03-29 12:07:07;347.795621783676
2015-03-29 12:07:28;342.960381522
2015-03-29 12:07:56;341.599347486453
2015-03-29 12:08:23;336.880285249542
2015-03-29 12:08:35;335.357768861427
2015-03-29 12:08:38;334.044938198883
2015-03-29 12:08:43;332.752233560298
2015-03-29 12:08:58;333.70400320266
2015-03-29 12:09:17;345.755285728707
2015-03-29 12:09:32;347.139831289134
2015-03-29 12:09:34;332.56220746547
2015-03-29 12:10:16;333.783497505206
2015-03-29 12:10:17;357.34548706243
2015-03-29 12:10:28;345.651743654251
2015-03-29 12:11:31;329.273059697841
2015-03-29 12:11:38;344.042246592482
2015-03-29 12:12:40;337.878053328443
2015-03-29 12:13:05;340.295510882109
2015-03-29 12:14:37;334.079188874108
2015-03-29 12:14:47;327.529976705702
2015-03-29 12:14:51;332.77237814491
2015-03-29 12:16:22;322.959981456126
2015-03-29 12:16:58;415.192409704702
2015-03-29 12:17:01;334.759492463473
2015-03-29 12:17:49;334.990018911236
2015-03-29 12:18:10;337.799489329043
2015-03-29 12:18:53;341.641640106838
2015-03-29 12:19:05;330.329340059933
2015-03-29 12:20:00;340.667530644477
2015-03-29 12:20:11;339.847161961184
2015-03-29 12:20:17;323.528222136037
2015-03-29 12:20:26;327.241261747941
2015-03-29 12:20:30;326.594618443635
2015-03-29 12:20:59;321.919171455907
2015-03-29 12:21:01;325.40980706082
2015-03-29 12:21:03;326.478488374614
2015-03-29 12:21:14;323.741096946245
2015-03-29 12:21:34;320.545643835555
2015-03-29 12:21:38;337.443982174361
2015-03-29 12:22:44;323.341139740019
2015-03-29 12:22:45;321.145704493728
2015-03-29 12:22:47;327.228165271218
2015-03-29 12:23:03;341.518137114945
2015-03-29 12:23:24;334.123191922367
2015-03-29 12:23:45;323.994782175312
2015-03-29 12:23:54;332.373167159519
2015-03-29 12:24:06;337.751942258928
2015-03-29 12:24:34;328.103465585175
2015-03-29 12:24:36;330.39934887154
2015-03-29 12:24:38;331.203168253322
2015-03-29 12:24:42;349.854311075569
2015-03-29 12:24:44;333.099109754114
2015-03-29 12:24:46;334.215991338214
2015-03-29 12:24:58;329.044434774257
2015-03-29 12:25:01;328.936341108169
2015-03-29 12:25:03;328.870468094112
2015-03-29 12:25:07;327.413526459957
2015-03-29 12:25:11;329.348446286896
2015-03-29 12:25:12;339.673412240017
2015-03-29 12:25:29;331.61155062038
2015-03-29 12:26:06;326.685043756416
2015-03-29 12:26:59;327.366863492198
2015-03-29 12:27:02;322.130176014874
2015-03-29 12:27:06;331.741737922057
2015-03-29 12:27:40;356.653112116193
2015-03-29 12:28:11;349.948624545952
2015-03-29 12:28:35;342.879296084041
2015-03-29 12:29:00;351.828077053882
2015-03-29 12:29:07;345.360193278984
2015-03-29 12:29:45;338.921777897919
2015-03-29 12:30:04;351.270902701493
2015-03-29 12:30:19;341.788672312399
2015-03-29 12:32:14;361.828551177065
2015-03-29 12:32:18;360.621804270336
2015-03-29 12:32:27;346.975028891773
2015-03-29 12:32:51;350.815264053283
2015-03-29 12:33:05;342.169025185941
2015-03-29 12:33:32;352.110907587752
2015-03-29 12:33:34;350.83485467245
2015-03-29 12:33:54;355.257452239003
2015-03-29 12:34:13;341.914110637916
2015-03-29 12:36:00;352.755324357239
2015-03-29 12:36:08;345.419296763361
2015-03-29 12:36:54;342.352273090031
2015-03-29 12:37:02;364.002870322349
2015-03-29 12:37:05;349.710084794155
2015-03-29 12:37:27;341.248146601435
2015-03-29 12:37:39;349.511049692697
2015-03-29 12:38:38;345.34847811614
2015-03-29 12:38:54;349.33139991414
2015-03-29 12:39:20;346.8336283465
2015-03-29 12:39:25;343.693188027413
2015-03-29 12:39:28;342.298727312397
2015-03-29 12:39:48;338.950579512017
2015-03-29 12:40:16;339.721816209691
2015-03-29 12:40:22;349.757058164986
2015-03-29 12:41:26;330.919755232727
2015-03-29 12:41:30;329.574080806939
2015-03-29 12:41:34;351.783106741429
2015-03-29 12:42:11;336.722083728702
2015-03-29 12:43:13;351.253572490909
2015-03-29 12:43:34;353.545959365842
2015-03-29 12:43:47;350.336009371452
2015-03-29 12:44:21;339.606864069782
2015-03-29 12:44:23;336.043661347953
2015-03-29 12:45:21;344.929456366153
2015-03-29 12:45:31;348.552679413428
2015-03-29 12:46:10;378.431833357121
2015-03-29 12:46:13;350.512174562679
2015-03-29 12:46:51;350.206904983864
2015-03-29 12:47:31;347.555017632102
2015-03-29 12:47:34;348.096775719797
2015-03-29 12:48:23;354.461695529147
2015-03-29 12:48:32;338.150056613408
2015-03-29 12:48:35;333.450560612974
2015-03-29 12:48:37;331.904305833282
2015-03-29 12:49:22;344.252231390562
2015-03-29 12:49:26;338.275524457151
2015-03-29 12:49:30;333.845430406099
2015-03-29 12:49:33;328.293037298481
2015-03-29 12:49:35;334.612468326474
2015-03-29 12:49:40;341.170405286896
2015-03-29 12:49:42;334.314830900304
2015-03-29 12:49:54;328.054569796876
2015-03-29 12:49:59;333.537307513384
2015-03-29 12:50:10;328.833842192394
2015-03-29 12:50:13;330.030033682025
2015-03-29 12:50:16;327.553586936759
2015-03-29 12:50:19;332.312965840349
2015-03-29 12:50:24;331.449605901464
2015-03-29 12:50:30;326.299619545794
2015-03-29 12:54:13;349.212088043367
2015-03-29 12:54:46;375.953406270182
2015-03-29 12:55:40;355.327540256976
2015-03-29 12:55:42;352.527430281783
2015-03-29 12:55:44;351.650620587699
2015-03-29 12:55:46;350.528715786933
2015-03-29 12:55:48;347.236993948904
2015-03-29 12:57:06;358.210296813797
2015-03-29 12:57:42;337.743516238854
2015-03-29 12:58:22;379.271271025545
2015-03-29 12:58:25;350.211489625926
2015-03-29 12:59:17;355.292451886444
2015-03-29 12:59:26;359.23540650385
2015-03-29 12:59:45;353.942441338742
2015-03-29 12:59:52;354.903450288082
2015-03-29 13:00:21;358.024908596651
2015-03-29 13:00:25;341.727576889159
2015-03-29 13:00:29;365.912754512431
2015-03-29 13:01:19;350.426770745865
2015-03-29 13:01:44;347.215164028652
2015-03-29 13:01:57;347.742708381065
2015-03-29 13:02:11;343.760219050975
2015-03-29 13:02:14;364.23287783086
2015-03-29 13:02:29;342.103091919763
2015-03-29 13:02:31;352.447547949925
2015-03-29 13:02:33;379.91224935968
2015-03-29 13:02:47;356.654756280092
2015-03-29 13:03:34;358.677505184879
2015-03-29 13:04:05;350.393779497229
2015-03-29 13:04:14;359.571967983788
2015-03-29 13:05:20;360.338556356583
2015-03-29 13:05:28;361.858356884802
2015-03-29 13:06:40;361.655475259772
2015-03-29 13:06:44;365.485425035477
2015-03-29 13:06:51;364.579008730083
2015-03-29 13:06:55;350.523208509974
2015-03-29 13:06:58;348.182140460034
2015-03-29 13:06:59;357.981554479078
2015-03-29 13:07:31;350.18097698542
2015-03-29 13:07:45;341.179439876786
2015-03-29 13:07:56;347.559134132075
2015-03-29 13:08:04;357.079417443655
2015-03-29 13:08:18;346.926913805817
2015-03-29 13:08:20;344.987757257149
2015-03-29 13:08:42;339.522300062716
2015-03-29 13:08:56;438.478606374736
2015-03-29 13:09:16;366.020927866936
2015-03-29 13:09:34;354.510566548919
2015-03-29 13:10:08;362.878398235618
2015-03-29 13:10:10;361.162249474325
2015-03-29 13:10:49;351.191895904192
2015-03-29 13:11:14;357.305779826649
2015-03-29 13:13:23;350.843022364545
2015-03-29 13:13:28;350.120481011561
2015-03-29 13:14:37;346.250108260389
2015-03-29 13:14:44;341.416305545404
2015-03-29 13:14:46;342.903408547157
2015-03-29 13:14:49;349.67463362057
2015-03-29 13:15:07;349.842784692222
2015-03-29 13:15:14;348.881802650566
2015-03-29 13:16:02;349.318842468354
2015-03-29 13:16:18;353.489149681263
2015-03-29 13:16:49;345.653053721078
2015-03-29 13:16:56;344.599579883219
2015-03-29 13:17:01;344.272234154306
2015-03-29 13:17:07;343.569290890097
2015-03-29 13:17:17;342.275081714038
2015-03-29 13:17:30;346.743803605924
2015-03-29 13:18:31;344.416664723749
2015-03-29 13:18:42;343.346356877725
2015-03-29 13:18:59;348.93532665687
2015-03-29 13:19:03;333.955043690308
2015-03-29 13:19:14;347.357079403372
2015-03-29 13:19:20;361.08912365839
2015-03-29 13:19:24;457.035645679286
2015-03-29 13:20:09;367.155676332201
2015-03-29 13:20:09;376.754511159581
2015-03-29 13:20:54;396.626703652535
2015-03-29 13:21:28;358.925016912681
2015-03-29 13:21:56;363.094172405194
2015-03-29 13:21:59;363.968852491271
2015-03-29 13:22:10;359.075836045904
2015-03-29 13:22:42;350.873242559554
2015-03-29 13:22:48;355.591991311814
2015-03-29 13:23:05;351.469309114914
2015-03-29 13:23:09;349.401850305958
2015-03-29 13:23:12;351.126688195998
2015-03-29 13:23:24;343.753887420444
2015-03-29 13:23:26;344.550424655053
2015-03-29 13:23:27;348.93359829352
2015-03-29 13:23:30;346.601964356098
2015-03-29 13:23:31;343.159588572731
2015-03-29 13:23:57;344.947035278647
2015-03-29 13:24:00;341.732343403607
2015-03-29 13:24:04;346.636176563044
2015-03-29 13:24:10;342.943391190861
2015-03-29 13:24:35;349.596509920885
2015-03-29 13:24:52;339.405735185061
2015-03-29 13:25:00;339.097853316162
2015-03-29 13:25:03;341.969010903818
2015-03-29 13:25:10;337.954225895725
2015-03-29 13:25:18;337.741602113697
2015-03-29 13:25:22;335.914904216339
2015-03-29 13:25:37;353.22759380155
2015-03-29 13:25:39;346.614394731208
2015-03-29 13:25:55;342.942764335297
2015-03-29 13:25:58;348.467979879274
2015-03-29 13:26:04;355.128143223603
2015-03-29 13:26:10;346.753508643198
2015-03-29 13:26:18;345.218708453873
2015-03-29 13:26:22;343.678440471998
2015-03-29 13:27:27;347.363239711697
2015-03-29 13:27:49;347.014228015481
2015-03-29 13:27:58;352.577832728753
2015-03-29 13:28:46;351.352553252037
2015-03-29 13:28:54;355.667801731209
2015-03-29 13:29:20;345.428285241648
2015-03-29 13:29:55;373.424881027323
2015-03-29 13:29:56;362.026756029155
2015-03-29 13:30:00;359.602704477116
2015-03-29 13:30:04;451.561111507758
2015-03-29 13:30:09;370.554033342018
2015-03-29 13:30:24;356.417905276595
2015-03-29 13:30:26;354.360028937609
2015-03-29 13:30:59;355.212835780846
2015-03-29 13:31:18;352.154551084634
2015-03-29 13:32:22;360.787930774691
2015-03-29 13:32:51;383.445749005823
2015-03-29 13:33:07;375.470334750351
2015-03-29 13:33:34;372.882953621189
2015-03-29 13:35:06;370.271120176
2015-03-29 13:35:14;383.331269706506
2015-03-29 13:35:15;371.166621203714
2015-03-29 13:35:21;366.223448855195
2015-03-29 13:35:57;360.062506251434
2015-03-29 13:36:13;365.801328774113
2015-03-29 13:36:20;363.82750327771
2015-03-29 13:36:21;361.341258852006
2015-03-29 13:36:37;352.25476278534
2015-03-29 13:36:45;349.551015262152
2015-03-29 13:36:50;381.378051874474
2015-03-29 13:36:53;383.34707062922
2015-03-29 13:37:24;354.634558551462
2015-03-29 13:37:33;362.268460586411
2015-03-29 13:37:38;359.603043013367
2015-03-29 13:37:46;360.042061130632
2015-03-29 13:38:18;355.307570297983
2015-03-29 13:38:43;361.150383720071
2015-03-29 13:39:04;361.918160369602
2015-03-29 13:39:07;358.170609838376
2015-03-29 13:39:12;351.634500796425
2015-03-29 13:39:16;348.963150247334
2015-03-29 13:39:18;349.869905644688
2015-03-29 13:40:10;409.502107009394
2015-03-29 13:40:18;366.724881792219
2015-03-29 13:40:39;361.415016075743
2015-03-29 13:40:41;359.179223567764
2015-03-29 13:40:43;359.208506580497
2015-03-29 13:40:45;360.839555896181
2015-03-29 13:40:53;362.205516110134
2015-03-29 13:41:03;379.140985137581
2015-03-29 13:41:27;541.105867599608
2015-03-29 13:41:49;375.775452149463
2015-03-29 13:42:23;378.474088122305
2015-03-29 13:42:52;404.760104327812
2015-03-29 13:42:54;385.908618282246
2015-03-29 13:42:58;369.057141349127
2015-03-29 13:43:00;365.831824148352
2015-03-29 13:43:03;363.1913357438
2015-03-29 13:43:39;369.106283030007
2015-03-29 13:44:15;547.381321238708
2015-03-29 13:44:32;381.525412367438
2015-03-29 13:44:36;379.31731013115
2015-03-29 13:44:42;374.270961083738
2015-03-29 13:44:46;376.130711954066
2015-03-29 13:44:51;381.680084600056
2015-03-29 13:44:57;371.262214080435
2015-03-29 13:45:09;373.17418398554
2015-03-29 13:45:20;366.911468848512
2015-03-29 13:45:30;368.606341601655
2015-03-29 13:45:36;367.650749584495
2015-03-29 13:45:52;366.801043847588
2015-03-29 13:46:03;400.535745765701
2015-03-29 13:46:21;376.037098766089
2015-03-29 13:47:15;377.698135210642
2015-03-29 13:47:17;374.878147920013
2015-03-29 13:47:19;373.413485226029
2015-03-29 13:47:23;371.860703742394
2015-03-29 13:47:31;362.376503052001
2015-03-29 13:47:38;358.990577162078
2015-03-29 13:47:45;375.45408772518
2015-03-29 13:47:49;373.429234571501
2015-03-29 13:48:35;354.578565511511
2015-03-29 13:48:47;362.473014045856
2015-03-29 13:48:52;360.759895596184
2015-03-29 13:48:55;358.856335945625
2015-03-29 13:49:00;358.069832306039
2015-03-29 13:49:03;354.178842487546
2015-03-29 13:49:12;354.937003896558
2015-03-29 13:49:52;347.844900662397
2015-03-29 13:50:14;351.759834969438
2015-03-29 13:50:23;346.974847535478
2015-03-29 13:50:35;353.491367473877
2015-03-29 13:50:56;353.372429496933
2015-03-29 13:51:13;371.801907759912
2015-03-29 13:51:39;363.869048258437
2015-03-29 13:51:53;357.259660067155
2015-03-29 13:52:21;348.426549991757
2015-03-29 13:52:37;352.630219667846
2015-03-29 13:52:46;344.040951070782
2015-03-29 13:53:53;334.435865519425
2015-03-29 13:53:57;350.303901759233
2015-03-29 13:54:02;350.209129758025
2015-03-29 13:54:04;349.689918995642
2015-03-29 13:54:06;352.147282600444
2015-03-29 13:54:14;350.82075384509
2015-03-29 13:54:27;346.02872211391
2015-03-29 13:54:37;347.797408661804
2015-03-29 13:54:53;340.876176368648
2015-03-29 13:54:59;341.440958897765
2015-03-29 13:55:15;350.554647521786
2015-03-29 13:55:47;340.896256551152
2015-03-29 13:56:21;332.567693590873
2015-03-29 13:56:40;334.088042002052
2015-03-29 13:56:43;333.901635960017
2015-03-29 13:56:50;333.45338786625
2015-03-29 13:56:58;385.341752123574
2015-03-29 13:57:09;354.162784911079
2015-03-29 13:57:50;346.196571476726
2015-03-29 13:58:05;345.174112483321
2015-03-29 13:58:12;347.061981789778
2015-03-29 13:58:17;341.380094963137
2015-03-29 13:58:31;351.811033100566
2015-03-29 13:58:51;341.649681650963
2015-03-29 13:59:17;348.732085123857
2015-03-29 13:59:43;344.434297826687
2015-03-29 13:59:45;337.069910357204
2015-03-29 13:59:47;336.46822507097
2015-03-29 13:59:49;334.877020714251
2015-03-29 13:59:52;332.917631674169
2015-03-29 13:59:53;335.307627194079
2015-03-29 13:59:57;333.766315184952
2015-03-29 13:59:57;333.305315530031
2015-03-29 14:00:15;345.744979876761
2015-03-29 14:00:19;347.81132525369
2015-03-29 14:00:22;341.934018345272
2015-03-29 14:00:24;342.273279767978
2015-03-29 14:00:37;341.541237373495
2015-03-29 14:00:51;344.312455764004
2015-03-29 14:00:54;336.790280493148
2015-03-29 14:01:04;345.408094104184
2015-03-29 14:01:05;346.086875751294
2015-03-29 14:01:09;344.380228138757
2015-03-29 14:01:11;346.717734745717
2015-03-29 14:01:23;411.611087609763
2015-03-29 14:01:36;359.505620150766
2015-03-29 14:01:41;360.113650039821
2015-03-29 14:02:28;358.915159389058
2015-03-29 14:02:31;354.538297590106
2015-03-29 14:02:34;352.652836979728
2015-03-29 14:02:43;347.987305635983
2015-03-29 14:02:46;350.698778213174
2015-03-29 14:03:40;351.217587727055
2015-03-29 14:04:14;351.857962036159
2015-03-29 14:04:22;353.244613006521
2015-03-29 14:04:36;355.198984632107
2015-03-29 14:04:45;351.076656182965
2015-03-29 14:04:47;356.380267330394
2015-03-29 14:05:00;342.717790497208
2015-03-29 14:05:20;339.624263821544
2015-03-29 14:05:24;387.901523549266
2015-03-29 14:05:40;349.628038692591
2015-03-29 14:06:16;353.454138530334
2015-03-29 14:06:24;351.610879333201
2015-03-29 14:07:11;344.973245156656
2015-03-29 14:07:11;352.15989607822
2015-03-29 14:07:43;437.196007030808
2015-03-29 14:08:43;352.108609901631
2015-03-29 14:09:03;348.455647372124
2015-03-29 14:09:13;349.788277139558
2015-03-29 14:09:20;349.479827867705
2015-03-29 14:09:42;352.348333930277
2015-03-29 14:09:54;363.226996095925
2015-03-29 14:10:07;352.931995016562
2015-03-29 14:10:11;354.917695775808
2015-03-29 14:10:17;347.419151306741
2015-03-29 14:10:25;349.075080145151
2015-03-29 14:10:37;556.480954183859
2015-03-29 14:10:42;375.02867179125
2015-03-29 14:10:44;401.921216169252
2015-03-29 14:10:52;378.001905467154
2015-03-29 14:11:00;378.991467213464
2015-03-29 14:11:09;361.673722993425
2015-03-29 14:11:18;440.367236307566
2015-03-29 14:11:33;390.321302209033
2015-03-29 14:11:56;403.099655858284
2015-03-29 14:12:12;420.992550774171
2015-03-29 14:12:16;399.599113774351
2015-03-29 14:12:33;381.243005979431
2015-03-29 14:12:56;388.368138516302
2015-03-29 14:12:58;393.810231856535
2015-03-29 14:13:07;385.689675324557
2015-03-29 14:13:16;379.463751491875
2015-03-29 14:13:21;405.157695701858
2015-03-29 14:13:50;388.942963212342
2015-03-29 14:13:52;390.760210661887
2015-03-29 14:13:58;431.591440001373
2015-03-29 14:13:59;398.045111077637
2015-03-29 14:14:13;375.690197356931
2015-03-29 14:14:16;372.652197082654
2015-03-29 14:14:21;370.777611434886
2015-03-29 14:14:23;367.549717600802
2015-03-29 14:14:44;371.10340501251
2015-03-29 14:15:12;365.064212715085
2015-03-29 14:15:18;367.109399820398
2015-03-29 14:15:22;364.41392404994
2015-03-29 14:15:38;379.216028415294
2015-03-29 14:16:14;372.62434864427
2015-03-29 14:16:21;374.029849515746
2015-03-29 14:16:24;393.340922733327
2015-03-29 14:16:46;375.432562229527
2015-03-29 14:16:48;371.931640225462
2015-03-29 14:17:04;360.447348525181
2015-03-29 14:17:07;360.176276566418
2015-03-29 14:17:08;465.363257220955
2015-03-29 14:17:32;372.18961366981
2015-03-29 14:17:46;369.714893925002
2015-03-29 14:17:53;371.059288511995
2015-03-29 14:18:04;375.00329018424
2015-03-29 14:18:47;368.176692479779
2015-03-29 14:18:49;362.038908138056
2015-03-29 14:18:56;359.978019643984
2015-03-29 14:18:58;368.894746397727
2015-03-29 14:19:25;344.91147167223
2015-03-29 14:19:27;343.258216508149
2015-03-29 14:19:29;341.686343128997
2015-03-29 14:20:17;347.104368357999
2015-03-29 14:20:31;350.047375950241
2015-03-29 14:20:37;347.473021062815
2015-03-29 14:20:59;351.02608820446
2015-03-29 14:21:03;348.286388084309
2015-03-29 14:21:47;346.575895927046
2015-03-29 14:21:56;347.744515239731
2015-03-29 14:22:00;346.802969213629
2015-03-29 14:22:37;353.614531363765
2015-03-29 14:22:39;344.496011783169
2015-03-29 14:22:41;336.000622502264
2015-03-29 14:22:42;351.512778121241
2015-03-29 14:23:19;344.589859113946
2015-03-29 14:23:47;347.531465908701
2015-03-29 14:23:50;342.163028605807
2015-03-29 14:23:55;348.604930166811
2015-03-29 14:24:00;336.115768137131
2015-03-29 14:24:06;338.171019610108
2015-03-29 14:24:08;337.585617645248
2015-03-29 14:24:12;350.256726388253
2015-03-29 14:24:22;338.991815515743
2015-03-29 14:24:46;344.806373857681
2015-03-29 14:24:49;364.114283050912
2015-03-29 14:24:52;353.039268843543
2015-03-29 14:24:59;350.939692581898
2015-03-29 14:25:07;348.868593014819
2015-03-29 14:25:14;348.293529722897
2015-03-29 14:25:16;355.648965045599
2015-03-29 14:25:29;343.975867894331
2015-03-29 14:25:32;343.239814878026
2015-03-29 14:25:37;340.697015403235
2015-03-29 14:25:43;346.534287938309
2015-03-29 14:25:48;355.339352460231
2015-03-29 14:26:00;350.293411266242
2015-03-29 14:26:07;349.474991090208
2015-03-29 14:26:18;351.46918066355
2015-03-29 14:26:26;346.887630240526
2015-03-29 14:26:34;370.904523093477
2015-03-29 14:26:52;336.481015307849
2015-03-29 14:26:59;337.330508363262
2015-03-29 14:27:03;354.943516796402
2015-03-29 14:27:06;338.393997022785
2015-03-29 14:27:11;343.613224015105
2015-03-29 14:27:35;351.951665656078
2015-03-29 14:27:38;354.269161845196
2015-03-29 14:27:49;342.271743970786
2015-03-29 14:27:56;344.937029164178
2015-03-29 14:28:00;338.132578388568
2015-03-29 14:28:13;337.627927007545
2015-03-29 14:28:23;342.352167406175
2015-03-29 14:28:28;346.520604229179
2015-03-29 14:28:47;339.327871865808
2015-03-29 14:29:00;366.965018167581
2015-03-29 14:29:05;343.379371253226
2015-03-29 14:29:32;353.067433028387
2015-03-29 14:29:42;337.382110063099
2015-03-29 14:30:01;352.758117010881
2015-03-29 14:30:02;338.76421887137
2015-03-29 14:30:10;340.815617798958
2015-03-29 14:30:21;342.017880318742
2015-03-29 14:30:23;348.370709275113
2015-03-29 14:30:34;336.874245477234
2015-03-29 14:31:36;337.544399090822
2015-03-29 14:31:41;333.427522390245
2015-03-29 14:31:46;347.113637139434
2015-03-29 14:31:51;358.23771972618
2015-03-29 14:31:56;350.538804905151
2015-03-29 14:32:40;344.913892304979
2015-03-29 14:32:56;348.467186890376
2015-03-29 14:33:39;347.308352656363
2015-03-29 14:34:25;377.238652764465
2015-03-29 14:34:34;363.676213661552
2015-03-29 14:34:38;364.24843660692
2015-03-29 14:35:02;342.538999898921
2015-03-29 14:35:15;341.528690317646
2015-03-29 14:35:24;348.498582698787
2015-03-29 14:35:26;347.480415480218
2015-03-29 14:35:40;354.017304181646
2015-03-29 14:35:49;351.035688117914
2015-03-29 14:35:52;345.435637803721
2015-03-29 14:36:49;349.589258461104
2015-03-29 14:36:56;351.046681508302
2015-03-29 14:37:00;346.58039239356
2015-03-29 14:37:02;344.052514437081
2015-03-29 14:37:19;345.531333786178
2015-03-29 14:37:21;341.265835346364
2015-03-29 14:37:23;362.841081996464
2015-03-29 14:37:35;346.562753921382
2015-03-29 14:38:06;367.115209819002
2015-03-29 14:38:15;348.800897662597
2015-03-29 14:38:26;349.430110193664
2015-03-29 14:38:42;360.08111143496
2015-03-29 14:39:12;342.380409494152
2015-03-29 14:39:55;352.105770649203
2015-03-29 14:41:17;335.793143460722
2015-03-29 14:41:19;338.765302108134
2015-03-29 14:42:21;338.451036038308
2015-03-29 14:42:36;351.356158238818
2015-03-29 14:42:57;338.489497876527
2015-03-29 14:43:06;338.736930340818
2015-03-29 14:43:33;357.058052043267
2015-03-29 14:43:36;333.316038634855
2015-03-29 14:43:40;344.848953739064
2015-03-29 14:44:02;344.644618761562
2015-03-29 14:44:17;360.198550425443
2015-03-29 14:44:20;358.085478084214
2015-03-29 14:44:30;353.67001190511
2015-03-29 14:44:43;355.35782224841
2015-03-29 14:44:59;344.844594441773
2015-03-29 14:45:05;343.332065291867
2015-03-29 14:45:07;343.537926776169
2015-03-29 14:45:16;343.736385432378
2015-03-29 14:46:10;350.914348188707
2015-03-29 14:46:13;360.970388355109
2015-03-29 14:46:28;362.612072622116
2015-03-29 14:46:56;348.726018710847
2015-03-29 14:47:06;347.16763626772
2015-03-29 14:47:08;345.951315114061
2015-03-29 14:47:23;361.997211268478
2015-03-29 14:47:46;355.321548230761
2015-03-29 14:47:50;359.771211763951
2015-03-29 14:48:05;342.746336243142
2015-03-29 14:48:08;352.403104380649
2015-03-29 14:48:16;339.338052799311
2015-03-29 14:48:21;345.597882137516
2015-03-29 14:48:23;345.460967936595
2015-03-29 14:48:30;340.700820364882
2015-03-29 14:48:44;359.237307686786
2015-03-29 14:48:50;368.776092961699
2015-03-29 14:48:56;348.05302834882
2015-03-29 14:49:01;357.284718670012
2015-03-29 14:49:05;334.744173726492
2015-03-29 14:49:08;335.564758052941
2015-03-29 14:49:31;368.981525144802
2015-03-29 14:49:33;336.462205254199
2015-03-29 14:49:35;350.81749054301
2015-03-29 14:49:45;341.580196206122
2015-03-29 14:50:06;335.650072453229
2015-03-29 14:50:46;359.102444178911
2015-03-29 14:50:50;341.635074081439
2015-03-29 14:51:33;342.737917246547
2015-03-29 14:52:21;350.822750916489
2015-03-29 14:53:06;337.544593795419
2015-03-29 14:53:14;341.496876916079
2015-03-29 14:53:25;513.102542876515
2015-03-29 14:53:26;442.056820606624
2015-03-29 14:53:40;368.550584656502
2015-03-29 14:53:58;360.190605708329
2015-03-29 14:54:00;376.920820836425
2015-03-29 14:54:05;358.06673527981
2015-03-29 14:54:21;374.98763288787
2015-03-29 14:54:23;365.521514897415
2015-03-29 14:54:35;355.371140400774
2015-03-29 14:55:16;353.478423757422
2015-03-29 14:55:59;359.289241858772
2015-03-29 14:56:05;358.871815547855
2015-03-29 14:56:36;358.491486663908
2015-03-29 14:56:39;350.39490068539
2015-03-29 14:57:06;349.200293148226
2015-03-29 14:58:15;341.968260558471
2015-03-29 14:58:35;346.696718327203
2015-03-29 14:58:37;344.203370257993
2015-03-29 14:58:44;346.07488219077
2015-03-29 14:58:50;344.206708824969
2015-03-29 14:59:34;349.49555254377
2015-03-29 15:00:18;348.707901894055
2015-03-29 15:00:24;353.166260522845
2015-03-29 15:00:28;344.377353190272
2015-03-29 15:00:39;345.710583609551
2015-03-29 15:01:04;343.467835828292
2015-03-29 15:01:09;344.252907942482
2015-03-29 15:01:35;349.693568755134
2015-03-29 15:01:39;353.87256472122
2015-03-29 15:01:50;339.933931684138
2015-03-29 15:02:13;345.642464700256
2015-03-29 15:02:20;336.985789824639
2015-03-29 15:02:26;359.804569548142
2015-03-29 15:02:34;348.543636840402
2015-03-29 15:02:57;347.631546050275
2015-03-29 15:03:02;348.415914031842
2015-03-29 15:03:04;345.470329339146
2015-03-29 15:03:06;345.555959260727
2015-03-29 15:03:48;357.222366613709
2015-03-29 15:03:52;357.9686122595
2015-03-29 15:03:54;354.557379040912
2015-03-29 15:04:03;359.945995721034
2015-03-29 15:04:21;355.344573448552
2015-03-29 15:04:34;356.187315570033
2015-03-29 15:04:46;355.354942238744
2015-03-29 15:04:59;346.600053470792
2015-03-29 15:05:14;348.278238677408
2015-03-29 15:05:31;349.739397669789
2015-03-29 15:05:51;347.509136974135
2015-03-29 15:05:53;345.352538913181
2015-03-29 15:06:12;339.310947241612
2015-03-29 15:06:15;335.629923371648
2015-03-29 15:06:41;337.339989824818
2015-03-29 15:06:57;343.446727417017
2015-03-29 15:06:59;329.871630868575
2015-03-29 15:07:10;326.92556084267
2015-03-29 15:07:16;326.952765186754
2015-03-29 15:07:24;334.100415557422
2015-03-29 15:07:49;341.374434302267
2015-03-29 15:08:08;342.293317123419
2015-03-29 15:09:06;336.744628074412
2015-03-29 15:09:14;339.952278090186
2015-03-29 15:09:57;339.063128675838
2015-03-29 15:10:27;332.607085453491
2015-03-29 15:10:30;340.746719105467
2015-03-29 15:10:40;348.788542959039
2015-03-29 15:11:07;342.30368145012
2015-03-29 15:12:59;339.023658054121
2015-03-29 15:14:30;333.094490940124
2015-03-29 15:14:41;338.39458602549
2015-03-29 15:14:48;333.698533331276
2015-03-29 15:15:09;341.103647014735
2015-03-29 15:15:48;341.103024299074
2015-03-29 15:16:03;341.718286715314
2015-03-29 15:16:25;336.97907354838
2015-03-29 15:17:39;338.12338915499
2015-03-29 15:18:08;340.908863788418
2015-03-29 15:18:41;347.367545228117
2015-03-29 15:18:50;340.515626641605
2015-03-29 15:19:04;363.081391922863
2015-03-29 15:19:19;334.458059051549
2015-03-29 15:20:09;362.255580747381
2015-03-29 15:20:35;380.552251920935
2015-03-29 15:21:00;350.2787243975
2015-03-29 15:21:13;333.69915763287
2015-03-29 15:21:14;333.858988286985
2015-03-29 15:21:40;344.038603827364
2015-03-29 15:22:11;334.489440013853
2015-03-29 15:22:25;341.993964320312
2015-03-29 15:22:34;341.251962429847
2015-03-29 15:22:39;340.608241416125
2015-03-29 15:22:44;343.796976977054
2015-03-29 15:22:46;343.10653446746
2015-03-29 15:23:21;510.474230162889
2015-03-29 15:23:25;369.292276349267
2015-03-29 15:23:39;383.689701558881
2015-03-29 15:23:59;381.329109019754
2015-03-29 15:24:13;378.319548372441
2015-03-29 15:24:15;367.891715466097
2015-03-29 15:24:32;366.954820217064
2015-03-29 15:24:34;347.998849373735
2015-03-29 15:24:49;346.553568192408
2015-03-29 15:25:01;362.783706337792
2015-03-29 15:25:43;354.850083905528
2015-03-29 15:25:44;345.864431416409
2015-03-29 15:25:48;343.899809562656
2015-03-29 15:25:55;352.404581392922
2015-03-29 15:25:57;340.994810273486
2015-03-29 15:26:04;353.38404696461
2015-03-29 15:26:12;351.955199551245
2015-03-29 15:26:20;350.427524932385
2015-03-29 15:26:34;349.983278289269
2015-03-29 15:26:55;339.418762391749
2015-03-29 15:27:14;368.885135205424
2015-03-29 15:27:23;344.176555598683
2015-03-29 15:27:26;343.932758172061
2015-03-29 15:27:32;337.026343465689
2015-03-29 15:27:36;502.96014643868
2015-03-29 15:27:49;358.44147397782
2015-03-29 15:27:52;357.304525290916
2015-03-29 15:28:08;358.363293190963
2015-03-29 15:28:26;362.196589252419
2015-03-29 15:28:29;374.606613479592
2015-03-29 15:28:31;358.917454011621
2015-03-29 15:28:34;372.710142330948
2015-03-29 15:28:37;362.669633770589
2015-03-29 15:28:47;354.676239575108
2015-03-29 15:28:52;367.318078805881
2015-03-29 15:29:02;363.044805690272
2015-03-29 15:29:09;359.469840084573
2015-03-29 15:29:14;366.266274391745
2015-03-29 15:29:18;354.683954992204
2015-03-29 15:29:45;334.270211693447
2015-03-29 15:29:59;349.232057434368
2015-03-29 15:30:07;333.627507471742
2015-03-29 15:30:09;346.116298309889
2015-03-29 15:30:11;331.314091477259
2015-03-29 15:30:15;367.681521589461
2015-03-29 15:31:01;344.422719370429
2015-03-29 15:31:03;343.780525406108
2015-03-29 15:32:58;335.242720769036
2015-03-29 15:33:05;348.245208105693
2015-03-29 15:33:25;350.126403717436
2015-03-29 15:33:34;378.621717462002
2015-03-29 15:34:22;349.896058768864
2015-03-29 15:34:41;347.520885580202
2015-03-29 15:34:48;397.340795098757
2015-03-29 15:34:51;354.151767030454
2015-03-29 15:35:00;350.223932000837
2015-03-29 15:36:15;350.719404723511
2015-03-29 15:36:17;349.079743879685
2015-03-29 15:36:23;347.391174854015
2015-03-29 15:36:29;346.668917820222
2015-03-29 15:36:42;344.656200495483
2015-03-29 15:36:45;347.339191741185
2015-03-29 15:36:47;348.907410691273
2015-03-29 15:37:27;342.050333501998
2015-03-29 15:37:30;342.227912767562
2015-03-29 15:37:36;352.404295989345
2015-03-29 15:38:24;349.558170025271
2015-03-29 15:38:49;382.893632762509
2015-03-29 15:38:55;364.435704400679
2015-03-29 15:39:09;334.791443442169
2015-03-29 15:39:27;338.553923641561
2015-03-29 15:39:29;331.011948496766
2015-03-29 15:40:09;335.540789523386
2015-03-29 15:40:15;337.121736762373
2015-03-29 15:40:22;354.303116127717
2015-03-29 15:41:06;352.127254631498
2015-03-29 15:41:10;350.19898897765
2015-03-29 15:41:18;349.403695178375
2015-03-29 15:41:27;341.885835495865
2015-03-29 15:42:18;354.408829058314
2015-03-29 15:42:26;339.335737874889
2015-03-29 15:42:46;345.726066570339
2015-03-29 15:42:50;345.037034590496
2015-03-29 15:42:54;464.044389957
2015-03-29 15:42:56;360.711422118459
2015-03-29 15:43:13;357.768362947503
2015-03-29 15:43:19;361.100745163422
2015-03-29 15:43:24;366.123980357037
2015-03-29 15:43:54;370.842181166899
2015-03-29 15:44:10;369.791307962193
2015-03-29 15:44:27;359.575481885228
2015-03-29 15:44:31;356.248637287032
2015-03-29 15:44:43;363.269933007506
2015-03-29 15:44:54;353.007410409319
2015-03-29 15:44:59;362.359556199525
2015-03-29 15:45:02;361.303883379961
2015-03-29 15:45:12;366.610266412748
2015-03-29 15:45:14;373.218307007853
2015-03-29 15:45:21;371.034382484342
2015-03-29 15:45:38;372.61159666943
2015-03-29 15:45:42;370.607241347917
2015-03-29 15:45:54;371.161305049996
2015-03-29 15:46:05;351.358737703087
2015-03-29 15:46:14;357.447586616024
2015-03-29 15:46:27;364.301761887182
2015-03-29 15:46:30;349.107960814319
2015-03-29 15:46:41;354.103218478054
2015-03-29 15:46:43;365.264261599226
2015-03-29 15:46:53;349.12246791762
2015-03-29 15:46:56;376.745391496667
2015-03-29 15:47:10;356.149222312965
2015-03-29 15:47:20;351.963550409662
2015-03-29 15:47:25;358.673388125313
2015-03-29 15:47:27;348.057407714829
2015-03-29 15:47:35;358.613165249911
2015-03-29 15:48:14;354.869722527716
2015-03-29 15:49:11;558.293772329346
2015-03-29 15:49:52;381.42827970291
2015-03-29 15:50:12;367.20035089563
2015-03-29 15:50:48;366.535146301997
2015-03-29 15:50:54;361.856601387003
2015-03-29 15:52:45;363.120609171203
2015-03-29 15:53:01;366.530089628345
2015-03-29 15:53:46;382.704734577027
2015-03-29 15:54:13;359.667749666759
2015-03-29 15:55:03;368.790122843174
2015-03-29 15:55:12;370.03997080122
2015-03-29 15:55:54;371.853813237555
2015-03-29 15:56:04;369.002526473505
2015-03-29 15:56:07;366.955330802458
2015-03-29 15:56:10;365.663037195678
2015-03-29 15:56:34;359.211619889531
2015-03-29 15:56:40;349.794317842204
2015-03-29 15:56:48;352.688813372926
2015-03-29 15:57:22;348.495551683191
2015-03-29 15:57:31;351.46867883541
2015-03-29 15:58:11;359.912810412111
2015-03-29 15:58:11;353.813525606699
2015-03-29 15:58:16;349.067257530486
2015-03-29 15:58:44;346.862567253993
2015-03-29 15:59:01;352.06290142303
2015-03-29 15:59:18;357.429106541862
2015-03-29 15:59:26;357.400217267698
2015-03-29 16:00:20;357.112850438043
2015-03-29 16:00:23;355.563085125267
2015-03-29 16:00:48;335.843289519882
2015-03-29 16:00:57;347.821525721203
2015-03-29 16:01:04;348.247111385414
2015-03-29 16:01:06;349.336822458599
2015-03-29 16:01:14;355.626940713078
2015-03-29 16:01:24;358.868875914347
2015-03-29 16:01:26;346.0391740663
2015-03-29 16:01:34;362.521202080994
2015-03-29 16:01:40;334.721279749593
2015-03-29 16:01:42;334.090797809399
2015-03-29 16:01:52;414.129533439294
2015-03-29 16:02:02;348.701725934594
2015-03-29 16:03:28;346.740495181304
2015-03-29 16:03:36;351.454884090491
2015-03-29 16:03:55;350.001368869354
2015-03-29 16:03:57;354.388558865187
2015-03-29 16:03:59;356.338307701926
2015-03-29 16:04:01;352.749931279868
2015-03-29 16:04:08;346.941682334876
2015-03-29 16:04:14;351.197325785424
2015-03-29 16:04:29;349.337054874356
2015-03-29 16:04:32;348.729615378694
2015-03-29 16:04:44;466.945824473891
2015-03-29 16:05:01;364.014511076987
2015-03-29 16:05:14;359.138461755657
2015-03-29 16:05:34;360.415660502743
2015-03-29 16:05:39;358.278623646719
2015-03-29 16:06:10;344.046202498523
2015-03-29 16:07:06;347.821128803182
2015-03-29 16:07:09;347.185059005327
2015-03-29 16:08:18;350.017915314178
2015-03-29 16:08:22;350.628811665015
2015-03-29 16:08:25;348.974663920258
2015-03-29 16:08:27;343.104035282155
2015-03-29 16:09:05;340.449022394006
2015-03-29 16:09:28;350.691630928703
2015-03-29 16:09:46;353.027236361215
2015-03-29 16:09:48;343.337574533743
2015-03-29 16:09:55;352.857414065109
2015-03-29 16:09:57;354.705957519413
2015-03-29 16:10:08;340.917194577103
2015-03-29 16:10:19;374.396735795665
2015-03-29 16:10:46;387.040825939285
2015-03-29 16:11:04;363.286021891078
2015-03-29 16:11:11;353.822445675906
2015-03-29 16:11:19;369.765553806021
2015-03-29 16:11:36;362.641592729629
2015-03-29 16:11:41;357.674600881153
2015-03-29 16:12:24;345.442252348889
2015-03-29 16:12:41;349.119011786411
2015-03-29 16:12:53;345.595458483734
2015-03-29 16:13:01;355.129398965899
2015-03-29 16:13:45;362.573777032858
2015-03-29 16:14:00;346.238045985941
2015-03-29 16:14:02;345.198193359419
2015-03-29 16:14:04;343.150674976308
2015-03-29 16:14:09;369.913450070127
2015-03-29 16:14:58;353.763657240014
2015-03-29 16:15:17;343.33333835887
2015-03-29 16:15:18;341.476272731211
2015-03-29 16:15:42;343.560929874858
2015-03-29 16:15:54;340.889324277503
2015-03-29 16:16:00;338.638638988794
2015-03-29 16:16:17;339.704093610007
2015-03-29 16:16:50;337.291463349301
2015-03-29 16:16:56;337.182048061083
2015-03-29 16:17:04;325.051804762467
2015-03-29 16:17:07;330.60730280169
2015-03-29 16:17:12;336.488157718603
2015-03-29 16:18:15;348.763868378608
2015-03-29 16:18:17;347.420113096533
2015-03-29 16:18:46;340.535364536932
2015-03-29 16:18:49;339.883228211302
2015-03-29 16:19:22;330.517789078723
2015-03-29 16:19:58;345.246994983158
2015-03-29 16:20:34;349.419899561002
2015-03-29 16:20:37;344.073892230756
2015-03-29 16:20:39;382.90963676517
2015-03-29 16:20:47;342.382108926044
2015-03-29 16:20:52;358.155450111747
2015-03-29 16:21:02;356.942816859068
2015-03-29 16:21:16;342.717863457044
2015-03-29 16:21:24;349.729191968977
2015-03-29 16:21:26;348.415076063028
2015-03-29 16:21:51;370.240219173445
2015-03-29 16:23:32;337.388831080625
2015-03-29 16:23:58;341.133904055778
2015-03-29 16:24:00;341.66493400221
2015-03-29 16:24:11;340.894860536013
2015-03-29 16:24:13;346.675807798877
2015-03-29 16:25:14;349.50546461135
2015-03-29 16:25:27;346.236307559283
2015-03-29 16:25:41;341.484349156834
2015-03-29 16:25:43;338.015873142691
2015-03-29 16:25:46;337.020626449988
2015-03-29 16:26:00;323.00678852859
2015-03-29 16:26:01;327.400315060962
2015-03-29 16:26:33;331.547991197004
2015-03-29 16:27:28;342.736481574558
2015-03-29 16:27:36;340.2264767463
2015-03-29 16:27:48;337.921293989729
2015-03-29 16:28:21;346.519683874948
2015-03-29 16:28:29;352.884725789963
2015-03-29 16:28:41;360.519908859849
2015-03-29 16:28:54;342.407421117643
2015-03-29 16:28:57;356.619305700808
2015-03-29 16:28:59;347.75942712046
2015-03-29 16:29:01;375.309465255622
2015-03-29 16:29:05;349.037688057349
2015-03-29 16:29:13;444.462056748007
2015-03-29 16:29:29;364.442283943362
2015-03-29 16:29:39;360.924021616948
2015-03-29 16:29:41;361.345384635196
2015-03-29 16:30:05;355.478309592989
2015-03-29 16:30:08;360.997844295688
2015-03-29 16:30:14;347.817946943063
2015-03-29 16:30:16;354.287502655252
2015-03-29 16:30:20;356.581989337325
2015-03-29 16:30:22;373.923110204516
2015-03-29 16:30:31;354.050998752055
2015-03-29 16:30:40;352.998164118885
2015-03-29 16:31:11;355.375935775953
2015-03-29 16:33:04;343.535442376359
2015-03-29 16:33:17;343.372844246654
2015-03-29 16:33:26;340.824119784631
2015-03-29 16:33:28;342.478581396865
2015-03-29 16:33:31;341.193511704377
2015-03-29 16:33:44;348.851429309374
2015-03-29 16:34:23;344.980004555708
2015-03-29 16:34:40;341.260156786174
2015-03-29 16:34:51;341.394512403838
2015-03-29 16:34:53;337.850526085989
2015-03-29 16:35:44;333.537076720117
2015-03-29 16:36:02;351.619949332678
2015-03-29 16:36:03;334.970243336849
2015-03-29 16:36:04;334.059517714264
2015-03-29 16:36:18;342.928731886707
2015-03-29 16:36:29;337.882122550284
2015-03-29 16:36:39;343.668667911963
2015-03-29 16:37:06;338.636467885513
2015-03-29 16:37:52;343.824351826967
2015-03-29 16:38:25;341.355173265235
2015-03-29 16:38:30;347.807484692583
2015-03-29 16:38:46;335.843338737027
2015-03-29 16:39:19;333.997411823144
2015-03-29 16:39:33;348.157690391094
2015-03-29 16:39:40;335.511175029758
2015-03-29 16:39:47;346.236957844591
2015-03-29 16:40:13;335.750028364057
2015-03-29 16:40:22;337.31831325154
2015-03-29 16:40:59;330.459152921118
2015-03-29 16:41:03;329.883139360556
2015-03-29 16:41:05;329.342666982078
2015-03-29 16:41:07;327.875795700415
2015-03-29 16:41:10;329.634142915478
2015-03-29 16:41:20;331.823276423597
2015-03-29 16:41:31;333.203093906161
2015-03-29 16:41:34;335.248552222003
2015-03-29 16:41:35;335.789840317482
2015-03-29 16:41:43;344.255552750551
2015-03-29 16:41:47;341.951710706664
2015-03-29 16:42:13;346.401356532615
2015-03-29 16:42:21;339.31501072207
2015-03-29 16:42:31;337.360304899578
2015-03-29 16:42:37;429.025787425678
2015-03-29 16:42:42;348.821057346448
2015-03-29 16:42:50;348.826918272408
2015-03-29 16:43:01;358.695021877661
2015-03-29 16:43:04;355.121065010896
2015-03-29 16:43:07;352.152963343317
2015-03-29 16:43:23;352.121177739756
2015-03-29 16:43:28;353.200474491998
2015-03-29 16:43:42;368.893243597486
2015-03-29 16:43:44;357.038553704261
2015-03-29 16:43:47;365.635486545875
2015-03-29 16:43:49;363.624995804769
2015-03-29 16:43:58;350.59004722476
2015-03-29 16:44:32;348.823477431648
2015-03-29 16:44:52;351.502610343852
2015-03-29 16:44:59;351.033481096955
2015-03-29 16:45:23;339.668831692029
2015-03-29 16:45:32;352.101632762902
2015-03-29 16:45:35;340.608821368205
2015-03-29 16:45:38;343.744275229733
2015-03-29 16:45:55;344.712125661953
2015-03-29 16:46:07;364.608546682441
2015-03-29 16:46:45;348.166736653784
2015-03-29 16:47:14;345.573134736454
2015-03-29 16:47:24;342.834164153008
2015-03-29 16:47:38;342.812170546536
2015-03-29 16:49:22;326.737506197891
2015-03-29 16:49:29;320.585357552741
2015-03-29 16:49:59;324.488747187404
2015-03-29 16:50:39;338.950770201062
2015-03-29 16:51:03;337.999570721441
2015-03-29 16:51:07;339.333336774962
2015-03-29 16:51:24;337.552626161524
2015-03-29 16:51:25;320.79454788561
2015-03-29 16:51:46;334.137996971113
2015-03-29 16:52:41;332.109773822141
2015-03-29 16:53:26;326.908695626736
2015-03-29 16:53:37;328.748268882596
2015-03-29 16:53:43;331.70685005759
2015-03-29 16:55:09;336.687068263692
2015-03-29 16:55:15;336.369453295811
2015-03-29 16:55:17;333.956239454424
2015-03-29 16:55:40;344.978937285961
2015-03-29 16:56:28;335.517615103035
2015-03-29 16:56:38;332.977178412033
2015-03-29 16:57:38;332.185619748745
2015-03-29 16:58:15;466.581760174547
2015-03-29 16:58:51;460.279959971226
2015-03-29 16:58:58;364.533789565031
2015-03-29 16:59:02;384.154660177648
2015-03-29 16:59:36;368.374928031831
2015-03-29 16:59:40;367.582130814618
2015-03-29 16:59:43;363.770746477298
2015-03-29 16:59:47;361.492318437615
2015-03-29 16:59:51;363.81695627213
2015-03-29 17:00:13;355.482594811154
2015-03-29 17:00:26;349.226368918381
2015-03-29 17:01:01;360.43237262849
2015-03-29 17:01:07;344.586903342989
2015-03-29 17:01:15;353.126775913267
2015-03-29 17:01:39;352.597410261125
2015-03-29 17:01:40;352.99857521807
2015-03-29 17:01:57;350.52031310682
2015-03-29 17:02:06;332.680121837754
2015-03-29 17:02:28;333.830026819131
2015-03-29 17:02:59;331.350561746471
2015-03-29 17:03:02;331.016739720794
2015-03-29 17:03:14;331.426541284903
2015-03-29 17:03:17;336.315055029423
2015-03-29 17:03:18;338.153690799009
2015-03-29 17:03:20;337.01389726428
2015-03-29 17:03:35;328.48488473638
2015-03-29 17:03:51;329.905707510511
2015-03-29 17:03:55;334.28175561765
2015-03-29 17:04:15;345.998756761426
2015-03-29 17:04:17;379.247852367108
2015-03-29 17:04:27;342.803304436552
2015-03-29 17:04:37;373.230201837609
2015-03-29 17:04:42;351.572475633151
2015-03-29 17:04:44;362.155031358835
2015-03-29 17:04:46;364.061855293261
2015-03-29 17:04:58;361.68670356198
2015-03-29 17:05:01;355.339170360112
2015-03-29 17:05:03;347.15474830811
2015-03-29 17:05:05;363.08645784231
2015-03-29 17:05:13;353.953470470876
2015-03-29 17:05:16;359.837160698847
2015-03-29 17:05:18;344.21881591518
2015-03-29 17:05:29;337.583671522787
2015-03-29 17:05:34;327.634876072197
2015-03-29 17:05:36;335.53748225743
2015-03-29 17:05:43;339.050946841085
2015-03-29 17:05:59;329.477446141253
2015-03-29 17:06:17;322.219285062078
2015-03-29 17:06:18;320.502422191163
2015-03-29 17:06:25;317.596306702723
2015-03-29 17:06:29;326.023829740742
2015-03-29 17:06:31;325.59320223331
2015-03-29 17:06:51;341.421408230205
2015-03-29 17:06:58;337.321349774514
2015-03-29 17:07:07;363.148937864128
2015-03-29 17:07:11;358.178725225452
2015-03-29 17:07:12;355.466368675372
2015-03-29 17:07:27;353.365422692081
2015-03-29 17:07:37;353.449699151962
2015-03-29 17:07:58;354.473656548913
2015-03-29 17:08:21;350.369781015648
2015-03-29 17:08:24;352.970339707995
2015-03-29 17:08:40;365.229153211263
2015-03-29 17:08:45;359.068105786832
2015-03-29 17:09:20;355.213824420369
2015-03-29 17:09:44;350.930035867239
2015-03-29 17:09:58;351.992165937406
2015-03-29 17:10:02;345.941711334449
2015-03-29 17:10:06;345.119273622849
2015-03-29 17:10:40;338.565562635677
2015-03-29 17:11:36;369.142705630165
2015-03-29 17:12:25;347.102027157297
2015-03-29 17:13:12;352.359307937025
2015-03-29 17:13:12;353.270687149052
2015-03-29 17:13:41;356.793963607233
2015-03-29 17:13:46;371.451735518939
2015-03-29 17:13:54;363.73624410128
2015-03-29 17:13:56;358.906996429083
2015-03-29 17:14:00;360.079044956506
2015-03-29 17:14:04;357.390952827811
2015-03-29 17:14:17;353.552608885231
2015-03-29 17:15:36;340.419137209199
2015-03-29 17:16:25;367.164563219521
2015-03-29 17:16:27;361.323107660118
2015-03-29 17:16:29;365.14081797566
2015-03-29 17:17:04;360.770914687787
2015-03-29 17:17:18;363.967916056112
2015-03-29 17:17:28;354.874463985241
2015-03-29 17:17:33;520.496794066082
2015-03-29 17:17:36;368.09024568522
2015-03-29 17:17:38;361.302858775897
2015-03-29 17:20:26;353.429595562524
2015-03-29 17:20:54;361.70074763278
2015-03-29 17:21:27;353.333928852449
2015-03-29 17:21:34;349.223411128134
2015-03-29 17:22:04;352.407145191597
2015-03-29 17:22:53;374.815815550398
2015-03-29 17:23:10;365.274173388717
2015-03-29 17:23:14;353.736338715674
2015-03-29 17:23:18;348.951512536698
2015-03-29 17:23:18;456.982900411702
2015-03-29 17:23:50;379.77447819837
2015-03-29 17:24:25;389.14905935658
2015-03-29 17:24:36;384.043579552436
2015-03-29 17:24:44;384.945372889544
2015-03-29 17:25:05;381.188568646915
2015-03-29 17:25:11;381.933943111786
2015-03-29 17:25:20;368.259516692722
2015-03-29 17:25:23;437.118899684058
2015-03-29 17:25:28;366.139869804922
2015-03-29 17:25:36;364.020413273277
2015-03-29 17:25:38;391.519910085989
2015-03-29 17:25:47;390.912219048495
2015-03-29 17:27:19;387.856486452965
2015-03-29 17:27:35;342.74644512127
2015-03-29 17:28:01;372.895464169156
2015-03-29 17:28:04;368.543079735378
2015-03-29 17:28:13;357.597785903011
2015-03-29 17:28:14;361.216712194577
2015-03-29 17:28:22;361.755851415791
2015-03-29 17:28:27;361.284263172039
2015-03-29 17:28:30;354.348020323111
2015-03-29 17:28:32;360.12988155014
2015-03-29 17:28:34;357.350806346006
2015-03-29 17:28:41;373.152055945914
2015-03-29 17:28:42;372.952416052294
2015-03-29 17:28:44;370.334330921148
2015-03-29 17:29:01;340.70377238772
2015-03-29 17:29:19;338.534780348625
2015-03-29 17:29:35;345.098443224767
2015-03-29 17:29:40;346.703034858617
2015-03-29 17:29:48;343.767460164712
2015-03-29 17:29:52;343.253184128041
2015-03-29 17:30:05;359.919790999469
2015-03-29 17:30:18;342.74186273021
2015-03-29 17:30:57;347.991067287778
2015-03-29 17:31:10;348.579054930825
2015-03-29 17:31:14;346.816125355955
2015-03-29 17:31:25;343.227765838462
2015-03-29 17:31:38;342.80719032104
2015-03-29 17:31:50;343.183347017355
2015-03-29 17:33:10;343.981717328114
2015-03-29 17:33:13;346.151245844942
2015-03-29 17:33:16;333.501470522497
2015-03-29 17:33:18;355.432913840631
2015-03-29 17:33:21;348.961873662227
2015-03-29 17:33:29;358.291913278601
2015-03-29 17:33:31;355.702273085295
2015-03-29 17:33:49;342.703836634008
2015-03-29 17:34:40;341.179431172002
2015-03-29 17:35:06;340.660120865974
2015-03-29 17:35:24;338.372010171132
2015-03-29 17:35:29;345.402834728701
2015-03-29 17:35:31;347.502371850339
2015-03-29 17:35:45;350.014598510864
2015-03-29 17:35:48;336.943699747571
2015-03-29 17:36:24;340.66167413525
2015-03-29 17:36:25;353.602784109564
2015-03-29 17:36:57;369.18114726817
2015-03-29 17:37:29;352.061758687528
2015-03-29 17:37:34;351.39071667807
2015-03-29 17:37:36;346.493707221067
2015-03-29 17:38:40;348.514842533875
2015-03-29 17:39:41;340.962931904111
2015-03-29 17:39:48;339.475129489029
2015-03-29 17:40:03;348.302705881784
2015-03-29 17:41:14;354.260979484858
2015-03-29 17:41:26;354.976029901691
2015-03-29 17:42:22;349.409807811585
2015-03-29 17:43:15;352.960865155291
2015-03-29 17:43:27;351.809995341402
2015-03-29 17:43:48;344.766389079342
2015-03-29 17:44:08;350.230752563254
2015-03-29 17:44:10;344.32049374515
2015-03-29 17:44:22;347.445859215718
2015-03-29 17:44:28;346.047360332686
2015-03-29 17:44:30;356.974509524121
2015-03-29 17:44:32;363.022968327923
2015-03-29 17:44:47;354.925423554427
2015-03-29 17:45:08;345.906460032632
2015-03-29 17:45:51;339.911525457723
2015-03-29 17:45:55;343.962966441479
2015-03-29 17:45:58;341.807365858536
2015-03-29 17:46:33;363.849368112508
2015-03-29 17:46:46;357.178151338361
2015-03-29 17:46:48;352.907977049892
2015-03-29 17:47:14;339.305724581105
2015-03-29 17:47:17;334.283008568357
2015-03-29 17:47:23;333.079158980657
2015-03-29 17:47:32;354.915129199289
2015-03-29 17:48:35;331.747844074783
2015-03-29 17:48:36;332.702071906501
2015-03-29 17:49:17;330.149792251936
2015-03-29 17:49:27;326.97132139779
2015-03-29 17:49:46;331.083830652194
2015-03-29 17:50:52;331.301721422663
2015-03-29 17:51:12;340.713215978945
2015-03-29 17:51:26;332.907414749793
2015-03-29 17:52:20;338.908525757633
2015-03-29 17:52:27;329.661499413208
2015-03-29 17:53:14;372.996749697693
2015-03-29 17:54:16;367.648621279138
2015-03-29 17:55:46;390.654712738201
2015-03-29 17:56:26;366.568872037405
2015-03-29 17:57:15;362.859240964361
2015-03-29 17:57:17;357.206244376036
2015-03-29 17:57:28;358.753153910942
2015-03-29 17:57:31;346.974004868455
2015-03-29 17:57:44;359.837383423414
2015-03-29 17:57:49;356.495404671514
2015-03-29 17:59:14;391.027122216195
2015-03-29 17:59:46;381.965318693947
2015-03-29 18:00:13;360.223271233126
2015-03-29 18:00:21;356.94415326715
2015-03-29 18:00:34;354.674512870087
2015-03-29 18:00:36;349.176510229419
2015-03-29 18:00:45;357.667581881436
2015-03-29 18:00:57;367.340397949923
2015-03-29 18:01:35;346.917947781
2015-03-29 18:02:37;360.139281132416
2015-03-29 18:02:58;362.80196797106
2015-03-29 18:03:06;358.865105890759
2015-03-29 18:03:14;356.698578600117
2015-03-29 18:03:51;344.426183063909
2015-03-29 18:04:03;356.882793901136
2015-03-29 18:04:07;353.240994252663
2015-03-29 18:04:10;344.246242116771
2015-03-29 18:04:23;342.766188732857
2015-03-29 18:04:30;336.117205515854
2015-03-29 18:04:49;329.758112790051
2015-03-29 18:05:10;328.47550149201
2015-03-29 18:05:33;328.709662640277
2015-03-29 18:05:40;333.323156721858
2015-03-29 18:05:45;324.658698308089
2015-03-29 18:05:48;323.529475355916
2015-03-29 18:05:54;331.761709477477
2015-03-29 18:05:57;324.974346437854
2015-03-29 18:06:02;323.717552267891
2015-03-29 18:06:04;323.832647598643
2015-03-29 18:06:07;324.383416822161
2015-03-29 18:06:10;323.240148771447
2015-03-29 18:06:29;324.225370316428
2015-03-29 18:07:05;360.429992435763
2015-03-29 18:07:12;320.836899430157
2015-03-29 18:07:14;371.685214072867
2015-03-29 18:07:26;328.734087254605
2015-03-29 18:07:36;328.632552146071
2015-03-29 18:07:44;328.017723676837
2015-03-29 18:07:47;331.003416082437
2015-03-29 18:07:51;338.227764897432
2015-03-29 18:07:55;325.237153490596
2015-03-29 18:07:56;323.120541760755
2015-03-29 18:08:21;322.191575746503
2015-03-29 18:09:03;345.091432672216
2015-03-29 18:09:04;373.904558266445
2015-03-29 18:09:12;341.162923927672
2015-03-29 18:09:46;347.060483948276
2015-03-29 18:09:50;349.731189669737
2015-03-29 18:09:56;333.785782779261
2015-03-29 18:10:14;336.321790378639
2015-03-29 18:10:18;329.640234996404
2015-03-29 18:10:20;328.82455246319
2015-03-29 18:10:24;327.660111011665
2015-03-29 18:10:28;326.690914078225
2015-03-29 18:10:57;339.698739840195
2015-03-29 18:11:46;435.589478798011
2015-03-29 18:12:04;349.927561415412
2015-03-29 18:12:52;361.403181137891
2015-03-29 18:13:18;355.821629389731
2015-03-29 18:13:53;358.018222860802
2015-03-29 18:14:41;357.259831353328
2015-03-29 18:14:50;356.4576910109
2015-03-29 18:16:02;352.981648686796
2015-03-29 18:16:14;347.411415574284
2015-03-29 18:16:26;350.549221062176
2015-03-29 18:16:32;350.688258699965
2015-03-29 18:16:34;349.489505691288
2015-03-29 18:16:41;350.581269761553
2015-03-29 18:17:47;347.19513301186
2015-03-29 18:18:16;345.785450966471
2015-03-29 18:18:21;334.950771784154
2015-03-29 18:19:18;334.628963624557
2015-03-29 18:19:22;332.314643130677
2015-03-29 18:19:57;337.875038802428
2015-03-29 18:20:02;353.22919972717
2015-03-29 18:20:46;355.566050572524
2015-03-29 18:21:15;346.586443661685
2015-03-29 18:21:24;342.814266778991
2015-03-29 18:22:19;343.07891898939
2015-03-29 18:22:21;345.428196458455
2015-03-29 18:22:43;350.996229096976
2015-03-29 18:23:01;341.128537434438
2015-03-29 18:23:14;335.542651411268
2015-03-29 18:23:22;350.727399438605
2015-03-29 18:23:24;350.781061247266
2015-03-29 18:24:04;340.181752929403
2015-03-29 18:24:07;339.158577534492
2015-03-29 18:24:18;342.612075548905
2015-03-29 18:24:29;339.765854310717
2015-03-29 18:24:35;342.602455666798
2015-03-29 18:24:40;342.052666823731
2015-03-29 18:24:44;341.639582885683
2015-03-29 18:25:16;342.661086070961
2015-03-29 18:25:23;332.525532099281
2015-03-29 18:25:33;332.833691583828
2015-03-29 18:25:34;340.428431855749
2015-03-29 18:25:45;329.104692207315
2015-03-29 18:25:51;340.301137409055
2015-03-29 18:26:31;324.113169682273
2015-03-29 18:26:43;325.139256452366
2015-03-29 18:26:49;328.363060175873
2015-03-29 18:26:51;334.887378464414
2015-03-29 18:27:04;324.894160055321
2015-03-29 18:28:05;347.155011245938
2015-03-29 18:28:10;335.142727490926
2015-03-29 18:28:20;327.543946527276
2015-03-29 18:28:33;329.676813746902
2015-03-29 18:28:35;330.223147976961
2015-03-29 18:29:00;323.291665234846
2015-03-29 18:29:02;323.136100617447
2015-03-29 18:30:28;336.347129700159
2015-03-29 18:30:36;323.628394637324
2015-03-29 18:30:53;326.493895970542
2015-03-29 18:30:56;336.685239252969
2015-03-29 18:30:58;322.922991967696
2015-03-29 18:31:24;325.356473026608
2015-03-29 18:31:27;325.220548221173
2015-03-29 18:32:28;317.41175008953
2015-03-29 18:32:30;320.433206169715
2015-03-29 18:32:33;319.030767138124
2015-03-29 18:32:58;325.900763351045
2015-03-29 18:33:01;323.177348501974
2015-03-29 18:33:16;326.490712417438
2015-03-29 18:33:35;325.686751626573
2015-03-29 18:33:49;324.278996496306
2015-03-29 18:33:51;333.946350350857
2015-03-29 18:34:10;331.279020401148
2015-03-29 18:34:13;328.483475072596
2015-03-29 18:34:18;341.30318973868
2015-03-29 18:35:49;342.420041397046
2015-03-29 18:35:51;341.535968419781
2015-03-29 18:35:56;344.776156264038
2015-03-29 18:35:58;375.523852913181
2015-03-29 18:36:36;347.476287455021
2015-03-29 18:36:48;342.917963125697
2015-03-29 18:37:10;351.875239396035
2015-03-29 18:37:25;353.901155903947
2015-03-29 18:37:45;342.721068153216
2015-03-29 18:38:03;335.418829984108
2015-03-29 18:38:08;336.452046576127
2015-03-29 18:38:24;340.277937001182
2015-03-29 18:38:33;332.791897307646
2015-03-29 18:38:35;338.423357813742
2015-03-29 18:38:41;336.098727704529
2015-03-29 18:38:56;328.932501121517
2015-03-29 18:39:08;363.726530720254
2015-03-29 18:39:45;385.249803145122
2015-03-29 18:39:54;363.244977407219
2015-03-29 18:40:04;348.97933779797
2015-03-29 18:40:15;356.688364229639
2015-03-29 18:40:25;362.962003800614
2015-03-29 18:40:33;360.379716208284
2015-03-29 18:40:41;345.201284676658
2015-03-29 18:40:52;345.193144819193
2015-03-29 18:40:56;345.612026419927
2015-03-29 18:41:00;346.748189479847
2015-03-29 18:41:04;344.264287877714
2015-03-29 18:41:09;355.299773843687
2015-03-29 18:41:20;358.758921673356
2015-03-29 18:41:23;352.88088338019
2015-03-29 18:41:30;344.946424798322
2015-03-29 18:41:44;344.033037193518
2015-03-29 18:41:52;369.058779512586
2015-03-29 18:42:08;377.476860143133
2015-03-29 18:42:11;351.033435522996
2015-03-29 18:42:14;352.840718979677
2015-03-29 18:42:29;347.136223934507
2015-03-29 18:42:34;345.121097266305
2015-03-29 18:43:18;376.135353589107
2015-03-29 18:43:22;350.965553271816
2015-03-29 18:43:46;357.451118465602
2015-03-29 18:44:05;361.125696346818
2015-03-29 18:44:33;356.401734156074
2015-03-29 18:44:55;358.615251209892
2015-03-29 18:45:19;367.944121088576
2015-03-29 18:46:29;340.30191147109
2015-03-29 18:46:37;343.670124481519
2015-03-29 18:46:57;332.528926914507
2015-03-29 18:47:13;332.98523475659
2015-03-29 18:47:59;345.534793184133
2015-03-29 18:49:32;334.041259240888
2015-03-29 18:49:37;360.34521120198
2015-03-29 18:49:52;336.143741963628
2015-03-29 18:50:29;339.54709638812
2015-03-29 18:50:31;343.125702049211
2015-03-29 18:50:37;338.960784453944
2015-03-29 18:50:45;336.777500112143
2015-03-29 18:51:41;343.705487432462
2015-03-29 18:51:57;346.998977848256
2015-03-29 18:52:57;331.118332148929
2015-03-29 18:53:52;342.679541649511
2015-03-29 18:54:34;343.262499633356
2015-03-29 18:54:43;343.029771303665
2015-03-29 18:55:04;348.767413300683
2015-03-29 18:55:06;344.847273015273
2015-03-29 18:56:02;348.541109318175
2015-03-29 18:56:14;347.689238894835
2015-03-29 18:56:31;339.896923187716
2015-03-29 18:56:59;344.133530747376
2015-03-29 18:57:07;344.262901809105
2015-03-29 18:57:21;343.360506243178
2015-03-29 18:57:26;342.225872141145
2015-03-29 18:57:40;342.802127201214
2015-03-29 18:58:21;342.023823212909
2015-03-29 18:58:31;326.96932368914
2015-03-29 18:58:41;328.133714705025
2015-03-29 19:00:05;340.923886635849
2015-03-29 19:00:28;329.006596260539
2015-03-29 19:01:16;332.05952542647
2015-03-29 19:01:19;330.142612710686
2015-03-29 19:01:26;326.210652074088
2015-03-29 19:01:41;329.819667837842
2015-03-29 19:02:04;338.547563220606
2015-03-29 19:02:06;328.219869659513
2015-03-29 19:02:08;337.393213347427
2015-03-29 19:02:43;330.372564758702
2015-03-29 19:02:53;390.733507973514
2015-03-29 19:02:57;344.037651360049
2015-03-29 19:03:01;343.547584621738
2015-03-29 19:03:03;347.007879234113
2015-03-29 19:03:06;346.284159993358
2015-03-29 19:03:08;345.372281037602
2015-03-29 19:03:36;344.135723837958
2015-03-29 19:03:37;346.664447545687
2015-03-29 19:04:20;333.710049254459
2015-03-29 19:04:27;324.416350626142
2015-03-29 19:05:17;338.527286400176
2015-03-29 19:05:23;335.201294915699
2015-03-29 19:05:31;334.802296846254
2015-03-29 19:05:35;316.800314658328
2015-03-29 19:05:46;342.952531217918
2015-03-29 19:05:57;388.581942304728
2015-03-29 19:05:59;346.468402840781
2015-03-29 19:06:00;341.113195426783
2015-03-29 19:06:13;346.450468934918
2015-03-29 19:06:26;348.493325979575
2015-03-29 19:06:45;345.029613218372
2015-03-29 19:06:54;345.24012209698
2015-03-29 19:07:30;337.460929754271
2015-03-29 19:07:44;333.570146828185
2015-03-29 19:08:42;342.829126369746
2015-03-29 19:08:57;342.262558481755
2015-03-29 19:09:05;339.727759244874
2015-03-29 19:09:09;345.68368385165
2015-03-29 19:09:12;344.666729019578
2015-03-29 19:09:22;339.740641239724
2015-03-29 19:10:56;343.332625301027
2015-03-29 19:11:02;345.58231894557
2015-03-29 19:11:19;340.995322753745
2015-03-29 19:12:05;333.055640221639
2015-03-29 19:12:07;369.222638766881
2015-03-29 19:12:11;356.518326980506
2015-03-29 19:12:13;355.065174861292
2015-03-29 19:12:28;354.653824134431
2015-03-29 19:12:39;354.792075934596
2015-03-29 19:12:50;351.422668017863
2015-03-29 19:13:02;387.911710973514
2015-03-29 19:13:12;372.761355130578
2015-03-29 19:13:37;364.345387816204
2015-03-29 19:13:48;362.065805315828
2015-03-29 19:13:51;360.069425426482
2015-03-29 19:14:26;355.966553063617
2015-03-29 19:14:44;354.402212192443
2015-03-29 19:14:57;343.287141208752
2015-03-29 19:15:05;358.530647712938
2015-03-29 19:15:48;348.496997847003
2015-03-29 19:16:20;347.484130514019
2015-03-29 19:16:31;347.718170108604
2015-03-29 19:17:31;350.604449899888
2015-03-29 19:17:36;339.585506978175
2015-03-29 19:17:54;335.342397209852
2015-03-29 19:17:57;345.134903059315
2015-03-29 19:18:38;340.869224696647
2015-03-29 19:19:31;343.762791206815
2015-03-29 19:19:34;362.901052963308
2015-03-29 19:20:18;361.333118875588
2015-03-29 19:20:23;345.74662751196
2015-03-29 19:20:34;343.876012008694
2015-03-29 19:20:39;340.113154284075
2015-03-29 19:20:45;346.466062307099
2015-03-29 19:20:55;355.251267909687
2015-03-29 19:21:01;371.893460652326
2015-03-29 19:21:09;352.214070448712
2015-03-29 19:21:46;335.381340690337
2015-03-29 19:21:49;334.288961675746
2015-03-29 19:21:52;333.622666810676
2015-03-29 19:22:00;332.009072509449
2015-03-29 19:22:17;344.617009497765
2015-03-29 19:22:19;343.568387671285
2015-03-29 19:22:23;343.554766732374
2015-03-29 19:22:25;333.841107484409
2015-03-29 19:22:36;336.465422575847
2015-03-29 19:22:40;339.248686213526
2015-03-29 19:22:46;352.281107061391
2015-03-29 19:23:02;330.847940357963
2015-03-29 19:24:07;354.707387642827
2015-03-29 19:24:09;354.153181794327
2015-03-29 19:24:11;350.983001166776
2015-03-29 19:24:14;352.432427388904
2015-03-29 19:24:35;347.569191967041
2015-03-29 19:24:46;348.166493050932
2015-03-29 19:24:50;370.464892523323
2015-03-29 19:24:51;378.852544602409
2015-03-29 19:24:55;385.366901467406
2015-03-29 19:25:03;373.521243457549
2015-03-29 19:25:04;372.92052868321
2015-03-29 19:25:06;368.910888349278
2015-03-29 19:25:28;385.28825120364
2015-03-29 19:25:38;398.153876463324
2015-03-29 19:25:53;374.337683683542
2015-03-29 19:25:55;375.261627813376
2015-03-29 19:26:44;376.865383444435
2015-03-29 19:26:51;409.275490289629
2015-03-29 19:26:56;384.887274741918
2015-03-29 19:27:11;372.60797772118
2015-03-29 19:27:18;367.194938116584
2015-03-29 19:27:20;367.624071687475
2015-03-29 19:27:27;363.352568725791
2015-03-29 19:28:03;377.577536239258
2015-03-29 19:28:05;375.020856560951
2015-03-29 19:28:12;380.166833880012
2015-03-29 19:28:23;362.304141854956
2015-03-29 19:28:34;355.677974258778
2015-03-29 19:28:59;353.805492835436
2015-03-29 19:30:27;353.522587611012
2015-03-29 19:30:54;362.386833554626
2015-03-29 19:31:54;360.049063974668
2015-03-29 19:32:29;360.84230015584
2015-03-29 19:34:01;363.135447696865
2015-03-29 19:34:05;358.430825036833
2015-03-29 19:34:38;362.965848896693
2015-03-29 19:35:17;355.564569360206
2015-03-29 19:35:19;354.527929483072
2015-03-29 19:35:35;356.233923999867
2015-03-29 19:35:40;350.317321953831
2015-03-29 19:35:50;353.192959512096
2015-03-29 19:36:45;353.845044161096
2015-03-29 19:36:47;352.011191710227
2015-03-29 19:36:48;355.059468169375
2015-03-29 19:37:21;345.893834564058
2015-03-29 19:37:29;352.282068541733
2015-03-29 19:38:24;346.380198619161
2015-03-29 19:38:41;342.043350815544
2015-03-29 19:38:42;339.592255862052
2015-03-29 19:38:43;340.851170283565
2015-03-29 19:39:28;379.870520115206
2015-03-29 19:39:35;340.496156543119
2015-03-29 19:39:38;361.547369090595
2015-03-29 19:39:42;343.283763956518
2015-03-29 19:40:40;377.254754584039
2015-03-29 19:41:02;355.354759495396
2015-03-29 19:41:07;355.705467632412
2015-03-29 19:41:09;338.331188098041
2015-03-29 19:41:12;335.073836495928
2015-03-29 19:42:04;346.293279270796
2015-03-29 19:42:25;336.8747233074
2015-03-29 19:42:34;338.341783394737
2015-03-29 19:42:36;349.12356305563
2015-03-29 19:42:37;347.714735231421
2015-03-29 19:42:40;347.519477013456
2015-03-29 19:42:44;346.705950592748
2015-03-29 19:42:48;347.71732773029
2015-03-29 19:43:01;363.564034006536
2015-03-29 19:43:40;343.570234389975
2015-03-29 19:43:43;342.833473500013
2015-03-29 19:44:09;333.0117852741
2015-03-29 19:44:47;338.30096268237
2015-03-29 19:44:58;339.804193690042
2015-03-29 19:44:58;339.543521635372
2015-03-29 19:45:00;335.645222286849
2015-03-29 19:45:02;329.916501478059
2015-03-29 19:45:03;331.90941697121
2015-03-29 19:45:05;330.910906316231
2015-03-29 19:46:43;326.861878035982
2015-03-29 19:46:49;473.825820267412
2015-03-29 19:46:50;348.96596071747
2015-03-29 19:47:26;352.920257782645
2015-03-29 19:48:19;338.815081834494
2015-03-29 19:48:32;348.421468090119
2015-03-29 19:48:39;345.59037703531
2015-03-29 19:48:57;337.872424947479
2015-03-29 19:49:30;348.392811363352
2015-03-29 19:50:46;333.452077450547
2015-03-29 19:50:48;335.261740032497
2015-03-29 19:51:00;452.467083996754
2015-03-29 19:51:29;356.883453668112
2015-03-29 19:51:36;354.227033223501
2015-03-29 19:51:42;351.433215618368
2015-03-29 19:53:09;348.415834107453
2015-03-29 19:53:11;373.840479895905
2015-03-29 19:53:19;380.046312844634
2015-03-29 19:53:23;359.832109014461
2015-03-29 19:53:27;358.456938712065
2015-03-29 19:55:41;358.887018776609
2015-03-29 19:56:08;340.670474374552
2015-03-29 19:57:03;359.805582680058
2015-03-29 19:57:06;338.835164527659
2015-03-29 19:57:17;337.656865386554
2015-03-29 19:58:43;343.304511749534
2015-03-29 19:58:58;351.208143293203
2015-03-29 19:59:36;345.478154648433
2015-03-29 19:59:38;353.39641309861
2015-03-29 20:00:47;352.261053359428
2015-03-29 20:00:49;353.321518594548
2015-03-29 20:00:53;362.814541339487
2015-03-29 20:01:02;349.341253341422
2015-03-29 20:01:05;345.189263016451
2015-03-29 20:01:14;354.825280508759
2015-03-29 20:01:15;355.741085037948
2015-03-29 20:01:25;343.640787289857
2015-03-29 20:02:52;345.826261124657
2015-03-29 20:03:00;339.252787316362
2015-03-29 20:03:14;334.129345384498
2015-03-29 20:03:18;330.701310418891
2015-03-29 20:03:21;327.734310366369
2015-03-29 20:03:34;338.774182818116
2015-03-29 20:03:36;335.577959942015
2015-03-29 20:03:44;327.93045362341
2015-03-29 20:04:24;325.892820171575
2015-03-29 20:05:08;328.677670820511
2015-03-29 20:05:14;329.502764864218
2015-03-29 20:05:18;333.278138977185
2015-03-29 20:05:20;327.673399758316
2015-03-29 20:05:44;323.957908850255
2015-03-29 20:05:48;323.659360336813
2015-03-29 20:05:54;322.519131274728
2015-03-29 20:06:51;335.327452090175
2015-03-29 20:07:00;339.972370576919
2015-03-29 20:07:13;329.780863049187
2015-03-29 20:07:24;326.078070588243
2015-03-29 20:07:34;370.882493719563
2015-03-29 20:07:37;344.966804517776
2015-03-29 20:07:40;343.445292220837
2015-03-29 20:07:51;343.931348242724
2015-03-29 20:08:04;345.607296419465
2015-03-29 20:08:09;329.131470766827
2015-03-29 20:08:12;329.31701417866
2015-03-29 20:08:25;330.873277959602
2015-03-29 20:09:13;345.757916362474
2015-03-29 20:10:20;330.216629110758
2015-03-29 20:10:35;332.513682742959
2015-03-29 20:10:42;327.414363760244
2015-03-29 20:11:48;339.103133648787
2015-03-29 20:13:44;330.345668088262
2015-03-29 20:13:49;320.816130633375
2015-03-29 20:14:06;329.419160210434
2015-03-29 20:14:18;336.011578964806
2015-03-29 20:14:46;323.282424777537
2015-03-29 20:14:53;323.086297120718
2015-03-29 20:16:14;333.660430730549
2015-03-29 20:16:21;321.956766637897
2015-03-29 20:17:55;337.17235263141
2015-03-29 20:19:32;334.248806155917
2015-03-29 20:19:34;333.433825125513
2015-03-29 20:20:45;449.325970893499
2015-03-29 20:20:55;342.172178009548
2015-03-29 20:21:59;340.951743768458
2015-03-29 20:22:41;342.469359510756
2015-03-29 20:22:43;334.707280135211
2015-03-29 20:23:09;343.820004113108
2015-03-29 20:23:30;337.830889319667
2015-03-29 20:24:15;335.076383609354
2015-03-29 20:24:34;341.890617755425
2015-03-29 20:24:43;335.550703703691
2015-03-29 20:24:45;334.891756512279
2015-03-29 20:24:50;354.481953951947
2015-03-29 20:24:52;338.112709027077
2015-03-29 20:25:11;348.431530951393
2015-03-29 20:25:13;343.108254961658
2015-03-29 20:25:27;344.28776023569
2015-03-29 20:25:34;336.918591531086
2015-03-29 20:25:47;366.395899198293
2015-03-29 20:25:50;366.513863910686
2015-03-29 20:25:54;366.844049875653
2015-03-29 20:25:56;362.386776513606
2015-03-29 20:26:04;350.088124845022
2015-03-29 20:26:23;349.724167996063
2015-03-29 20:26:28;358.820820403462
2015-03-29 20:26:52;359.509084377676
2015-03-29 20:26:59;358.032540961966
2015-03-29 20:27:01;356.780026312847
2015-03-29 20:27:21;348.15396473805
2015-03-29 20:27:29;351.147497767087
2015-03-29 20:27:32;353.682557929658
2015-03-29 20:27:40;351.114188831832
2015-03-29 20:27:42;343.891454598094
2015-03-29 20:27:45;383.121376023252
2015-03-29 20:27:47;354.763604079408
2015-03-29 20:27:52;360.990327567351
2015-03-29 20:27:57;357.673355910339
2015-03-29 20:28:05;354.514735015184
2015-03-29 20:28:08;353.63579098051
2015-03-29 20:29:19;357.236900209556
2015-03-29 20:29:43;353.621256652277
2015-03-29 20:29:52;353.178639659759
2015-03-29 20:29:54;377.063718804771
2015-03-29 20:29:57;362.705037874813
2015-03-29 20:30:03;349.96858196612
2015-03-29 20:30:45;351.099025351474
2015-03-29 20:31:38;353.907331312897
2015-03-29 20:31:43;365.610688360738
2015-03-29 20:32:07;351.085032312521
2015-03-29 20:32:33;353.529881709362
2015-03-29 20:33:41;355.720223775513
2015-03-29 20:33:56;361.981957786714
2015-03-29 20:34:13;354.239216774939
2015-03-29 20:34:31;340.448736266588
2015-03-29 20:35:11;341.704019604401
2015-03-29 20:35:13;340.209013685157
2015-03-29 20:35:53;348.519695275558
2015-03-29 20:36:13;353.875323544492
2015-03-29 20:36:27;330.081285655357
2015-03-29 20:39:05;337.303829259538
2015-03-29 20:39:08;336.115861547103
2015-03-29 20:39:41;346.516164628869
2015-03-29 20:39:56;341.42564035385
2015-03-29 20:40:42;334.13767512991
2015-03-29 20:40:56;330.966430249238
2015-03-29 20:41:01;344.18181476669
2015-03-29 20:41:23;334.872064485717
2015-03-29 20:41:27;340.908211297627
2015-03-29 20:43:09;333.63034157505
2015-03-29 20:44:06;346.073188362621
2015-03-29 20:44:08;338.076432193322
2015-03-29 20:44:10;347.418978650646
2015-03-29 20:44:16;342.827835529557
2015-03-29 20:44:50;335.408629119035
2015-03-29 20:44:56;335.027581116781
2015-03-29 20:46:02;329.514069590642
2015-03-29 20:46:09;343.727471259748
2015-03-29 20:46:10;342.671258559898
2015-03-29 20:46:13;342.73387308102
2015-03-29 20:47:31;333.011424746323
2015-03-29 20:47:34;332.714487827586
2015-03-29 20:47:36;463.775886667654
2015-03-29 20:48:23;359.601690476184
2015-03-29 20:48:33;363.682599866316
2015-03-29 20:48:47;362.31751709386
2015-03-29 20:48:51;341.020556360969
2015-03-29 20:50:31;342.624183321447
2015-03-29 20:50:33;346.699294511214
2015-03-29 20:50:36;343.649807214934
2015-03-29 20:50:38;359.655297503492
2015-03-29 20:50:49;363.555648372999
2015-03-29 20:51:11;346.029613443941
2015-03-29 20:51:59;339.709517919149
2015-03-29 20:53:01;341.550291098342
2015-03-29 20:53:03;352.31118355552
2015-03-29 20:53:47;349.885132721739
2015-03-29 20:54:17;347.238177051394
2015-03-29 20:54:33;344.988430524394
2015-03-29 20:55:01;349.533731792455
2015-03-29 20:55:33;350.035022137746
2015-03-29 20:55:34;346.286625348216
2015-03-29 20:56:42;370.545841200661
2015-03-29 20:56:43;352.543281153319
2015-03-29 20:57:40;341.884337819815
2015-03-29 20:59:43;345.433139129165
2015-03-29 21:01:09;348.147093892976
2015-03-29 21:01:49;328.528861419641
2015-03-29 21:02:32;340.047611293652
2015-03-29 21:02:34;331.550847618083
2015-03-29 21:02:41;340.023026073906
2015-03-29 21:02:48;332.873847207264
2015-03-29 21:02:54;334.056582476046
2015-03-29 21:02:59;337.636241538453
2015-03-29 21:04:59;346.019435093751
2015-03-29 21:05:14;332.918722399007
2015-03-29 21:05:19;339.448947685281
2015-03-29 21:05:22;337.31966985082
2015-03-29 21:05:26;333.602354719017
2015-03-29 21:05:38;352.139973557152
2015-03-29 21:05:42;335.612545150344
2015-03-29 21:05:52;335.118240840954
2015-03-29 21:05:53;347.591958484588
2015-03-29 21:05:57;337.849612522697
2015-03-29 21:06:44;335.972873303106
2015-03-29 21:06:47;336.065917080221
2015-03-29 21:06:49;336.558722354868
2015-03-29 21:07:01;372.927922755894
2015-03-29 21:07:25;369.318486816883
2015-03-29 21:07:26;380.790865760712
2015-03-29 21:07:31;357.950051309688
2015-03-29 21:07:33;358.16585084515
2015-03-29 21:07:37;357.432751182618
2015-03-29 21:09:46;348.713468901623
2015-03-29 21:10:40;356.344060072446
2015-03-29 21:11:43;336.021184751344
2015-03-29 21:14:29;350.060705621761
2015-03-29 21:17:10;360.31605441568
2015-03-29 21:17:13;391.313673355447
2015-03-29 21:17:22;385.547118907795
2015-03-29 21:17:33;361.991652581759
2015-03-29 21:18:49;365.229214674426
2015-03-29 21:19:05;363.357548936657
2015-03-29 21:19:26;345.877689626545
2015-03-29 21:20:17;363.328710028961
2015-03-29 21:20:20;363.137018256353
2015-03-29 21:21:00;330.649291763273
2015-03-29 21:21:13;329.546871230795
2015-03-29 21:21:18;358.456162549364
2015-03-29 21:21:22;366.009768245303
2015-03-29 21:22:35;326.807994648719
2015-03-29 21:22:43;321.061183111188
2015-03-29 21:23:16;318.864366904162
2015-03-29 21:23:18;320.087150670256
2015-03-29 21:23:20;325.084158128351
2015-03-29 21:23:31;334.150954611801
2015-03-29 21:24:06;327.662103721026
2015-03-29 21:24:07;322.507658760101
2015-03-29 21:24:09;325.951395912739
2015-03-29 21:24:13;318.563861940622
2015-03-29 21:24:19;324.162993383331
2015-03-29 21:24:29;337.837827587745
2015-03-29 21:24:31;338.46267373684
2015-03-29 21:26:08;329.829521423076
2015-03-29 21:26:18;352.864084130908
2015-03-29 21:27:01;344.332148057827
2015-03-29 21:27:54;331.28996008681
2015-03-29 21:30:11;351.785414099612
2015-03-29 21:32:47;341.033506387198
2015-03-29 21:33:21;351.033122835572
2015-03-29 21:33:23;352.523553517621
2015-03-29 21:33:48;348.652850438051
2015-03-29 21:33:50;349.489576426507
2015-03-29 21:35:15;328.035333410655
2015-03-29 21:36:22;350.034858211575
2015-03-29 21:37:08;364.435446837703
2015-03-29 21:37:59;357.39649263413
2015-03-29 21:38:01;359.035626308628
2015-03-29 21:38:08;332.020737751081
2015-03-29 21:38:27;351.493654956064
2015-03-29 21:38:39;360.174903451684
2015-03-29 21:38:49;363.914192929049
2015-03-29 21:39:00;348.081806409539
2015-03-29 21:39:56;339.213781918406
2015-03-29 21:40:16;360.787662319395
2015-03-29 21:41:15;327.482399159229
2015-03-29 21:41:25;317.320927734454
2015-03-29 21:41:29;331.243007613799
2015-03-29 21:41:41;330.162368493939
2015-03-29 21:43:16;318.021510499564
2015-03-29 21:43:20;316.347780034917
2015-03-29 21:43:36;317.106941174809
2015-03-29 21:43:51;310.210717844616
2015-03-29 21:48:03;327.563645695213
2015-03-29 21:49:25;336.081980314733
2015-03-29 21:49:29;329.077342164716
2015-03-29 21:49:36;328.545457417831
2015-03-29 21:49:40;328.758977615622
2015-03-29 21:50:50;329.500878509239
2015-03-29 21:50:52;327.379469165823
2015-03-29 21:51:15;341.845357908755
2015-03-29 21:52:59;337.690743519415
2015-03-29 21:52:59;332.574472992745
2015-03-29 21:54:38;337.270709210026
2015-03-29 21:55:03;339.758757565569
2015-03-29 21:56:24;337.026399102065
2015-03-29 21:56:52;329.768137558884
2015-03-29 21:58:11;331.521520092487
2015-03-29 21:59:42;322.76663568978
2015-03-29 21:59:47;324.210806328147
2015-03-29 21:59:59;325.099276108799
2015-03-29 22:00:51;327.937835167456
2015-03-29 22:01:27;314.581459424886
2015-03-29 22:01:31;317.655913093041
2015-03-29 22:01:32;322.998167902994
2015-03-29 22:02:03;324.070846313368
2015-03-29 22:02:56;325.366730380645
2015-03-29 22:04:03;311.844581098995
2015-03-29 22:04:51;320.366825920315
2015-03-29 22:06:02;316.626311782954
2015-03-29 22:08:52;314.069843756547
2015-03-29 22:09:28;319.630747722969
2015-03-29 22:09:58;339.137420648876
2015-03-29 22:10:53;333.199359322719
2015-03-29 22:11:48;327.124523640234
2015-03-29 22:11:51;326.040307826713
2015-03-29 22:12:23;322.880481736762
2015-03-29 22:15:01;324.000029185964
2015-03-29 22:21:15;309.531534535774
2015-03-29 22:21:18;319.086199217377
2015-03-29 22:21:20;341.191075222451
2015-03-29 22:22:33;322.580686149116
2015-03-29 22:23:22;311.454256361643
2015-03-29 22:23:37;339.19999727915
2015-03-29 22:24:23;338.990977017438
2015-03-29 22:24:48;341.780081577534
2015-03-29 22:24:50;313.047518396395
2015-03-29 22:24:51;319.360712559448
2015-03-29 22:24:58;332.063724903895
2015-03-29 22:25:03;327.39883727506
2015-03-29 22:26:13;368.097566195158
2015-03-29 22:26:26;335.264114221689
2015-03-29 22:26:29;334.75535674102
2015-03-29 22:26:40;332.883934791474
2015-03-29 22:27:05;321.870777023116
2015-03-29 22:27:18;332.91126178155
2015-03-29 22:27:22;322.456611530223
2015-03-29 22:27:23;321.151202141711
2015-03-29 22:27:33;320.998095497507
2015-03-29 22:27:46;329.828990694422
2015-03-29 22:28:10;330.378417604524
2015-03-29 22:29:13;329.767795732834
2015-03-29 22:32:52;332.590449425403
2015-03-29 22:36:14;329.397932369463
2015-03-29 22:37:22;337.486437818647
2015-03-29 22:37:24;335.981785360438
2015-03-29 22:40:56;363.056890501613
2015-03-29 22:41:09;371.642008863128
2015-03-29 22:41:11;364.2564179931
2015-03-29 22:42:20;344.938125894709
2015-03-29 22:43:21;335.419332574779
2015-03-29 22:46:17;318.687551728942
2015-03-29 22:46:39;341.797704919839
2015-03-29 22:47:59;317.83704801894
2015-03-29 22:48:58;312.83280616543
2015-03-29 22:52:10;318.63625722749
2015-03-29 22:53:05;323.924049213415
2015-03-29 22:54:28;319.658103906765
2015-03-29 22:56:09;313.688087305678
2015-03-29 23:04:52;353.569121108871
2015-03-29 23:04:54;354.329757217002
2015-03-29 23:05:22;357.981570659091
2015-03-29 23:05:24;357.345745100647
2015-03-29 23:05:26;353.546399156712
2015-03-29 23:05:51;324.124827871923
2015-03-29 23:05:57;321.891534385811
2015-03-29 23:06:00;321.046568549751
2015-03-29 23:06:05;321.082683911158
2015-03-29 23:06:12;323.209762117589
2015-03-29 23:07:14;332.911615164174
2015-03-29 23:07:21;333.622269756352
2015-03-29 23:09:10;326.549968203306
2015-03-29 23:10:08;318.544071397905
2015-03-29 23:10:25;316.44905254527
2015-03-29 23:13:08;319.585499389256
2015-03-29 23:14:17;327.864202474059
2015-03-29 23:19:17;317.374461403222
2015-03-29 23:19:24;321.533099096741
2015-03-29 23:24:03;320.745528835347
2015-03-29 23:24:42;312.594705024276
2015-03-29 23:27:08;310.323609468566
2015-03-29 23:27:22;318.44589311371
2015-03-29 23:30:18;316.130468246697
2015-03-29 23:30:46;323.388553878959
2015-03-29 23:32:33;326.268347877713
2015-03-29 23:35:09;341.482568208297
2015-03-29 23:35:15;342.078129047989
2015-03-29 23:36:42;354.955818271445
2015-03-29 23:38:16;335.890745356606
2015-03-29 23:40:40;329.650202363252
2015-03-29 23:40:43;325.392995090809
2015-03-29 23:43:34;309.914386088086
2015-03-29 23:44:58;318.696739473552
2015-03-29 23:47:00;339.089492504041
2015-03-29 23:47:01;312.894071120777
2015-03-29 23:50:39;333.859034845371
2015-03-29 23:52:33;336.692255305975
2015-03-29 23:52:36;335.994022407181
2015-03-29 23:53:03;339.272457604032
