dateAndTime;prediction
2015-03-29 00:00:33;397.522472196935
2015-03-29 00:01:28;397.60370256188
2015-03-29 00:04:14;397.346652813341
2015-03-29 00:05:16;397.395048552161
2015-03-29 00:05:52;397.416404080436
2015-03-29 00:06:16;395.341120619295
2015-03-29 00:06:50;395.317085647556
2015-03-29 00:07:00;395.341120619295
2015-03-29 00:07:06;395.341120619295
2015-03-29 00:08:08;396.170911493808
2015-03-29 00:08:36;397.276955016448
2015-03-29 00:09:26;395.682580023268
2015-03-29 00:09:59;395.724684982365
2015-03-29 00:12:03;390.459702211547
2015-03-29 00:15:08;384.252532206965
2015-03-29 00:15:41;384.298508220343
2015-03-29 00:16:34;384.336032934982
2015-03-29 00:16:57;384.359877693756
2015-03-29 00:18:05;383.210364172941
2015-03-29 00:18:12;383.262528040543
2015-03-29 00:19:58;383.262528040543
2015-03-29 00:20:08;383.316683572565
2015-03-29 00:20:19;383.362619811074
2015-03-29 00:22:50;387.158332210959
2015-03-29 00:24:42;387.136818785625
2015-03-29 00:27:53;395.004278872165
2015-03-29 00:29:45;392.892765539473
2015-03-29 00:30:53;410.316897832604
2015-03-29 00:30:53;410.316897832604
2015-03-29 00:34:38;409.317294081069
2015-03-29 00:35:10;406.246758735896
2015-03-29 00:35:15;406.270764014761
2015-03-29 00:35:26;406.270764014761
2015-03-29 00:35:51;406.294655947653
2015-03-29 00:37:24;406.36565696953
2015-03-29 00:38:26;406.385150104772
2015-03-29 00:39:41;404.619254137802
2015-03-29 00:41:21;400.847594307925
2015-03-29 00:43:12;397.205868886246
2015-03-29 00:44:42;395.412188039474
2015-03-29 00:47:42;393.585149783241
2015-03-29 00:47:43;393.609322168283
2015-03-29 00:48:37;400.410959534032
2015-03-29 00:50:05;398.138707219589
2015-03-29 00:54:02;428.033884263503
2015-03-29 00:54:06;428.033884263503
2015-03-29 00:54:53;428.052880501059
2015-03-29 00:56:55;426.771459336332
2015-03-29 00:58:37;422.322854746934
2015-03-29 00:59:20;422.34677349646
2015-03-29 00:59:57;422.34677349646
2015-03-29 01:04:15;461.720248986389
2015-03-29 01:04:55;458.408834043597
2015-03-29 01:05:47;458.558201968006
2015-03-29 01:06:00;458.558201968006
2015-03-29 01:06:04;458.576877233486
2015-03-29 01:06:05;458.595464458956
2015-03-29 01:08:07;457.294374284134
2015-03-29 01:08:10;457.31900200888
2015-03-29 01:08:28;457.334403567046
2015-03-29 01:08:31;457.35884292696
2015-03-29 01:08:33;457.383167277772
2015-03-29 01:14:52;436.167765421525
2015-03-29 01:18:11;436.263274978846
2015-03-29 01:19:21;436.186806240482
2015-03-29 01:22:36;457.81533866243
2015-03-29 01:22:54;457.848052390047
2015-03-29 01:23:54;451.266821712062
2015-03-29 01:25:02;451.518858684367
2015-03-29 01:29:34;441.523488745141
2015-03-29 01:31:34;441.523488745141
2015-03-29 01:32:08;441.574357589962
2015-03-29 01:32:30;441.574357589962
2015-03-29 01:34:24;438.738493561201
2015-03-29 01:35:13;438.711182207935
2015-03-29 01:41:13;431.157774435783
2015-03-29 01:41:29;431.182089488334
2015-03-29 01:42:20;431.215204917603
2015-03-29 01:43:03;431.215204917603
2015-03-29 01:45:43;467.34513807976
2015-03-29 01:47:29;455.726921340218
2015-03-29 01:49:15;468.529711042578
2015-03-29 01:55:24;480.133643619208
2015-03-29 01:57:23;480.163261229736
2015-03-29 01:57:44;480.177965561087
2015-03-29 01:57:52;480.177965561087
2015-03-29 01:58:32;480.192600678181
2015-03-29 01:59:23;477.952994794859
2015-03-29 03:04:25;547.31028533919
2015-03-29 03:06:04;547.335572027336
2015-03-29 03:07:39;547.213372516
2015-03-29 03:07:58;547.225237928936
2015-03-29 03:16:05;534.166950961948
2015-03-29 03:18:17;534.240891947952
2015-03-29 03:18:28;534.240891947952
2015-03-29 03:18:57;534.267041146247
2015-03-29 03:19:19;534.293068956694
2015-03-29 03:19:21;534.318975938447
2015-03-29 03:22:40;530.79368259026
2015-03-29 03:23:57;524.492362378179
2015-03-29 03:24:21;524.492362378179
2015-03-29 03:24:55;524.492362378179
2015-03-29 03:25:56;524.474191650129
2015-03-29 03:26:40;524.919778788126
2015-03-29 03:26:42;524.935872609742
2015-03-29 03:27:39;524.967835487152
2015-03-29 03:27:52;522.858494746375
2015-03-29 03:31:10;519.080497705207
2015-03-29 03:32:20;514.621747991123
2015-03-29 03:39:41;529.624898978867
2015-03-29 03:41:53;529.397235014922
2015-03-29 03:43:24;529.951604176085
2015-03-29 03:46:29;523.134713549514
2015-03-29 03:48:54;523.110338333348
2015-03-29 03:51:24;518.656072460558
2015-03-29 03:51:33;518.63104092823
2015-03-29 03:53:03;544.362832344127
2015-03-29 03:55:58;540.407499966756
2015-03-29 03:56:51;540.423125859833
2015-03-29 03:56:52;540.423125859833
2015-03-29 03:59:50;548.242861245237
2015-03-29 04:02:11;548.242861245237
2015-03-29 04:02:43;544.045187057287
2015-03-29 04:08:34;568.300463932505
2015-03-29 04:10:42;568.300463932505
2015-03-29 04:11:34;568.458102901061
2015-03-29 04:16:16;572.62301687336
2015-03-29 04:24:01;611.779167976307
2015-03-29 04:25:28;611.553398849107
2015-03-29 04:28:06;610.032677071556
2015-03-29 04:29:55;642.851325906504
2015-03-29 04:34:13;663.061705772591
2015-03-29 04:41:01;648.354357660769
2015-03-29 04:42:42;648.407989489702
2015-03-29 04:43:20;648.434621060073
2015-03-29 04:43:30;648.461130479933
2015-03-29 04:44:15;648.531692067816
2015-03-29 04:49:04;630.776355766767
2015-03-29 04:50:54;624.673257429298
2015-03-29 04:53:55;618.711927248023
2015-03-29 04:53:56;618.737980136038
2015-03-29 04:55:12;612.45607304365
2015-03-29 04:57:57;612.106667705241
2015-03-29 05:05:48;590.744164092853
2015-03-29 05:10:48;590.76349072064
2015-03-29 05:10:50;590.76349072064
2015-03-29 05:10:52;590.791137426246
2015-03-29 05:11:38;586.381777208931
2015-03-29 05:15:08;586.436010813586
2015-03-29 05:20:23;562.292982230295
2015-03-29 05:25:36;562.467328809004
2015-03-29 05:32:49;557.66684617211
2015-03-29 05:35:28;557.780523498225
2015-03-29 05:37:06;557.808683971987
2015-03-29 05:43:18;553.203256944343
2015-03-29 05:47:13;552.516783611007
2015-03-29 05:49:48;548.110519543749
2015-03-29 06:05:45;540.328822155533
2015-03-29 06:08:06;540.328822155533
2015-03-29 06:08:24;540.357434960341
2015-03-29 06:09:35;540.385916433246
2015-03-29 06:09:40;540.414267172208
2015-03-29 06:11:57;540.414267172208
2015-03-29 06:17:15;522.381892027962
2015-03-29 06:23:55;522.581005330469
2015-03-29 06:24:50;522.609828930617
2015-03-29 06:24:57;522.638520225745
2015-03-29 06:29:25;509.969476302055
2015-03-29 06:35:54;524.284015779868
2015-03-29 06:42:16;528.679450104346
2015-03-29 06:45:02;528.707925623992
2015-03-29 07:01:01;566.041198666728
2015-03-29 07:08:59;556.669372527145
2015-03-29 07:16:53;552.676872453335
2015-03-29 07:17:41;552.650296944573
2015-03-29 07:19:59;552.593675785545
2015-03-29 07:23:18;543.531940177594
2015-03-29 07:24:03;543.558840405086
2015-03-29 07:24:05;543.585618024498
2015-03-29 07:24:41;543.638807654418
2015-03-29 07:28:29;537.556572098698
2015-03-29 07:31:57;525.612127863626
2015-03-29 07:31:59;525.585492178091
2015-03-29 07:33:08;525.61564242418
2015-03-29 07:33:47;521.749936359717
2015-03-29 07:36:08;521.769960975815
2015-03-29 07:37:51;517.852236474639
2015-03-29 07:42:05;502.916830816769
2015-03-29 07:45:07;502.777114412698
2015-03-29 07:46:06;502.750241873115
2015-03-29 07:46:50;502.964261178673
2015-03-29 07:53:34;491.813251173452
2015-03-29 07:54:59;491.810322677049
2015-03-29 07:55:19;491.83674536507
2015-03-29 07:55:27;491.863048813809
2015-03-29 07:56:45;491.98768427734
2015-03-29 07:56:46;491.98768427734
2015-03-29 07:56:49;491.98768427734
2015-03-29 07:57:20;492.013306493186
2015-03-29 07:58:29;488.463650791257
2015-03-29 08:01:58;463.783086734818
2015-03-29 08:02:03;463.809804354563
2015-03-29 08:04:45;471.115227779462
2015-03-29 08:07:48;464.495467333838
2015-03-29 08:10:10;460.729526467706
2015-03-29 08:10:51;460.756342592395
2015-03-29 08:12:57;460.787002807796
2015-03-29 08:19:44;451.598551360867
2015-03-29 08:21:36;451.535492913142
2015-03-29 08:21:44;451.562217520702
2015-03-29 08:22:41;451.704416755642
2015-03-29 08:22:48;451.730387395467
2015-03-29 08:22:50;451.756242103572
2015-03-29 08:22:57;451.781981393386
2015-03-29 08:22:58;451.781981393386
2015-03-29 08:23:40;451.807605776099
2015-03-29 08:26:23;445.685334597789
2015-03-29 08:29:09;432.532450070804
2015-03-29 08:31:28;434.582323122606
2015-03-29 08:32:52;434.781883993795
2015-03-29 08:33:11;434.979646432055
2015-03-29 08:35:36;432.420958520611
2015-03-29 08:36:57;429.433018349148
2015-03-29 08:37:38;433.173397719302
2015-03-29 08:38:58;428.899465004584
2015-03-29 08:42:31;420.460926719364
2015-03-29 08:43:20;420.382464554152
2015-03-29 08:45:48;433.195666265962
2015-03-29 08:45:50;433.218642887302
2015-03-29 08:45:51;433.241516921186
2015-03-29 08:47:10;433.939820423704
2015-03-29 08:50:15;428.574184861224
2015-03-29 08:52:03;418.762150335142
2015-03-29 08:52:41;418.762150335142
2015-03-29 08:56:46;413.055120099062
2015-03-29 09:00:06;453.968158352984
2015-03-29 09:00:09;453.984716856728
2015-03-29 09:02:49;448.229287285594
2015-03-29 09:05:37;445.411368198897
2015-03-29 09:06:38;445.489641195361
2015-03-29 09:07:33;445.542739067329
2015-03-29 09:09:12;443.312830837615
2015-03-29 09:09:14;443.338702711096
2015-03-29 09:11:17;441.00482645906
2015-03-29 09:11:19;441.029261718724
2015-03-29 09:13:43;435.144083224176
2015-03-29 09:15:02;434.893236741821
2015-03-29 09:16:58;430.25552935167
2015-03-29 09:18:23;427.609277853216
2015-03-29 09:22:13;422.768425665557
2015-03-29 09:22:17;422.794847696376
2015-03-29 09:23:48;427.40653158081
2015-03-29 09:24:22;427.455108122586
2015-03-29 09:24:30;427.479235458899
2015-03-29 09:24:37;427.527170612716
2015-03-29 09:24:40;427.55097936427
2015-03-29 09:25:25;427.746815242714
2015-03-29 09:29:24;415.580871486296
2015-03-29 09:29:45;413.628481928629
2015-03-29 09:32:11;411.452628202685
2015-03-29 09:32:39;411.452628202685
2015-03-29 09:34:11;411.557912685808
2015-03-29 09:34:39;409.678997803144
2015-03-29 09:38:51;402.673372584318
2015-03-29 09:38:58;402.698255490386
2015-03-29 09:40:03;402.64333348134
2015-03-29 09:40:10;402.668348721611
2015-03-29 09:44:04;401.569316058285
2015-03-29 09:44:09;401.593635214425
2015-03-29 09:44:16;401.593635214425
2015-03-29 09:44:39;412.854001758727
2015-03-29 09:45:07;410.464170157205
2015-03-29 09:45:29;410.464170157205
2015-03-29 09:45:31;410.487010797041
2015-03-29 09:46:33;410.509751038821
2015-03-29 09:47:23;410.532391320715
2015-03-29 09:47:26;410.554932079011
2015-03-29 09:47:37;410.577373748118
2015-03-29 09:48:49;408.491391896969
2015-03-29 09:49:11;404.634229718572
2015-03-29 09:49:40;404.169816006528
2015-03-29 09:49:54;402.166379466272
2015-03-29 09:50:19;395.319665782216
2015-03-29 09:50:27;395.34425744949
2015-03-29 09:51:10;395.294965735175
2015-03-29 09:51:23;395.34425744949
2015-03-29 09:51:25;395.368741208838
2015-03-29 09:52:25;389.786827578529
2015-03-29 09:52:32;389.786827578529
2015-03-29 09:54:25;384.054360222824
2015-03-29 09:54:56;378.621758082884
2015-03-29 09:55:58;376.919054252414
2015-03-29 09:56:00;376.942715251052
2015-03-29 09:56:42;373.860318346385
2015-03-29 09:58:40;376.645238375495
2015-03-29 10:03:22;369.30624014411
2015-03-29 10:04:42;369.242236940434
2015-03-29 10:05:02;369.267385931724
2015-03-29 10:05:11;369.292425991825
2015-03-29 10:05:26;372.75460160232
2015-03-29 10:05:27;372.778411735233
2015-03-29 10:05:54;373.015979976301
2015-03-29 10:08:11;373.015979976301
2015-03-29 10:08:13;373.038655535336
2015-03-29 10:08:15;373.061232646047
2015-03-29 10:10:37;366.45002237835
2015-03-29 10:11:44;375.394693527297
2015-03-29 10:14:15;369.946121876799
2015-03-29 10:14:53;369.996806181612
2015-03-29 10:15:27;370.183947680232
2015-03-29 10:16:02;369.715814798438
2015-03-29 10:18:00;373.324847455949
2015-03-29 10:18:05;373.347077164778
2015-03-29 10:18:14;373.369209930019
2015-03-29 10:18:16;373.39124617141
2015-03-29 10:19:21;372.017269190073
2015-03-29 10:20:43;370.755350111246
2015-03-29 10:21:05;369.488792661339
2015-03-29 10:21:45;369.335286434907
2015-03-29 10:21:56;369.358496696852
2015-03-29 10:22:06;369.358496696852
2015-03-29 10:23:41;362.780569807737
2015-03-29 10:23:44;362.804286641315
2015-03-29 10:23:46;362.827900040209
2015-03-29 10:23:56;362.827900040209
2015-03-29 10:23:59;362.851410452039
2015-03-29 10:25:04;362.775611106325
2015-03-29 10:25:17;362.822984496452
2015-03-29 10:25:20;362.846516347135
2015-03-29 10:25:25;362.869945563682
2015-03-29 10:26:05;358.995396383326
2015-03-29 10:26:14;358.972244851692
2015-03-29 10:26:49;367.672923118087
2015-03-29 10:27:03;367.672923118087
2015-03-29 10:27:44;367.875019854653
2015-03-29 10:29:11;360.647339887694
2015-03-29 10:29:34;360.690806377028
2015-03-29 10:29:55;359.198488714622
2015-03-29 10:30:06;356.664765946263
2015-03-29 10:30:45;356.532568278254
2015-03-29 10:30:49;355.328295450877
2015-03-29 10:31:23;354.442510784287
2015-03-29 10:31:46;353.223106001206
2015-03-29 10:31:55;353.198193747783
2015-03-29 10:31:57;353.22070472468
2015-03-29 10:32:27;352.381241095135
2015-03-29 10:33:03;351.627003336178
2015-03-29 10:33:09;351.649415365198
2015-03-29 10:33:17;351.693948219544
2015-03-29 10:33:18;351.716069880083
2015-03-29 10:34:24;350.474817012687
2015-03-29 10:34:35;348.802414014848
2015-03-29 10:34:45;347.593508091412
2015-03-29 10:35:34;355.071594729818
2015-03-29 10:35:35;355.093612144
2015-03-29 10:35:48;354.078446626521
2015-03-29 10:35:53;352.638231809125
2015-03-29 10:35:55;352.638231809125
2015-03-29 10:37:55;356.719995828114
2015-03-29 10:37:57;355.601974480826
2015-03-29 10:38:12;354.438243664813
2015-03-29 10:38:51;354.438243664813
2015-03-29 10:39:14;353.215965443427
2015-03-29 10:39:36;352.359749627798
2015-03-29 10:39:43;351.414997492225
2015-03-29 10:39:59;351.436002541422
2015-03-29 10:42:56;361.970934675595
2015-03-29 10:43:18;360.320509461427
2015-03-29 10:44:16;357.639116153266
2015-03-29 10:44:18;357.660941949019
2015-03-29 10:44:23;357.704312542793
2015-03-29 10:44:52;355.106524692737
2015-03-29 10:45:41;355.120592847895
2015-03-29 10:45:46;355.095783875705
2015-03-29 10:45:51;355.13930167176
2015-03-29 10:46:11;355.193287476635
2015-03-29 10:46:24;355.193287476635
2015-03-29 10:48:52;354.380306027992
2015-03-29 10:50:31;347.110808047954
2015-03-29 10:51:19;344.964860241001
2015-03-29 10:51:25;344.964860241001
2015-03-29 10:52:24;345.03173524288
2015-03-29 10:52:27;345.07584198582
2015-03-29 10:52:49;345.07584198582
2015-03-29 10:52:55;345.097753595126
2015-03-29 10:53:03;345.119571232511
2015-03-29 10:54:12;358.433282967693
2015-03-29 10:55:01;358.497016468971
2015-03-29 10:55:53;357.766664444369
2015-03-29 10:56:42;368.829297704082
2015-03-29 10:57:04;366.839118288176
2015-03-29 10:57:33;363.535174693895
2015-03-29 10:57:38;363.555473716882
2015-03-29 10:58:25;362.248627931108
2015-03-29 10:58:34;360.597769581763
2015-03-29 10:58:38;360.597769581763
2015-03-29 10:59:28;360.418408949423
2015-03-29 10:59:31;360.439610037338
2015-03-29 10:59:56;358.970815603412
2015-03-29 11:01:17;356.026756818583
2015-03-29 11:01:52;355.833741344851
2015-03-29 11:02:54;353.628118593242
2015-03-29 11:02:59;353.651000750183
2015-03-29 11:03:08;353.673784426453
2015-03-29 11:03:56;351.731822518237
2015-03-29 11:04:07;351.731822518237
2015-03-29 11:04:10;351.731822518237
2015-03-29 11:05:08;348.628063887373
2015-03-29 11:05:52;347.416052730524
2015-03-29 11:06:59;347.469537959656
2015-03-29 11:08:14;346.748478511531
2015-03-29 11:08:22;346.771589954095
2015-03-29 11:09:22;344.439487236889
2015-03-29 11:09:50;343.189046549553
2015-03-29 11:09:57;343.279769279793
2015-03-29 11:12:20;339.193319839804
2015-03-29 11:12:24;339.215759962349
2015-03-29 11:12:37;339.260350805687
2015-03-29 11:13:05;337.953570556168
2015-03-29 11:13:09;337.953570556168
2015-03-29 11:14:21;351.651215602349
2015-03-29 11:14:23;351.651215602349
2015-03-29 11:14:43;350.542653697418
2015-03-29 11:15:14;350.536347254953
2015-03-29 11:16:45;348.876758052434
2015-03-29 11:16:49;348.876758052434
2015-03-29 11:18:13;345.19855991322
2015-03-29 11:19:01;343.132276025503
2015-03-29 11:19:54;343.110721260961
2015-03-29 11:20:08;342.17904340293
2015-03-29 11:21:01;342.155935423616
2015-03-29 11:21:16;342.17906053204
2015-03-29 11:21:48;365.527568306283
2015-03-29 11:21:52;364.428458112298
2015-03-29 11:21:58;364.470660981139
2015-03-29 11:22:02;364.491625005378
2015-03-29 11:22:50;364.008830754457
2015-03-29 11:22:56;364.028897402586
2015-03-29 11:22:58;364.04887683611
2015-03-29 11:23:01;363.980367894695
2015-03-29 11:23:10;362.841841162535
2015-03-29 11:23:11;362.861670360704
2015-03-29 11:23:13;362.881413342547
2015-03-29 11:23:21;362.901070480495
2015-03-29 11:23:35;362.940128706499
2015-03-29 11:24:13;361.912238624323
2015-03-29 11:24:15;361.931265482986
2015-03-29 11:24:28;360.410431181079
2015-03-29 11:24:53;360.429680580034
2015-03-29 11:25:05;364.956131848495
2015-03-29 11:25:12;364.868393855292
2015-03-29 11:25:19;363.066504602058
2015-03-29 11:25:23;362.24157456648
2015-03-29 11:25:25;362.260824081478
2015-03-29 11:25:28;362.24157456648
2015-03-29 11:25:56;382.860811893216
2015-03-29 11:26:05;381.22300151596
2015-03-29 11:26:06;381.24162491549
2015-03-29 11:26:13;381.297008253464
2015-03-29 11:26:15;381.315308252522
2015-03-29 11:26:29;381.333528277642
2015-03-29 11:26:31;381.351668676291
2015-03-29 11:26:35;381.387711976588
2015-03-29 11:26:41;379.625364076927
2015-03-29 11:26:47;378.157558081309
2015-03-29 11:26:58;378.165767798477
2015-03-29 11:27:00;378.165767798477
2015-03-29 11:27:03;378.165767798477
2015-03-29 11:27:10;378.201711214775
2015-03-29 11:27:20;376.040300195423
2015-03-29 11:27:46;371.266277063722
2015-03-29 11:28:07;366.103143658441
2015-03-29 11:28:15;364.575726322176
2015-03-29 11:29:32;361.837642690327
2015-03-29 11:30:11;357.2574031367
2015-03-29 11:32:01;340.256074026142
2015-03-29 11:32:05;339.354778631747
2015-03-29 11:32:27;339.284469593027
2015-03-29 11:32:34;339.285047047084
2015-03-29 11:32:51;337.305097134981
2015-03-29 11:33:00;337.283447194333
2015-03-29 11:33:06;337.302660083497
2015-03-29 11:33:59;339.944360335277
2015-03-29 11:34:01;339.967235685157
2015-03-29 11:34:06;339.967235685157
2015-03-29 11:35:03;343.753938181334
2015-03-29 11:35:07;343.797894080536
2015-03-29 11:35:41;343.822525522544
2015-03-29 11:35:46;371.349834359884
2015-03-29 11:36:19;371.438760139509
2015-03-29 11:37:12;371.974576215464
2015-03-29 11:37:20;372.027699804821
2015-03-29 11:38:02;369.1050708761
2015-03-29 11:38:19;369.212449785538
2015-03-29 11:38:47;369.22961987943
2015-03-29 11:40:27;372.754926745443
2015-03-29 11:41:41;392.829011317409
2015-03-29 11:42:15;387.888861855852
2015-03-29 11:42:52;385.980547526997
2015-03-29 11:42:54;386.000938112104
2015-03-29 11:44:08;390.770502222965
2015-03-29 11:44:15;390.790898496122
2015-03-29 11:44:54;388.569065054826
2015-03-29 11:46:17;388.264857241973
2015-03-29 11:46:45;395.240580153258
2015-03-29 11:46:46;395.261056491718
2015-03-29 11:47:10;398.56456397216
2015-03-29 11:47:31;398.584334309795
2015-03-29 11:48:19;397.007461114169
2015-03-29 11:48:51;396.958599731859
2015-03-29 11:48:56;396.978293246571
2015-03-29 11:49:22;395.252990013257
2015-03-29 11:49:31;395.273140270678
2015-03-29 11:49:36;395.293204167318
2015-03-29 11:49:39;395.405480040642
2015-03-29 11:49:46;395.42497668764
2015-03-29 11:50:02;393.90685637599
2015-03-29 11:50:04;393.926302473992
2015-03-29 11:50:10;393.945665180795
2015-03-29 11:51:14;391.636430978036
2015-03-29 11:51:56;389.487613503056
2015-03-29 11:52:04;387.378281959837
2015-03-29 11:52:43;383.508320665019
2015-03-29 11:53:03;383.523221986873
2015-03-29 11:53:18;383.588249458688
2015-03-29 11:53:41;386.375072620819
2015-03-29 11:53:48;386.370811532266
2015-03-29 11:54:05;384.964425112945
2015-03-29 11:54:12;385.02696451454
2015-03-29 11:54:18;385.051460324686
2015-03-29 11:54:20;385.072023398593
2015-03-29 11:54:32;382.319380002786
2015-03-29 11:54:41;381.051368294747
2015-03-29 11:54:46;381.071894039005
2015-03-29 11:54:51;377.967845430557
2015-03-29 11:55:06;376.457785879163
2015-03-29 11:55:14;376.478333073407
2015-03-29 11:55:18;376.519163875682
2015-03-29 11:55:33;376.599781556358
2015-03-29 11:55:46;376.639574333609
2015-03-29 11:56:09;376.745957846888
2015-03-29 11:56:55;375.565995756092
2015-03-29 11:56:58;375.585180178144
2015-03-29 11:57:01;375.604282414393
2015-03-29 11:57:43;373.348982545639
2015-03-29 11:57:51;373.348982545639
2015-03-29 11:57:57;373.38670562546
2015-03-29 11:58:03;373.405446043818
2015-03-29 11:58:05;373.405446043818
2015-03-29 11:59:09;368.269666464578
2015-03-29 11:59:45;365.839499941933
2015-03-29 12:00:00;364.844115906
2015-03-29 12:00:03;364.863896191992
2015-03-29 12:00:05;364.883591918113
2015-03-29 12:00:18;374.504068584101
2015-03-29 12:00:24;371.765624053859
2015-03-29 12:01:55;448.360784080314
2015-03-29 12:02:40;441.292173988001
2015-03-29 12:04:30;456.054443324361
2015-03-29 12:04:57;460.565729658459
2015-03-29 12:07:07;453.793527292789
2015-03-29 12:07:28;450.963247564815
2015-03-29 12:07:42;451.023713234192
2015-03-29 12:07:56;461.969779163125
2015-03-29 12:08:23;469.249995213205
2015-03-29 12:08:35;469.249995213205
2015-03-29 12:08:38;469.270505142858
2015-03-29 12:08:43;469.249995213205
2015-03-29 12:08:58;472.146835875294
2015-03-29 12:09:17;469.032371875938
2015-03-29 12:09:32;465.772496370809
2015-03-29 12:09:34;465.83463389749
2015-03-29 12:10:16;465.869300345945
2015-03-29 12:10:17;465.951699747
2015-03-29 12:10:28;466.149194244644
2015-03-29 12:11:31;466.097733849337
2015-03-29 12:11:38;466.116609382797
2015-03-29 12:12:40;457.580705013025
2015-03-29 12:13:05;457.127244406116
2015-03-29 12:14:37;440.234339399222
2015-03-29 12:14:47;438.126022702226
2015-03-29 12:14:51;438.14827951178
2015-03-29 12:16:22;433.955056673268
2015-03-29 12:16:58;433.955056673268
2015-03-29 12:17:01;433.97694551338
2015-03-29 12:17:49;426.890625922561
2015-03-29 12:18:10;426.977122034942
2015-03-29 12:18:53;427.037661048447
2015-03-29 12:19:05;424.438608972608
2015-03-29 12:20:00;421.882241325307
2015-03-29 12:20:11;421.882241325307
2015-03-29 12:20:17;421.727634269584
2015-03-29 12:20:26;421.771068119151
2015-03-29 12:20:30;421.771068119151
2015-03-29 12:20:59;421.835524323194
2015-03-29 12:21:01;421.856826076986
2015-03-29 12:21:03;421.878036656872
2015-03-29 12:21:14;419.758071436292
2015-03-29 12:21:34;419.77967361743
2015-03-29 12:21:38;419.800329589318
2015-03-29 12:22:44;446.702110798635
2015-03-29 12:22:45;446.718796921718
2015-03-29 12:22:47;446.735411985098
2015-03-29 12:23:03;447.332424439807
2015-03-29 12:23:24;444.361748764161
2015-03-29 12:23:45;442.59714227081
2015-03-29 12:23:54;442.561777741437
2015-03-29 12:24:06;442.66683536758
2015-03-29 12:24:34;439.808860063797
2015-03-29 12:24:36;439.826273933788
2015-03-29 12:24:38;439.843613682813
2015-03-29 12:24:42;439.860879624544
2015-03-29 12:24:44;439.878072071341
2015-03-29 12:24:46;439.895191334256
2015-03-29 12:24:58;439.979700686683
2015-03-29 12:25:01;439.979700686683
2015-03-29 12:25:03;439.996387305928
2015-03-29 12:25:07;440.029547717264
2015-03-29 12:25:11;440.062426358044
2015-03-29 12:25:12;440.046022109678
2015-03-29 12:25:29;439.979700686683
2015-03-29 12:26:06;426.213367491657
2015-03-29 12:26:59;420.552859628287
2015-03-29 12:27:02;420.571149206913
2015-03-29 12:27:06;420.589361367629
2015-03-29 12:27:40;420.302324208735
2015-03-29 12:28:11;412.41333438972
2015-03-29 12:28:35;410.639400826805
2015-03-29 12:29:00;408.400420921256
2015-03-29 12:29:07;406.915687513771
2015-03-29 12:29:45;398.535629774434
2015-03-29 12:30:04;398.418796764308
2015-03-29 12:30:19;391.632139828216
2015-03-29 12:32:14;383.271440478645
2015-03-29 12:32:18;383.290824438819
2015-03-29 12:32:27;383.348492498277
2015-03-29 12:32:51;383.31191392363
2015-03-29 12:33:05;383.352752142932
2015-03-29 12:33:32;381.900968649658
2015-03-29 12:33:34;381.900968649658
2015-03-29 12:33:42;381.905461414783
2015-03-29 12:33:54;418.780490850166
2015-03-29 12:34:13;418.812228983795
2015-03-29 12:35:08;415.37358845384
2015-03-29 12:36:00;424.915508607356
2015-03-29 12:36:08;423.882822350312
2015-03-29 12:36:54;424.01427087492
2015-03-29 12:37:02;424.183443423238
2015-03-29 12:37:05;424.199255030772
2015-03-29 12:37:27;421.918826003741
2015-03-29 12:37:39;419.98324171361
2015-03-29 12:38:38;414.080906678149
2015-03-29 12:38:54;413.684126743596
2015-03-29 12:39:20;411.786814861072
2015-03-29 12:39:25;411.806236662873
2015-03-29 12:39:28;411.825578227798
2015-03-29 12:39:48;411.834793592095
2015-03-29 12:40:16;410.961190653481
2015-03-29 12:40:22;410.980339728152
2015-03-29 12:41:26;415.019223057409
2015-03-29 12:41:30;415.038106203864
2015-03-29 12:41:34;415.038106203864
2015-03-29 12:42:11;411.826696565102
2015-03-29 12:43:13;439.62735569933
2015-03-29 12:43:34;458.620945172493
2015-03-29 12:43:47;458.669119248463
2015-03-29 12:44:21;458.740812309043
2015-03-29 12:44:23;458.756448537852
2015-03-29 12:45:21;443.51060368796
2015-03-29 12:45:31;443.47743485733
2015-03-29 12:46:10;441.33165637462
2015-03-29 12:46:13;441.348591744661
2015-03-29 12:46:51;436.622915475292
2015-03-29 12:47:31;434.473827814209
2015-03-29 12:47:34;434.490826619869
2015-03-29 12:48:23;431.785591726268
2015-03-29 12:48:32;431.488147085877
2015-03-29 12:48:35;431.488147085877
2015-03-29 12:48:37;431.5075251916
2015-03-29 12:49:22;425.925051313551
2015-03-29 12:49:26;425.925051313551
2015-03-29 12:49:30;425.94643765417
2015-03-29 12:49:33;425.96817585702
2015-03-29 12:49:35;425.987622832243
2015-03-29 12:49:40;425.996155780129
2015-03-29 12:49:42;426.015618925351
2015-03-29 12:49:54;426.025780645457
2015-03-29 12:49:59;424.550846453111
2015-03-29 12:50:10;422.300173393086
2015-03-29 12:50:13;422.338214927147
2015-03-29 12:50:16;422.359102500712
2015-03-29 12:50:19;422.377922108894
2015-03-29 12:50:24;422.396665077805
2015-03-29 12:50:30;420.346330139178
2015-03-29 12:51:43;427.092697283494
2015-03-29 12:52:20;424.708534788656
2015-03-29 12:53:12;417.920516643415
2015-03-29 12:54:13;413.859651212365
2015-03-29 12:54:46;410.310335207926
2015-03-29 12:55:40;400.579954407698
2015-03-29 12:55:42;400.593421176889
2015-03-29 12:55:44;399.364838739571
2015-03-29 12:55:46;399.381257098643
2015-03-29 12:55:48;399.405061513938
2015-03-29 12:55:55;399.334713619508
2015-03-29 12:57:06;399.306164094125
2015-03-29 12:57:42;399.248582626536
2015-03-29 12:58:22;399.124728971238
2015-03-29 12:58:25;399.142127376072
2015-03-29 12:59:17;399.036661753718
2015-03-29 12:59:26;399.089717997063
2015-03-29 12:59:45;399.051807925255
2015-03-29 12:59:52;399.051807925255
2015-03-29 13:00:21;399.134352520111
2015-03-29 13:00:25;398.957839647968
2015-03-29 13:00:29;398.975919028255
2015-03-29 13:01:19;391.496304806876
2015-03-29 13:01:44;391.496304806876
2015-03-29 13:01:57;391.51457890035
2015-03-29 13:02:11;391.51457890035
2015-03-29 13:02:14;391.532778896238
2015-03-29 13:02:26;391.586937276446
2015-03-29 13:02:29;391.604843854143
2015-03-29 13:02:31;391.62267781444
2015-03-29 13:02:33;391.640439449855
2015-03-29 13:02:47;390.153330378498
2015-03-29 13:03:19;390.171055310917
2015-03-29 13:03:34;390.135533342703
2015-03-29 13:04:05;388.93663152634
2015-03-29 13:04:14;387.248190869954
2015-03-29 13:05:20;391.661917589572
2015-03-29 13:05:28;391.643621045332
2015-03-29 13:06:40;390.150179310504
2015-03-29 13:06:44;390.16845629365
2015-03-29 13:06:51;390.204789335475
2015-03-29 13:06:55;388.683878800356
2015-03-29 13:06:58;387.433835592144
2015-03-29 13:06:59;387.451861226514
2015-03-29 13:07:31;386.040481461557
2015-03-29 13:07:45;386.035856277525
2015-03-29 13:07:56;384.675915112297
2015-03-29 13:08:04;383.761710239295
2015-03-29 13:08:18;381.426287556243
2015-03-29 13:08:20;381.444225844937
2015-03-29 13:08:42;387.172496627979
2015-03-29 13:08:56;387.145509260447
2015-03-29 13:09:16;391.302657391704
2015-03-29 13:09:34;391.224841158094
2015-03-29 13:10:08;391.35198708054
2015-03-29 13:10:10;391.37942697513
2015-03-29 13:10:49;448.629537806483
2015-03-29 13:11:14;448.71206769723
2015-03-29 13:13:23;434.870477303441
2015-03-29 13:13:28;434.887681228698
2015-03-29 13:14:37;421.796919969276
2015-03-29 13:14:44;419.316933139016
2015-03-29 13:14:46;419.334517534131
2015-03-29 13:14:49;419.338947777899
2015-03-29 13:15:07;432.265748629496
2015-03-29 13:15:14;432.283122503262
2015-03-29 13:16:02;429.739145353735
2015-03-29 13:16:18;437.913692257046
2015-03-29 13:16:49;435.98465513095
2015-03-29 13:16:56;435.98465513095
2015-03-29 13:17:01;436.042008826804
2015-03-29 13:17:07;436.060968981101
2015-03-29 13:17:17;436.087103015189
2015-03-29 13:17:30;436.131503912691
2015-03-29 13:18:31;431.752249464956
2015-03-29 13:18:42;431.897523436144
2015-03-29 13:18:59;431.933105029822
2015-03-29 13:19:03;431.99182172055
2015-03-29 13:19:14;432.026624176936
2015-03-29 13:19:20;432.043917414011
2015-03-29 13:19:24;432.043917414011
2015-03-29 13:20:09;425.653547100082
2015-03-29 13:20:09;425.653547100082
2015-03-29 13:20:54;422.690440023623
2015-03-29 13:21:28;420.34109639512
2015-03-29 13:21:56;412.549730859225
2015-03-29 13:21:59;412.530582018011
2015-03-29 13:22:10;410.422792226532
2015-03-29 13:22:42;408.782076650148
2015-03-29 13:22:48;408.782076650148
2015-03-29 13:23:02;407.34599698737
2015-03-29 13:23:05;407.365329893782
2015-03-29 13:23:09;407.403755176929
2015-03-29 13:23:12;407.422848214565
2015-03-29 13:23:24;407.462701864562
2015-03-29 13:23:26;407.481550076336
2015-03-29 13:23:27;407.500001850198
2015-03-29 13:23:30;403.775469320267
2015-03-29 13:23:31;403.794033994241
2015-03-29 13:23:57;426.021682808118
2015-03-29 13:24:00;426.021682808118
2015-03-29 13:24:04;426.04010442798
2015-03-29 13:24:10;426.058449125048
2015-03-29 13:24:35;424.277146221692
2015-03-29 13:24:52;421.791506609509
2015-03-29 13:25:00;421.809862357214
2015-03-29 13:25:03;421.839601281392
2015-03-29 13:25:10;421.862668587218
2015-03-29 13:25:18;421.937339344285
2015-03-29 13:25:22;421.955086714372
2015-03-29 13:25:37;421.990359622048
2015-03-29 13:25:39;422.007885772413
2015-03-29 13:25:55;422.025338793556
2015-03-29 13:25:58;422.042718988738
2015-03-29 13:26:04;422.060026659978
2015-03-29 13:26:10;422.077262108057
2015-03-29 13:26:18;422.109508971869
2015-03-29 13:26:22;422.148174246391
2015-03-29 13:27:27;413.780465460484
2015-03-29 13:27:49;411.814316983834
2015-03-29 13:27:58;410.212062549232
2015-03-29 13:28:25;404.810049685013
2015-03-29 13:28:46;420.032265554217
2015-03-29 13:28:54;420.068154868855
2015-03-29 13:29:20;414.2628179192
2015-03-29 13:29:55;414.265286240582
2015-03-29 13:29:56;414.283389533131
2015-03-29 13:30:00;414.319369326382
2015-03-29 13:30:04;412.612544131515
2015-03-29 13:30:09;411.412276356236
2015-03-29 13:30:24;404.993666479713
2015-03-29 13:30:26;405.01205265294
2015-03-29 13:30:59;402.026104110905
2015-03-29 13:31:18;402.007520327689
2015-03-29 13:31:41;399.539916671251
2015-03-29 13:32:22;400.728286797565
2015-03-29 13:32:51;402.777013320582
2015-03-29 13:33:07;399.53169105112
2015-03-29 13:33:34;399.651718969539
2015-03-29 13:33:56;397.822396737583
2015-03-29 13:35:06;414.773551254555
2015-03-29 13:35:14;412.794728009748
2015-03-29 13:35:15;412.812209032035
2015-03-29 13:35:21;410.931138138041
2015-03-29 13:35:57;407.412452112379
2015-03-29 13:36:13;405.65169667896
2015-03-29 13:36:20;405.634782697467
2015-03-29 13:36:21;405.65169667896
2015-03-29 13:36:37;405.704221499885
2015-03-29 13:36:45;405.720848703154
2015-03-29 13:36:50;405.770652517876
2015-03-29 13:36:53;405.787005336991
2015-03-29 13:37:24;403.734544178106
2015-03-29 13:37:33;403.73215700279
2015-03-29 13:37:38;401.531903897995
2015-03-29 13:37:46;401.531903897995
2015-03-29 13:38:18;401.496773377971
2015-03-29 13:38:43;399.69982211055
2015-03-29 13:39:04;405.663097810515
2015-03-29 13:39:07;405.663097810515
2015-03-29 13:39:12;405.679130444748
2015-03-29 13:39:16;405.679130444748
2015-03-29 13:39:18;405.695858506222
2015-03-29 13:40:10;456.173170672624
2015-03-29 13:40:18;450.89560822339
2015-03-29 13:40:39;450.971052470874
2015-03-29 13:40:41;450.986878873462
2015-03-29 13:40:43;451.002639479734
2015-03-29 13:40:45;451.018334561735
2015-03-29 13:40:53;451.119677209531
2015-03-29 13:41:03;451.119677209531
2015-03-29 13:41:27;479.141552543463
2015-03-29 13:41:49;476.162718019763
2015-03-29 13:42:23;471.029218401989
2015-03-29 13:42:52;462.504041536678
2015-03-29 13:42:54;459.478356834317
2015-03-29 13:42:58;457.406861260888
2015-03-29 13:43:00;457.423048660993
2015-03-29 13:43:03;457.439168579821
2015-03-29 13:43:39;457.47491265603
2015-03-29 13:44:15;501.928278897175
2015-03-29 13:44:32;495.644304157378
2015-03-29 13:44:36;495.660526597232
2015-03-29 13:44:42;495.644304157378
2015-03-29 13:44:46;495.660526597232
2015-03-29 13:44:51;495.710651798734
2015-03-29 13:44:57;495.685383162962
2015-03-29 13:45:09;495.483438404756
2015-03-29 13:45:20;484.845995545807
2015-03-29 13:45:30;481.932204622884
2015-03-29 13:45:36;493.558219880856
2015-03-29 13:45:52;490.188413462354
2015-03-29 13:46:03;490.222499198044
2015-03-29 13:46:21;524.773552502002
2015-03-29 13:47:15;518.038270229147
2015-03-29 13:47:17;518.066581088791
2015-03-29 13:47:19;518.083092385438
2015-03-29 13:47:23;518.115903014422
2015-03-29 13:47:31;518.185861559908
2015-03-29 13:47:38;518.192778858507
2015-03-29 13:47:45;518.587872797219
2015-03-29 13:47:49;518.603460347873
2015-03-29 13:48:35;517.296951453315
2015-03-29 13:48:47;513.657301417581
2015-03-29 13:48:52;513.602836487569
2015-03-29 13:48:55;513.602836487569
2015-03-29 13:49:00;513.848427769309
2015-03-29 13:49:03;549.842263030463
2015-03-29 13:49:12;549.87352767873
2015-03-29 13:49:52;535.789143979209
2015-03-29 13:50:14;528.553224723198
2015-03-29 13:50:23;528.644477492862
2015-03-29 13:50:35;529.85403276869
2015-03-29 13:50:56;522.699257511829
2015-03-29 13:51:13;519.098562688746
2015-03-29 13:51:39;518.907848067698
2015-03-29 13:51:44;518.92415209484
2015-03-29 13:51:53;518.92415209484
2015-03-29 13:52:21;521.397334963915
2015-03-29 13:52:37;512.232957108093
2015-03-29 13:52:46;505.977998660055
2015-03-29 13:53:53;505.76859921034
2015-03-29 13:53:57;505.76859921034
2015-03-29 13:54:02;502.456147843919
2015-03-29 13:54:04;499.293043298666
2015-03-29 13:54:06;496.277864880681
2015-03-29 13:54:14;496.260382822388
2015-03-29 13:54:27;493.201833653362
2015-03-29 13:54:37;490.614096575523
2015-03-29 13:54:53;488.094800894345
2015-03-29 13:54:59;485.153052989312
2015-03-29 13:55:15;485.158903323803
2015-03-29 13:55:47;476.170912725916
2015-03-29 13:56:21;486.989509995334
2015-03-29 13:56:32;487.039827317002
2015-03-29 13:56:40;487.023127469189
2015-03-29 13:56:43;487.039827317002
2015-03-29 13:56:50;487.039827317002
2015-03-29 13:56:58;487.036583328059
2015-03-29 13:57:09;484.114716665068
2015-03-29 13:57:50;479.079680086809
2015-03-29 13:58:05;479.123524243022
2015-03-29 13:58:12;479.167087962536
2015-03-29 13:58:17;479.183023182872
2015-03-29 13:58:31;479.214687292628
2015-03-29 13:58:51;473.218350288414
2015-03-29 13:59:17;470.477709749131
2015-03-29 13:59:43;461.338836279984
2015-03-29 13:59:45;459.231244578698
2015-03-29 13:59:47;459.246988178599
2015-03-29 13:59:49;459.262663331777
2015-03-29 13:59:52;459.270324490626
2015-03-29 13:59:53;456.702185068029
2015-03-29 13:59:57;456.733101370166
2015-03-29 13:59:57;456.733101370166
2015-03-29 14:00:15;455.35474881701
2015-03-29 14:00:17;455.362588857595
2015-03-29 14:00:19;455.362588857595
2015-03-29 14:00:22;455.386598708849
2015-03-29 14:00:24;455.401715411966
2015-03-29 14:00:37;455.401112918879
2015-03-29 14:00:51;462.729644280437
2015-03-29 14:00:54;462.729644280437
2015-03-29 14:01:04;462.673941091376
2015-03-29 14:01:05;462.689096724816
2015-03-29 14:01:09;462.711401570263
2015-03-29 14:01:11;462.72639457839
2015-03-29 14:01:23;462.770984179206
2015-03-29 14:01:36;460.304452522759
2015-03-29 14:01:41;460.304452522759
2015-03-29 14:02:28;450.825150224064
2015-03-29 14:02:31;450.825150224064
2015-03-29 14:02:34;450.825150224064
2015-03-29 14:02:43;448.17319619605
2015-03-29 14:02:46;457.370757515326
2015-03-29 14:03:40;449.169272896905
2015-03-29 14:04:14;471.017778732252
2015-03-29 14:04:22;471.021113818853
2015-03-29 14:04:36;471.060198837468
2015-03-29 14:04:45;457.479062573584
2015-03-29 14:04:47;457.479062573584
2015-03-29 14:05:00;449.711674267624
2015-03-29 14:05:20;449.702497836727
2015-03-29 14:05:24;449.702497836727
2015-03-29 14:05:40;443.052561461697
2015-03-29 14:06:16;442.347490784864
2015-03-29 14:06:24;442.317366364381
2015-03-29 14:07:11;433.335323375618
2015-03-29 14:07:11;433.335323375618
2015-03-29 14:07:43;431.564680190509
2015-03-29 14:08:43;461.551215371562
2015-03-29 14:09:03;459.044208498282
2015-03-29 14:09:13;456.167305181969
2015-03-29 14:09:20;456.167305181969
2015-03-29 14:09:42;476.192658747011
2015-03-29 14:09:54;473.611223192877
2015-03-29 14:10:07;465.948440306257
2015-03-29 14:10:11;463.427659792614
2015-03-29 14:10:17;461.20516147045
2015-03-29 14:10:23;461.20516147045
2015-03-29 14:10:25;461.20516147045
2015-03-29 14:10:37;458.457828539142
2015-03-29 14:10:42;458.506984836078
2015-03-29 14:10:44;458.521036094455
2015-03-29 14:10:52;458.548966612379
2015-03-29 14:11:00;458.57666934897
2015-03-29 14:11:09;458.617922984355
2015-03-29 14:11:18;458.600658821662
2015-03-29 14:11:22;458.614327321697
2015-03-29 14:11:33;453.642379872809
2015-03-29 14:11:56;473.01417893925
2015-03-29 14:12:12;473.068115350461
2015-03-29 14:12:16;470.319523487143
2015-03-29 14:12:33;470.37202285818
2015-03-29 14:12:56;505.814918878129
2015-03-29 14:12:58;505.864331980006
2015-03-29 14:13:07;505.930363596026
2015-03-29 14:13:16;505.942231125156
2015-03-29 14:13:21;505.760729593115
2015-03-29 14:13:50;500.186095831121
2015-03-29 14:13:52;500.229257991836
2015-03-29 14:13:58;500.229257991836
2015-03-29 14:13:59;500.241798150714
2015-03-29 14:14:13;505.440042406897
2015-03-29 14:14:16;505.440042406897
2015-03-29 14:14:21;505.440042406897
2015-03-29 14:14:23;505.440042406897
2015-03-29 14:14:44;505.004795426514
2015-03-29 14:15:12;525.907099342942
2015-03-29 14:15:18;519.596249229386
2015-03-29 14:15:22;515.974401267449
2015-03-29 14:15:38;515.96921704068
2015-03-29 14:16:14;512.805932413762
2015-03-29 14:16:21;509.650957699246
2015-03-29 14:16:24;509.679520971581
2015-03-29 14:16:46;506.910948918037
2015-03-29 14:16:48;506.910948918037
2015-03-29 14:16:52;506.897823366586
2015-03-29 14:17:04;506.910948918037
2015-03-29 14:17:07;504.09266131154
2015-03-29 14:17:08;504.105739227786
2015-03-29 14:17:32;497.772577962871
2015-03-29 14:17:46;497.602248646627
2015-03-29 14:17:53;497.616197927166
2015-03-29 14:18:04;491.218282456367
2015-03-29 14:18:04;491.218282456367
2015-03-29 14:18:47;485.120256420431
2015-03-29 14:18:49;485.134196555937
2015-03-29 14:18:56;485.120256420431
2015-03-29 14:18:58;485.134196555937
2015-03-29 14:19:25;465.433787883223
2015-03-29 14:19:27;465.447722986711
2015-03-29 14:19:29;465.447722986711
2015-03-29 14:20:17;453.342795408368
2015-03-29 14:20:31;453.344125669441
2015-03-29 14:20:37;453.344125669441
2015-03-29 14:20:59;453.344125669441
2015-03-29 14:21:03;451.225152918148
2015-03-29 14:21:47;446.51143147695
2015-03-29 14:21:56;446.539922237921
2015-03-29 14:22:00;446.554082059547
2015-03-29 14:22:37;440.163132981051
2015-03-29 14:22:39;440.17742217571
2015-03-29 14:22:41;440.195177794041
2015-03-29 14:22:42;438.791633565308
2015-03-29 14:23:19;432.089757752692
2015-03-29 14:23:47;425.149004648006
2015-03-29 14:23:50;425.134754603182
2015-03-29 14:23:55;425.163197265607
2015-03-29 14:24:00;423.282305480832
2015-03-29 14:24:06;423.282305480832
2015-03-29 14:24:08;423.297756520274
2015-03-29 14:24:12;423.297268085497
2015-03-29 14:24:22;428.116188449832
2015-03-29 14:24:46;428.63892397667
2015-03-29 14:24:49;428.652942661316
2015-03-29 14:24:52;428.66690484966
2015-03-29 14:24:59;428.708216187006
2015-03-29 14:25:07;428.735639646626
2015-03-29 14:25:14;428.749268532005
2015-03-29 14:25:16;428.749268532005
2015-03-29 14:25:29;426.779784609918
2015-03-29 14:25:32;424.702672705972
2015-03-29 14:25:37;424.712306298702
2015-03-29 14:25:43;439.503614465067
2015-03-29 14:25:48;439.503614465067
2015-03-29 14:26:00;439.530896853835
2015-03-29 14:26:07;437.293583851005
2015-03-29 14:26:18;437.293583851005
2015-03-29 14:26:26;437.327691537668
2015-03-29 14:26:34;450.784501191512
2015-03-29 14:26:52;443.200423320321
2015-03-29 14:26:59;443.186871104765
2015-03-29 14:27:03;443.209559327711
2015-03-29 14:27:06;443.223018897149
2015-03-29 14:27:11;443.236423503477
2015-03-29 14:27:35;443.357885383434
2015-03-29 14:27:38;443.357885383434
2015-03-29 14:27:49;443.364639920052
2015-03-29 14:27:56;443.744258421615
2015-03-29 14:28:00;441.696887288373
2015-03-29 14:28:13;441.772578606033
2015-03-29 14:28:23;441.801228665756
2015-03-29 14:28:28;438.709591250833
2015-03-29 14:28:47;431.579012667012
2015-03-29 14:29:00;424.766801852352
2015-03-29 14:29:05;422.443686103514
2015-03-29 14:29:32;431.215224284451
2015-03-29 14:29:42;426.564660456318
2015-03-29 14:30:01;456.647868191071
2015-03-29 14:30:02;456.660831491858
2015-03-29 14:30:10;454.074073201729
2015-03-29 14:30:21;449.390813515665
2015-03-29 14:30:23;449.403812545689
2015-03-29 14:30:34;449.424480006016
2015-03-29 14:31:36;472.285596826347
2015-03-29 14:31:41;472.312672614892
2015-03-29 14:31:46;470.2740776558
2015-03-29 14:31:51;468.179733139199
2015-03-29 14:31:56;466.014420287415
2015-03-29 14:32:40;466.409343036973
2015-03-29 14:32:56;461.747144774081
2015-03-29 14:33:12;454.143961567787
2015-03-29 14:33:39;444.102114547593
2015-03-29 14:34:25;456.356371069512
2015-03-29 14:34:34;456.356371069512
2015-03-29 14:34:38;456.393996303738
2015-03-29 14:35:02;464.005626028364
2015-03-29 14:35:15;461.359668269468
2015-03-29 14:35:24;461.339837408092
2015-03-29 14:35:26;461.339837408092
2015-03-29 14:35:40;467.573611767155
2015-03-29 14:35:49;467.577677040927
2015-03-29 14:35:52;465.323829584929
2015-03-29 14:36:49;463.90302174194
2015-03-29 14:36:56;461.506402999953
2015-03-29 14:37:00;461.52144742866
2015-03-29 14:37:02;461.536432016082
2015-03-29 14:37:19;456.351011570296
2015-03-29 14:37:21;456.365808269952
2015-03-29 14:37:23;456.390193486244
2015-03-29 14:37:35;456.358089170779
2015-03-29 14:38:06;453.714177198185
2015-03-29 14:38:15;450.74259549979
2015-03-29 14:38:26;450.771285928182
2015-03-29 14:38:42;450.847466594695
2015-03-29 14:39:12;444.834882404902
2015-03-29 14:39:55;465.909154075292
2015-03-29 14:41:17;447.814119164877
2015-03-29 14:41:19;447.814119164877
2015-03-29 14:42:21;438.625661202862
2015-03-29 14:42:36;443.959588334709
2015-03-29 14:42:57;447.466382839487
2015-03-29 14:43:06;447.466382839487
2015-03-29 14:43:33;462.862710313539
2015-03-29 14:43:36;460.346801650125
2015-03-29 14:43:40;460.376059932829
2015-03-29 14:44:02;456.032947061017
2015-03-29 14:44:17;460.595817859839
2015-03-29 14:44:20;460.595817859839
2015-03-29 14:44:30;460.581042254499
2015-03-29 14:44:43;460.496973725249
2015-03-29 14:44:59;460.512091759745
2015-03-29 14:45:05;458.715927690545
2015-03-29 14:45:07;458.730873449762
2015-03-29 14:45:16;458.772036479751
2015-03-29 14:46:10;493.917227539856
2015-03-29 14:46:13;493.917227539856
2015-03-29 14:46:28;493.931140929804
2015-03-29 14:46:56;494.939121367158
2015-03-29 14:47:06;495.005282786921
2015-03-29 14:47:08;495.005282786921
2015-03-29 14:47:23;492.752076818668
2015-03-29 14:47:46;488.024699630637
2015-03-29 14:47:50;488.051183364799
2015-03-29 14:48:05;482.581342665463
2015-03-29 14:48:08;479.618911645061
2015-03-29 14:48:16;479.56287161328
2015-03-29 14:48:21;479.576529880875
2015-03-29 14:48:23;479.590131862535
2015-03-29 14:48:30;479.630602394759
2015-03-29 14:48:44;488.079304059215
2015-03-29 14:48:50;488.079304059215
2015-03-29 14:48:56;488.130178158532
2015-03-29 14:49:01;484.777657235063
2015-03-29 14:49:05;481.503939140842
2015-03-29 14:49:08;481.498351034165
2015-03-29 14:49:31;475.683291230553
2015-03-29 14:49:33;475.696747491392
2015-03-29 14:49:35;475.673457923969
2015-03-29 14:49:45;472.923435986649
2015-03-29 14:50:06;467.265938034724
2015-03-29 14:50:46;461.120584107994
2015-03-29 14:50:50;466.737940271238
2015-03-29 14:50:56;466.778830136297
2015-03-29 14:51:33;472.920578445724
2015-03-29 14:52:21;470.343417829399
2015-03-29 14:53:06;452.651026252224
2015-03-29 14:53:14;452.644066018452
2015-03-29 14:53:25;450.138376395145
2015-03-29 14:53:26;450.138376395145
2015-03-29 14:53:40;447.799814339598
2015-03-29 14:53:58;445.410045409557
2015-03-29 14:54:00;445.416488310631
2015-03-29 14:54:05;445.688896820715
2015-03-29 14:54:21;435.680182197781
2015-03-29 14:54:23;435.693074356446
2015-03-29 14:54:35;434.031199263276
2015-03-29 14:55:16;461.710639286811
2015-03-29 14:55:47;457.699856166836
2015-03-29 14:55:59;457.642095907686
2015-03-29 14:56:05;456.52412058558
2015-03-29 14:56:36;456.430556230847
2015-03-29 14:56:39;456.445774506007
2015-03-29 14:57:06;454.181014290602
2015-03-29 14:58:15;446.403250131866
2015-03-29 14:58:35;441.16926849324
2015-03-29 14:58:37;441.184218754381
2015-03-29 14:58:44;441.392340919192
2015-03-29 14:58:50;477.932161948263
2015-03-29 14:59:34;471.86236064139
2015-03-29 15:00:18;468.779056899083
2015-03-29 15:00:24;468.793954484012
2015-03-29 15:00:28;468.808791378022
2015-03-29 15:00:39;468.842947274291
2015-03-29 15:01:04;464.860963348824
2015-03-29 15:01:09;464.860963348824
2015-03-29 15:01:35;469.834166094216
2015-03-29 15:01:39;477.000310978123
2015-03-29 15:01:50;473.795089826968
2015-03-29 15:02:13;473.929071483519
2015-03-29 15:02:20;473.970543831216
2015-03-29 15:02:26;471.929647960118
2015-03-29 15:02:34;508.712691520942
2015-03-29 15:02:57;508.751186831905
2015-03-29 15:03:02;508.764631923672
2015-03-29 15:03:04;508.778022464188
2015-03-29 15:03:06;508.791358673667
2015-03-29 15:03:48;526.982971446452
2015-03-29 15:03:52;527.030631791008
2015-03-29 15:03:54;527.030631791008
2015-03-29 15:04:03;527.071476631748
2015-03-29 15:04:21;527.13513878074
2015-03-29 15:04:34;523.340963241207
2015-03-29 15:04:46;523.327733621527
2015-03-29 15:04:59;523.327733621527
2015-03-29 15:05:14;523.419418425392
2015-03-29 15:05:31;523.380539637946
2015-03-29 15:05:51;512.541924631805
2015-03-29 15:05:53;509.685754908154
2015-03-29 15:06:12;498.5666571832
2015-03-29 15:06:15;498.580229957382
2015-03-29 15:06:41;498.521024804246
2015-03-29 15:06:57;502.825364570253
2015-03-29 15:06:59;502.850237336103
2015-03-29 15:07:10;499.322874898054
2015-03-29 15:07:16;499.30911684615
2015-03-29 15:07:24;496.166790853049
2015-03-29 15:07:49;495.483287422919
2015-03-29 15:08:08;482.81390511077
2015-03-29 15:09:06;482.487704478433
2015-03-29 15:09:14;482.503628980845
2015-03-29 15:09:57;472.819707176239
2015-03-29 15:10:27;462.521528234238
2015-03-29 15:10:30;462.537097481369
2015-03-29 15:10:40;460.029197321045
2015-03-29 15:11:07;454.312153340446
2015-03-29 15:12:55;438.564607921356
2015-03-29 15:12:59;469.999888243276
2015-03-29 15:14:30;467.388466405038
2015-03-29 15:14:41;467.47595474585
2015-03-29 15:14:48;464.53124775376
2015-03-29 15:15:09;462.878090910761
2015-03-29 15:15:48;462.907388408263
2015-03-29 15:16:03;462.941150129494
2015-03-29 15:16:25;463.004330842909
2015-03-29 15:17:39;461.151609470917
2015-03-29 15:18:08;457.917983945867
2015-03-29 15:18:41;457.948226210195
2015-03-29 15:18:50;457.917983945867
2015-03-29 15:19:04;457.918262077111
2015-03-29 15:19:19;475.79304133388
2015-03-29 15:20:09;473.699146131325
2015-03-29 15:20:35;492.401669824026
2015-03-29 15:21:00;485.934770587312
2015-03-29 15:21:13;485.934770587312
2015-03-29 15:21:14;485.948856072547
2015-03-29 15:21:40;485.975957034373
2015-03-29 15:21:48;486.004458012317
2015-03-29 15:22:11;486.018620384495
2015-03-29 15:22:25;486.018620384495
2015-03-29 15:22:34;486.04677009863
2015-03-29 15:22:39;486.060757919006
2015-03-29 15:22:44;483.029142313745
2015-03-29 15:22:46;483.043256617264
2015-03-29 15:23:21;479.94052193913
2015-03-29 15:23:25;479.954398110041
2015-03-29 15:23:39;476.852059050745
2015-03-29 15:23:59;476.934286161771
2015-03-29 15:24:13;476.947793325533
2015-03-29 15:24:15;476.829538979682
2015-03-29 15:24:32;501.708417856009
2015-03-29 15:24:34;498.662829810689
2015-03-29 15:24:49;502.194059020329
2015-03-29 15:25:01;502.127489148361
2015-03-29 15:25:43;498.347230497254
2015-03-29 15:25:44;498.345007848863
2015-03-29 15:25:48;496.795313397458
2015-03-29 15:25:55;496.834060280054
2015-03-29 15:25:57;496.834060280054
2015-03-29 15:26:04;496.834060280054
2015-03-29 15:26:12;496.847945762259
2015-03-29 15:26:20;496.820116490884
2015-03-29 15:26:34;496.806114151201
2015-03-29 15:26:55;493.590542831616
2015-03-29 15:27:14;493.618552055615
2015-03-29 15:27:23;489.427758140148
2015-03-29 15:27:26;489.427758140148
2015-03-29 15:27:32;486.420720890768
2015-03-29 15:27:36;486.420720890768
2015-03-29 15:27:49;478.246355103403
2015-03-29 15:27:52;478.246355103403
2015-03-29 15:28:08;475.06851471923
2015-03-29 15:28:26;469.814257425145
2015-03-29 15:28:29;469.814257425145
2015-03-29 15:28:31;469.814257425145
2015-03-29 15:28:34;469.814257425145
2015-03-29 15:28:37;469.828179135878
2015-03-29 15:28:47;469.830945615907
2015-03-29 15:28:52;466.910564299687
2015-03-29 15:29:02;466.896574894958
2015-03-29 15:29:09;466.910073000638
2015-03-29 15:29:14;461.095364543247
2015-03-29 15:29:18;461.095364543247
2015-03-29 15:29:45;453.159167256603
2015-03-29 15:29:59;453.188053803805
2015-03-29 15:30:07;453.188053803805
2015-03-29 15:30:09;453.202406166391
2015-03-29 15:30:11;453.215761057215
2015-03-29 15:30:15;450.907115927105
2015-03-29 15:31:01;439.95412854208
2015-03-29 15:31:03;439.95412854208
2015-03-29 15:32:58;420.075606200709
2015-03-29 15:33:05;417.737314672992
2015-03-29 15:33:25;414.056219175149
2015-03-29 15:33:34;410.176721118445
2015-03-29 15:34:22;414.594758573574
2015-03-29 15:34:41;414.688346127014
2015-03-29 15:34:48;414.721222396421
2015-03-29 15:34:51;412.713999595195
2015-03-29 15:35:00;409.871392930328
2015-03-29 15:35:12;407.931820559115
2015-03-29 15:36:15;401.101313739316
2015-03-29 15:36:17;401.115996186541
2015-03-29 15:36:23;401.132103603361
2015-03-29 15:36:29;401.146659568862
2015-03-29 15:36:42;401.189969660171
2015-03-29 15:36:45;401.218547312679
2015-03-29 15:36:47;401.232748140076
2015-03-29 15:37:27;401.207894620668
2015-03-29 15:37:30;401.222139215551
2015-03-29 15:37:36;401.228061003378
2015-03-29 15:38:24;430.677315323806
2015-03-29 15:38:49;430.714651040508
2015-03-29 15:38:55;430.741758727939
2015-03-29 15:39:09;430.748325259822
2015-03-29 15:39:26;428.502670217579
2015-03-29 15:39:27;428.502670217579
2015-03-29 15:39:29;426.23310435884
2015-03-29 15:40:09;429.627236255841
2015-03-29 15:40:15;429.661510317088
2015-03-29 15:40:22;429.701661712995
2015-03-29 15:41:06;428.580016551489
2015-03-29 15:41:10;428.593117268976
2015-03-29 15:41:18;424.349418771479
2015-03-29 15:41:27;424.349418771479
2015-03-29 15:42:18;425.436400487713
2015-03-29 15:42:26;424.005419816923
2015-03-29 15:42:46;423.983721290846
2015-03-29 15:42:50;423.998288791437
2015-03-29 15:42:54;424.012796638032
2015-03-29 15:42:56;424.027245073467
2015-03-29 15:43:13;424.119560664004
2015-03-29 15:43:19;424.133571845051
2015-03-29 15:43:24;423.898851639717
2015-03-29 15:43:54;419.987647641323
2015-03-29 15:44:10;417.99027525747
2015-03-29 15:44:27;415.896352738765
2015-03-29 15:44:31;415.891545350692
2015-03-29 15:44:43;414.171003025767
2015-03-29 15:44:54;423.291182635418
2015-03-29 15:44:59;423.293700122562
2015-03-29 15:45:02;421.153278400496
2015-03-29 15:45:12;420.367523536838
2015-03-29 15:45:14;420.381920857271
2015-03-29 15:45:21;420.381920857271
2015-03-29 15:45:38;420.37579812343
2015-03-29 15:45:42;418.814916115304
2015-03-29 15:45:54;431.430803980772
2015-03-29 15:46:05;429.083952552034
2015-03-29 15:46:14;429.083952552034
2015-03-29 15:46:27;427.122545495104
2015-03-29 15:46:30;425.091031821742
2015-03-29 15:46:41;422.409336217227
2015-03-29 15:46:43;422.432635252648
2015-03-29 15:46:53;422.497998821043
2015-03-29 15:46:56;422.51133154574
2015-03-29 15:47:07;422.564115953102
2015-03-29 15:47:10;422.553218679909
2015-03-29 15:47:20;422.541765481902
2015-03-29 15:47:25;420.516226751912
2015-03-29 15:47:27;420.516226751912
2015-03-29 15:47:35;420.529391703647
2015-03-29 15:48:14;414.721113771505
2015-03-29 15:49:11;410.072238187608
2015-03-29 15:49:52;404.295463005331
2015-03-29 15:50:12;406.93457655274
2015-03-29 15:50:48;404.998981255986
2015-03-29 15:50:54;405.018700263473
2015-03-29 15:51:20;402.875645397691
2015-03-29 15:51:34;401.936658594466
2015-03-29 15:52:12;411.502615778483
2015-03-29 15:52:17;408.154695479886
2015-03-29 15:52:45;406.96739445741
2015-03-29 15:53:01;429.029407218963
2015-03-29 15:53:46;421.901429775115
2015-03-29 15:54:13;423.937838913889
2015-03-29 15:55:03;443.385622225517
2015-03-29 15:55:12;443.429518740701
2015-03-29 15:55:54;437.612505399666
2015-03-29 15:56:04;437.65041199029
2015-03-29 15:56:07;437.65041199029
2015-03-29 15:56:10;437.665032489245
2015-03-29 15:56:34;437.677342461102
2015-03-29 15:56:40;437.733396084087
2015-03-29 15:56:48;437.719055816457
2015-03-29 15:57:22;437.747804243092
2015-03-29 15:57:31;437.76202713893
2015-03-29 15:58:11;432.954766898232
2015-03-29 15:58:11;432.954766898232
2015-03-29 15:58:16;476.636597757528
2015-03-29 15:58:44;493.40866941201
2015-03-29 15:59:01;489.905851052849
2015-03-29 15:59:18;489.955256064953
2015-03-29 15:59:26;489.980337342059
2015-03-29 16:00:20;483.48194080066
2015-03-29 16:00:23;482.048048726823
2015-03-29 16:00:30;482.109632334583
2015-03-29 16:00:48;482.220055462205
2015-03-29 16:00:57;482.181129037432
2015-03-29 16:01:04;479.293893231588
2015-03-29 16:01:06;479.293893231588
2015-03-29 16:01:14;470.773226428533
2015-03-29 16:01:24;470.773226428533
2015-03-29 16:01:26;470.786908023219
2015-03-29 16:01:34;467.903553443474
2015-03-29 16:01:40;465.16204807894
2015-03-29 16:01:42;465.16204807894
2015-03-29 16:01:52;465.189672729813
2015-03-29 16:02:02;462.65051135676
2015-03-29 16:03:28;463.440057630189
2015-03-29 16:03:36;460.983088598402
2015-03-29 16:03:55;458.853874407495
2015-03-29 16:03:57;456.469560885813
2015-03-29 16:03:59;456.469560885813
2015-03-29 16:04:01;456.48485039075
2015-03-29 16:04:08;453.974133610625
2015-03-29 16:04:14;453.974133610625
2015-03-29 16:04:22;453.974133610625
2015-03-29 16:04:29;453.958869494819
2015-03-29 16:04:32;453.943541764151
2015-03-29 16:04:44;449.474963443202
2015-03-29 16:05:01;449.540180793329
2015-03-29 16:05:14;449.574841877696
2015-03-29 16:05:34;449.581126985044
2015-03-29 16:05:39;447.385680989157
2015-03-29 16:06:10;436.172191467205
2015-03-29 16:07:06;424.855720440159
2015-03-29 16:07:09;424.87085304249
2015-03-29 16:08:18;422.969724096638
2015-03-29 16:08:22;423.000469451683
2015-03-29 16:08:25;420.831240387471
2015-03-29 16:08:27;420.846442290904
2015-03-29 16:09:05;412.268789983364
2015-03-29 16:09:28;426.879586326044
2015-03-29 16:09:46;425.453550186726
2015-03-29 16:09:48;425.453550186726
2015-03-29 16:09:55;423.241459275477
2015-03-29 16:09:57;423.241459275477
2015-03-29 16:10:08;435.995404622524
2015-03-29 16:10:19;432.431293012731
2015-03-29 16:10:46;428.051423101905
2015-03-29 16:11:04;428.07315825366
2015-03-29 16:11:11;428.096755132406
2015-03-29 16:11:19;428.13403777324
2015-03-29 16:11:36;426.238858625145
2015-03-29 16:11:41;426.268377249484
2015-03-29 16:12:24;422.014894254462
2015-03-29 16:12:41;422.059087918549
2015-03-29 16:12:53;422.088245446187
2015-03-29 16:13:01;419.632988230023
2015-03-29 16:13:45;415.220814562695
2015-03-29 16:14:00;415.235656577187
2015-03-29 16:14:02;415.250366871825
2015-03-29 16:14:04;415.26501612549
2015-03-29 16:14:09;415.267954961261
2015-03-29 16:14:58;407.163006710154
2015-03-29 16:15:17;407.105311940553
2015-03-29 16:15:18;407.120975400036
2015-03-29 16:15:42;404.744704456815
2015-03-29 16:15:54;403.862924922968
2015-03-29 16:16:00;403.878545603666
2015-03-29 16:16:17;400.23429922838
2015-03-29 16:16:50;420.739804835588
2015-03-29 16:16:56;420.755682583814
2015-03-29 16:17:04;420.795484569
2015-03-29 16:17:07;420.811128015795
2015-03-29 16:17:12;420.842217689107
2015-03-29 16:18:15;432.882825335545
2015-03-29 16:18:17;432.898480899874
2015-03-29 16:18:46;432.960441146451
2015-03-29 16:18:49;432.975767099675
2015-03-29 16:19:22;427.218204513089
2015-03-29 16:19:58;425.770765341545
2015-03-29 16:20:34;417.431805345934
2015-03-29 16:20:37;417.431805345934
2015-03-29 16:20:39;417.447168184662
2015-03-29 16:20:47;455.008929955767
2015-03-29 16:20:52;455.055142516153
2015-03-29 16:21:02;455.055142516153
2015-03-29 16:21:16;452.379496414636
2015-03-29 16:21:24;485.935331445235
2015-03-29 16:21:26;485.949547353
2015-03-29 16:21:51;479.164897111049
2015-03-29 16:23:32;470.539966561835
2015-03-29 16:23:58;465.270049956969
2015-03-29 16:24:00;465.270049956969
2015-03-29 16:24:02;465.270049956969
2015-03-29 16:24:11;462.437682689468
2015-03-29 16:24:13;462.452906428053
2015-03-29 16:25:14;456.189035535564
2015-03-29 16:25:27;456.246340263193
2015-03-29 16:25:41;453.603788831999
2015-03-29 16:25:43;453.618144863637
2015-03-29 16:25:46;453.410010924511
2015-03-29 16:26:00;453.394749978409
2015-03-29 16:26:01;453.410010924511
2015-03-29 16:26:33;439.389884276219
2015-03-29 16:27:28;471.798113676832
2015-03-29 16:27:36;471.828225546587
2015-03-29 16:27:48;489.276596172043
2015-03-29 16:28:21;498.742391181
2015-03-29 16:28:29;498.742391181
2015-03-29 16:28:41;498.796417902244
2015-03-29 16:28:54;495.188131620726
2015-03-29 16:28:57;488.542499296013
2015-03-29 16:28:59;488.542499296013
2015-03-29 16:29:01;488.542499296013
2015-03-29 16:29:05;488.557027764933
2015-03-29 16:29:13;488.556526051673
2015-03-29 16:29:29;488.541995414109
2015-03-29 16:29:39;488.603921119587
2015-03-29 16:29:41;488.603921119587
2015-03-29 16:30:05;510.348963948694
2015-03-29 16:30:08;510.348963948694
2015-03-29 16:30:14;510.348963948694
2015-03-29 16:30:16;506.497869273628
2015-03-29 16:30:20;503.000751186276
2015-03-29 16:30:22;503.014316801439
2015-03-29 16:30:31;495.820470915226
2015-03-29 16:30:40;495.816770192658
2015-03-29 16:31:11;489.543978542762
2015-03-29 16:33:04;477.130293880942
2015-03-29 16:33:07;477.145201009063
2015-03-29 16:33:17;477.078456760169
2015-03-29 16:33:26;477.093584460029
2015-03-29 16:33:28;477.108647792057
2015-03-29 16:33:31;477.108647792057
2015-03-29 16:33:44;501.803453971673
2015-03-29 16:34:23;505.255663960889
2015-03-29 16:34:40;505.240951831604
2015-03-29 16:34:51;502.53645756885
2015-03-29 16:34:53;502.548663796711
2015-03-29 16:34:55;499.676411974387
2015-03-29 16:35:44;506.035409734997
2015-03-29 16:36:02;506.110086908277
2015-03-29 16:36:03;506.124601570635
2015-03-29 16:36:04;506.139054832544
2015-03-29 16:36:12;506.126603100604
2015-03-29 16:36:18;506.169754422587
2015-03-29 16:36:29;506.145310218615
2015-03-29 16:36:39;506.145310218615
2015-03-29 16:37:06;542.332624993272
2015-03-29 16:37:52;539.6390362789
2015-03-29 16:38:25;532.05800027156
2015-03-29 16:38:30;532.043836541363
2015-03-29 16:38:46;521.302291296654
2015-03-29 16:39:19;514.197388166167
2015-03-29 16:39:33;510.452757833542
2015-03-29 16:39:40;503.321730354307
2015-03-29 16:39:47;503.348553808307
2015-03-29 16:40:13;503.528647500312
2015-03-29 16:40:22;503.620388695574
2015-03-29 16:40:59;493.122508688626
2015-03-29 16:41:03;489.920483883184
2015-03-29 16:41:05;489.905946408655
2015-03-29 16:41:07;489.920483883184
2015-03-29 16:41:10;489.920483883184
2015-03-29 16:41:20;486.415438034182
2015-03-29 16:41:31;483.303003956987
2015-03-29 16:41:34;483.303003956987
2015-03-29 16:41:35;483.317543134614
2015-03-29 16:41:43;483.332020264527
2015-03-29 16:41:47;483.360789433195
2015-03-29 16:42:13;500.193459999494
2015-03-29 16:42:21;497.122180411183
2015-03-29 16:42:31;497.180270273174
2015-03-29 16:42:37;497.208986963581
2015-03-29 16:42:42;497.223253606382
2015-03-29 16:42:50;497.265689825891
2015-03-29 16:43:01;498.426302576888
2015-03-29 16:43:04;498.440330024279
2015-03-29 16:43:07;498.468205567689
2015-03-29 16:43:23;508.483432933252
2015-03-29 16:43:28;508.483432933252
2015-03-29 16:43:42;508.557673441215
2015-03-29 16:43:44;508.582235629072
2015-03-29 16:43:47;505.46293435222
2015-03-29 16:43:49;505.475888388752
2015-03-29 16:43:58;505.487659765608
2015-03-29 16:44:32;532.754733437756
2015-03-29 16:44:52;529.000574633469
2015-03-29 16:44:59;529.000574633469
2015-03-29 16:45:23;522.258484037059
2015-03-29 16:45:32;522.258484037059
2015-03-29 16:45:35;522.271091829917
2015-03-29 16:45:38;522.283645110919
2015-03-29 16:45:55;519.027231102375
2015-03-29 16:46:07;515.583000928975
2015-03-29 16:46:45;496.4859158975
2015-03-29 16:47:14;490.51207248473
2015-03-29 16:47:24;487.26039392907
2015-03-29 16:47:38;481.02018236379
2015-03-29 16:49:22;451.336369933126
2015-03-29 16:49:29;451.366918641692
2015-03-29 16:49:59;440.780910592884
2015-03-29 16:50:39;433.177134972273
2015-03-29 16:51:03;431.524059610052
2015-03-29 16:51:07;431.553113047245
2015-03-29 16:51:24;431.554339650452
2015-03-29 16:51:25;431.568460693882
2015-03-29 16:51:46;431.571766627063
2015-03-29 16:52:41;430.446464753612
2015-03-29 16:53:26;432.942872077789
2015-03-29 16:53:37;432.974419135415
2015-03-29 16:53:43;433.016121148354
2015-03-29 16:54:18;433.075443561679
2015-03-29 16:55:09;445.671992447773
2015-03-29 16:55:15;445.720939629924
2015-03-29 16:55:17;445.734476316631
2015-03-29 16:55:40;443.261745448207
2015-03-29 16:56:28;433.192325870105
2015-03-29 16:56:38;431.123646729674
2015-03-29 16:57:38;436.795220683813
2015-03-29 16:58:15;441.365454161815
2015-03-29 16:58:51;434.574942981332
2015-03-29 16:58:58;434.603253194108
2015-03-29 16:59:02;434.631324921128
2015-03-29 16:59:36;434.631324921128
2015-03-29 16:59:40;434.645271977243
2015-03-29 16:59:43;434.674020170906
2015-03-29 16:59:47;434.687786995746
2015-03-29 16:59:51;434.701495703179
2015-03-29 17:00:13;432.185439574686
2015-03-29 17:00:26;428.098149284923
2015-03-29 17:01:01;425.504973297663
2015-03-29 17:01:07;423.867076549972
2015-03-29 17:01:15;423.893407622974
2015-03-29 17:01:39;421.761343116868
2015-03-29 17:01:40;421.775866803105
2015-03-29 17:01:57;421.847567628319
2015-03-29 17:02:06;421.775560975491
2015-03-29 17:02:28;421.790024439182
2015-03-29 17:02:59;419.820143112525
2015-03-29 17:03:02;419.834467054297
2015-03-29 17:03:14;419.781787604338
2015-03-29 17:03:17;419.781787604338
2015-03-29 17:03:18;419.796274119023
2015-03-29 17:03:20;419.796274119023
2015-03-29 17:03:35;417.450358949714
2015-03-29 17:03:51;417.490730073969
2015-03-29 17:03:55;417.490730073969
2015-03-29 17:04:15;412.484242674986
2015-03-29 17:04:17;410.227053918144
2015-03-29 17:04:27;407.987699055666
2015-03-29 17:04:37;408.002021087319
2015-03-29 17:04:42;406.061549854941
2015-03-29 17:04:44;406.059676703575
2015-03-29 17:04:46;403.892165396556
2015-03-29 17:04:58;403.877662616785
2015-03-29 17:05:01;403.906075152971
2015-03-29 17:05:03;403.92019079276
2015-03-29 17:05:05;403.934246354347
2015-03-29 17:05:13;403.948242091898
2015-03-29 17:05:16;403.948242091898
2015-03-29 17:05:18;401.572154367588
2015-03-29 17:05:29;399.973591995201
2015-03-29 17:05:34;399.987376154911
2015-03-29 17:05:36;400.001101564359
2015-03-29 17:05:43;400.001101564359
2015-03-29 17:05:59;396.100522286969
2015-03-29 17:06:17;396.082778018566
2015-03-29 17:06:18;396.096226121105
2015-03-29 17:06:25;428.565855905071
2015-03-29 17:06:29;428.578560543567
2015-03-29 17:06:31;428.578560543567
2015-03-29 17:06:51;428.567830365462
2015-03-29 17:06:58;426.642446368493
2015-03-29 17:07:07;443.601019196824
2015-03-29 17:07:11;441.479638275845
2015-03-29 17:07:12;441.49233485208
2015-03-29 17:07:27;439.399183620006
2015-03-29 17:07:37;439.411935496534
2015-03-29 17:07:58;437.591507460613
2015-03-29 17:08:21;428.996822540432
2015-03-29 17:08:24;429.009829764444
2015-03-29 17:08:40;425.111674267263
2015-03-29 17:08:45;425.124632998433
2015-03-29 17:09:20;419.517397865249
2015-03-29 17:09:44;416.81959330367
2015-03-29 17:09:58;411.229309215424
2015-03-29 17:10:02;409.407763123492
2015-03-29 17:10:06;409.394497242273
2015-03-29 17:10:40;396.098050759052
2015-03-29 17:11:36;385.917299273783
2015-03-29 17:12:25;380.785108386352
2015-03-29 17:13:12;401.420190030267
2015-03-29 17:13:12;401.420190030267
2015-03-29 17:13:41;399.307878872368
2015-03-29 17:13:46;399.307878872368
2015-03-29 17:13:54;399.307878872368
2015-03-29 17:13:56;399.322563358254
2015-03-29 17:14:00;399.33718685952
2015-03-29 17:14:04;397.478395565597
2015-03-29 17:14:15;397.496229186047
2015-03-29 17:14:17;397.512336465595
2015-03-29 17:15:23;401.213055906006
2015-03-29 17:15:36;399.9646745157
2015-03-29 17:16:25;406.0840973453
2015-03-29 17:16:27;406.0975580835
2015-03-29 17:16:29;406.110963085614
2015-03-29 17:17:04;406.358860549244
2015-03-29 17:17:18;440.671438336856
2015-03-29 17:17:28;440.763826087103
2015-03-29 17:17:33;438.594124352218
2015-03-29 17:17:36;438.643810713848
2015-03-29 17:17:38;438.482522994496
2015-03-29 17:20:26;428.072005583828
2015-03-29 17:20:54;465.062157434086
2015-03-29 17:21:27;465.351072589833
2015-03-29 17:21:34;465.3384047763
2015-03-29 17:22:04;460.817799848604
2015-03-29 17:22:13;458.517380063338
2015-03-29 17:22:53;448.469072943147
2015-03-29 17:23:10;446.839968102935
2015-03-29 17:23:14;446.85468248633
2015-03-29 17:23:18;446.869336235808
2015-03-29 17:23:18;446.869336235808
2015-03-29 17:23:50;473.68619984519
2015-03-29 17:24:25;473.860358378391
2015-03-29 17:24:36;473.886965779112
2015-03-29 17:24:44;473.913354406237
2015-03-29 17:25:05;473.965482482456
2015-03-29 17:25:11;473.991225466845
2015-03-29 17:25:20;482.4768574842
2015-03-29 17:25:23;482.898880959977
2015-03-29 17:25:28;482.91164663916
2015-03-29 17:25:36;482.924359491586
2015-03-29 17:25:38;482.977557778493
2015-03-29 17:25:47;489.743764250095
2015-03-29 17:27:19;501.808175294311
2015-03-29 17:27:35;501.918805316047
2015-03-29 17:28:01;503.998650012755
2015-03-29 17:28:04;504.010729875452
2015-03-29 17:28:13;504.054307869289
2015-03-29 17:28:14;504.066155948545
2015-03-29 17:28:22;496.887905708086
2015-03-29 17:28:27;496.912386035698
2015-03-29 17:28:30;496.924549588501
2015-03-29 17:28:32;496.93666235019
2015-03-29 17:28:34;496.948724531843
2015-03-29 17:28:41;496.84570393794
2015-03-29 17:28:42;496.858145915813
2015-03-29 17:28:44;496.858145915813
2015-03-29 17:29:01;496.822512003602
2015-03-29 17:29:19;522.813491964036
2015-03-29 17:29:35;519.258190835995
2015-03-29 17:29:40;519.258190835995
2015-03-29 17:29:48;519.233658791749
2015-03-29 17:29:52;519.245950636644
2015-03-29 17:30:05;515.961262111285
2015-03-29 17:30:18;509.512313443054
2015-03-29 17:30:57;488.67274233817
2015-03-29 17:31:10;488.699328569205
2015-03-29 17:31:14;488.725691200617
2015-03-29 17:31:25;488.626217429428
2015-03-29 17:31:38;484.874110847088
2015-03-29 17:31:50;484.887560131114
2015-03-29 17:33:10;472.44961913287
2015-03-29 17:33:13;472.476960321232
2015-03-29 17:33:16;472.463318586669
2015-03-29 17:33:16;472.463318586669
2015-03-29 17:33:18;472.60449677184
2015-03-29 17:33:21;493.122006885365
2015-03-29 17:33:29;493.122006885365
2015-03-29 17:33:31;493.122006885365
2015-03-29 17:33:49;481.357045035714
2015-03-29 17:34:40;479.301857326257
2015-03-29 17:35:06;474.185307618552
2015-03-29 17:35:18;469.308409075189
2015-03-29 17:35:24;464.826072750855
2015-03-29 17:35:29;464.837879846693
2015-03-29 17:35:31;464.857897499792
2015-03-29 17:35:45;458.846313411118
2015-03-29 17:35:48;458.859160047199
2015-03-29 17:36:24;450.573206197329
2015-03-29 17:36:25;447.924440926564
2015-03-29 17:36:57;446.861980635514
2015-03-29 17:37:29;446.888053645825
2015-03-29 17:37:34;446.901008076534
2015-03-29 17:37:36;446.913908095498
2015-03-29 17:38:40;446.752041470324
2015-03-29 17:39:41;437.829576964354
2015-03-29 17:39:48;437.856431397679
2015-03-29 17:40:03;435.531002541712
2015-03-29 17:41:14;426.592165955737
2015-03-29 17:41:26;426.611712002612
2015-03-29 17:42:22;423.791444639326
2015-03-29 17:43:15;430.396490318961
2015-03-29 17:43:27;433.091256972377
2015-03-29 17:43:48;430.929585478457
2015-03-29 17:44:08;442.07551260258
2015-03-29 17:44:10;442.088606589892
2015-03-29 17:44:22;442.102683093233
2015-03-29 17:44:28;439.58932058357
2015-03-29 17:44:30;458.705375787942
2015-03-29 17:44:32;458.718152388108
2015-03-29 17:44:47;455.802712004133
2015-03-29 17:44:55;455.802712004133
2015-03-29 17:45:08;455.847729305809
2015-03-29 17:45:51;455.968444695726
2015-03-29 17:45:55;455.992323759713
2015-03-29 17:45:58;456.016004787584
2015-03-29 17:46:33;453.084041106858
2015-03-29 17:46:46;453.1498054053
2015-03-29 17:46:48;453.161448256247
2015-03-29 17:47:14;453.166004846821
2015-03-29 17:47:17;453.177580317219
2015-03-29 17:47:23;453.166004846821
2015-03-29 17:47:32;450.925983087644
2015-03-29 17:48:35;443.47348659479
2015-03-29 17:48:36;443.516174398402
2015-03-29 17:49:17;461.78198130807
2015-03-29 17:49:25;460.843698903248
2015-03-29 17:49:27;460.856035963726
2015-03-29 17:49:46;455.894267699371
2015-03-29 17:50:52;472.001036664184
2015-03-29 17:51:12;464.216080329552
2015-03-29 17:51:26;458.226529586882
2015-03-29 17:51:33;455.398038955296
2015-03-29 17:52:20;449.997722832714
2015-03-29 17:52:27;447.557520263955
2015-03-29 17:53:14;442.338171108558
2015-03-29 17:54:01;470.661548454169
2015-03-29 17:54:16;475.720632853361
2015-03-29 17:55:46;501.441646516797
2015-03-29 17:56:26;491.666646069461
2015-03-29 17:57:12;488.237684593331
2015-03-29 17:57:15;488.248526504536
2015-03-29 17:57:17;485.03224708301
2015-03-29 17:57:28;485.039195768076
2015-03-29 17:57:31;485.050545755185
2015-03-29 17:57:44;485.084230179941
2015-03-29 17:57:49;485.095396104978
2015-03-29 17:59:14;484.875645600872
2015-03-29 17:59:46;484.822044963265
2015-03-29 18:00:13;484.899611169669
2015-03-29 18:00:21;484.899611169669
2015-03-29 18:00:34;484.436237763874
2015-03-29 18:00:36;484.450050664476
2015-03-29 18:00:45;480.744918071733
2015-03-29 18:00:57;480.689191233412
2015-03-29 18:01:35;480.613514486733
2015-03-29 18:02:37;462.419073033894
2015-03-29 18:02:58;462.419073033894
2015-03-29 18:03:06;462.433055515369
2015-03-29 18:03:14;462.433055515369
2015-03-29 18:03:51;462.474660429734
2015-03-29 18:04:03;462.502113914431
2015-03-29 18:04:07;462.502113914431
2015-03-29 18:04:10;462.515756409489
2015-03-29 18:04:23;462.515756409489
2015-03-29 18:04:30;462.542874046085
2015-03-29 18:04:49;459.407564928411
2015-03-29 18:05:10;450.236026415468
2015-03-29 18:05:33;450.195762963856
2015-03-29 18:05:40;450.182231109767
2015-03-29 18:05:45;450.212519006175
2015-03-29 18:05:48;450.212519006175
2015-03-29 18:05:54;450.239279255808
2015-03-29 18:05:57;447.828064882571
2015-03-29 18:06:02;447.841243691438
2015-03-29 18:06:04;447.854368417654
2015-03-29 18:06:07;447.867439281812
2015-03-29 18:06:10;447.880456503618
2015-03-29 18:06:29;447.919188498718
2015-03-29 18:07:05;441.315902664138
2015-03-29 18:07:12;446.745522600277
2015-03-29 18:07:14;446.757951914246
2015-03-29 18:07:26;443.821395661966
2015-03-29 18:07:26;443.821395661966
2015-03-29 18:07:36;440.97851918716
2015-03-29 18:07:44;438.144573455049
2015-03-29 18:07:47;438.168557437779
2015-03-29 18:07:51;438.168557437779
2015-03-29 18:07:55;438.180475460673
2015-03-29 18:07:56;438.192344440233
2015-03-29 18:08:21;438.180475460673
2015-03-29 18:09:03;428.559282170669
2015-03-29 18:09:04;428.559282170669
2015-03-29 18:09:12;428.559282170669
2015-03-29 18:09:46;424.491965429416
2015-03-29 18:09:50;451.237720979736
2015-03-29 18:09:56;451.251107405917
2015-03-29 18:10:14;449.1787900939
2015-03-29 18:10:18;449.190439355594
2015-03-29 18:10:20;449.20204054826
2015-03-29 18:10:24;446.979711906952
2015-03-29 18:10:28;447.002742613458
2015-03-29 18:10:57;444.680358472051
2015-03-29 18:11:14;444.645476896512
2015-03-29 18:11:46;434.719341114478
2015-03-29 18:12:04;429.028334307877
2015-03-29 18:12:52;427.18704941086
2015-03-29 18:13:18;423.364216382668
2015-03-29 18:13:53;421.589942103261
2015-03-29 18:14:41;417.855619491397
2015-03-29 18:14:50;414.637082557283
2015-03-29 18:16:02;402.828890167539
2015-03-29 18:16:14;402.841749827768
2015-03-29 18:16:26;402.869425210856
2015-03-29 18:16:32;402.882121404712
2015-03-29 18:16:34;402.89476639575
2015-03-29 18:16:41;402.920344954803
2015-03-29 18:17:47;398.948387757112
2015-03-29 18:18:16;398.896573053105
2015-03-29 18:18:21;397.264034122375
2015-03-29 18:19:18;411.133953330117
2015-03-29 18:19:22;411.133953330117
2015-03-29 18:19:57;406.942844552724
2015-03-29 18:20:02;406.955504482978
2015-03-29 18:20:46;404.896594504338
2015-03-29 18:21:15;415.313306126868
2015-03-29 18:21:24;409.10809570258
2015-03-29 18:22:19;409.114230178347
2015-03-29 18:22:21;409.126724125035
2015-03-29 18:22:43;407.126273239441
2015-03-29 18:23:01;404.879374898163
2015-03-29 18:23:14;413.834578082009
2015-03-29 18:23:22;413.841545712931
2015-03-29 18:23:24;413.853534706041
2015-03-29 18:24:04;455.336107079001
2015-03-29 18:24:07;455.336107079001
2015-03-29 18:24:18;452.601746846207
2015-03-29 18:24:29;472.458728478992
2015-03-29 18:24:35;469.274441375064
2015-03-29 18:24:40;469.297265789879
2015-03-29 18:24:44;469.308608918205
2015-03-29 18:25:16;494.3466145583
2015-03-29 18:25:23;490.73497240482
2015-03-29 18:25:33;490.768174613782
2015-03-29 18:25:34;490.779153087607
2015-03-29 18:25:45;490.836760378466
2015-03-29 18:25:51;490.826014613313
2015-03-29 18:26:31;502.14638995983
2015-03-29 18:26:43;502.166573582633
2015-03-29 18:26:49;502.186595406586
2015-03-29 18:26:51;502.196546047982
2015-03-29 18:27:04;498.516671625635
2015-03-29 18:27:16;495.085870278578
2015-03-29 18:28:05;488.858380826758
2015-03-29 18:28:10;488.812409404791
2015-03-29 18:28:20;479.506496332786
2015-03-29 18:28:33;509.685449328736
2015-03-29 18:28:35;509.685449328736
2015-03-29 18:29:00;502.614288688611
2015-03-29 18:29:02;502.453069918352
2015-03-29 18:30:28;476.53119836659
2015-03-29 18:30:36;476.124176714532
2015-03-29 18:30:53;473.184681912211
2015-03-29 18:30:56;473.210357958517
2015-03-29 18:30:58;473.234762193954
2015-03-29 18:31:24;470.090271062753
2015-03-29 18:31:27;470.103342998841
2015-03-29 18:32:28;460.10115445371
2015-03-29 18:32:30;460.10115445371
2015-03-29 18:32:33;460.114435183779
2015-03-29 18:32:58;460.292626069778
2015-03-29 18:33:01;499.418557871712
2015-03-29 18:33:16;489.835943417803
2015-03-29 18:33:35;486.345520422604
2015-03-29 18:33:49;476.963232013847
2015-03-29 18:33:51;476.976249239562
2015-03-29 18:34:10;476.979889484136
2015-03-29 18:34:13;476.992839716218
2015-03-29 18:34:18;493.798560563846
2015-03-29 18:35:49;483.552947855049
2015-03-29 18:35:51;483.565433600692
2015-03-29 18:35:56;477.588469031689
2015-03-29 18:35:58;477.588469031689
2015-03-29 18:36:36;477.574820687271
2015-03-29 18:36:48;474.958959995119
2015-03-29 18:37:10;472.597096619827
2015-03-29 18:37:25;472.621716020637
2015-03-29 18:37:45;488.322425068101
2015-03-29 18:38:03;481.964218685585
2015-03-29 18:38:08;481.976780453491
2015-03-29 18:38:24;478.946449913248
2015-03-29 18:38:33;475.949808896649
2015-03-29 18:38:35;475.962970224966
2015-03-29 18:38:41;475.976134582555
2015-03-29 18:38:56;465.134795724965
2015-03-29 18:39:08;462.318565883297
2015-03-29 18:39:21;462.204434795304
2015-03-29 18:39:45;462.215694271809
2015-03-29 18:39:54;462.228951739966
2015-03-29 18:40:04;462.255302223016
2015-03-29 18:40:15;452.448404519881
2015-03-29 18:40:25;472.935600352712
2015-03-29 18:40:33;472.958675694288
2015-03-29 18:40:41;472.996705507254
2015-03-29 18:40:52;472.996705507254
2015-03-29 18:40:56;473.034304315349
2015-03-29 18:41:00;473.02168246207
2015-03-29 18:41:04;473.034304315349
2015-03-29 18:41:09;473.046873350175
2015-03-29 18:41:20;469.958193729976
2015-03-29 18:41:23;469.970653188127
2015-03-29 18:41:30;469.98306043867
2015-03-29 18:41:44;466.669917624491
2015-03-29 18:41:52;466.680129755207
2015-03-29 18:42:08;464.157271693483
2015-03-29 18:42:11;464.157271693483
2015-03-29 18:42:14;464.169613395738
2015-03-29 18:42:29;464.169613395738
2015-03-29 18:42:34;464.052747991502
2015-03-29 18:43:08;456.170674779617
2015-03-29 18:43:18;456.165828571172
2015-03-29 18:43:22;456.190937793099
2015-03-29 18:43:46;448.772629339086
2015-03-29 18:44:05;445.200616405465
2015-03-29 18:44:08;445.200616405465
2015-03-29 18:44:33;482.100485732282
2015-03-29 18:44:55;507.103704654488
2015-03-29 18:45:19;503.677999019433
2015-03-29 18:46:29;477.442334638783
2015-03-29 18:46:37;474.56432796888
2015-03-29 18:46:57;463.157951294538
2015-03-29 18:47:13;463.180898639688
2015-03-29 18:47:59;457.637347139142
2015-03-29 18:49:32;453.850840337615
2015-03-29 18:49:37;447.903434561962
2015-03-29 18:49:52;447.916834484444
2015-03-29 18:50:29;447.777845844354
2015-03-29 18:50:31;447.791773648965
2015-03-29 18:50:37;447.804402847003
2015-03-29 18:50:45;447.84778176946
2015-03-29 18:51:41;439.412127855691
2015-03-29 18:51:57;439.454302443574
2015-03-29 18:52:57;439.698840188475
2015-03-29 18:53:52;451.129739845581
2015-03-29 18:54:34;448.371384445981
2015-03-29 18:54:43;448.406547921156
2015-03-29 18:55:04;448.402786724306
2015-03-29 18:55:06;448.415932261804
2015-03-29 18:56:02;440.144500075983
2015-03-29 18:56:14;437.423220015459
2015-03-29 18:56:31;434.597573534663
2015-03-29 18:56:59;434.561809583315
2015-03-29 18:57:07;434.575244552947
2015-03-29 18:57:21;434.588623037064
2015-03-29 18:57:26;434.615211492155
2015-03-29 18:57:40;432.116219161796
2015-03-29 18:58:21;432.156495163957
2015-03-29 18:58:31;455.500132794824
2015-03-29 18:58:41;463.154207413828
2015-03-29 19:00:05;463.24995450393
2015-03-29 19:00:28;463.2929681414
2015-03-29 19:01:16;456.864175787878
2015-03-29 19:01:19;456.922484421098
2015-03-29 19:01:26;456.949021552184
2015-03-29 19:01:41;454.378352563102
2015-03-29 19:02:04;445.810095287232
2015-03-29 19:02:06;443.188915821149
2015-03-29 19:02:08;443.188915821149
2015-03-29 19:02:43;446.298358896547
2015-03-29 19:02:53;446.311996752201
2015-03-29 19:02:57;446.311996752201
2015-03-29 19:03:01;446.325577269962
2015-03-29 19:03:03;446.318044044228
2015-03-29 19:03:06;443.691657308386
2015-03-29 19:03:08;443.705069104007
2015-03-29 19:03:36;438.508427223132
2015-03-29 19:03:37;438.522428838612
2015-03-29 19:04:20;438.369608406692
2015-03-29 19:04:27;435.524475342745
2015-03-29 19:05:17;435.676211238381
2015-03-29 19:05:23;433.36190276832
2015-03-29 19:05:31;433.383373906201
2015-03-29 19:05:35;433.390452849276
2015-03-29 19:05:46;448.583653476092
2015-03-29 19:05:57;445.816523786608
2015-03-29 19:05:59;445.816523786608
2015-03-29 19:06:00;445.804050050569
2015-03-29 19:06:13;440.148746981554
2015-03-29 19:06:26;440.148746981554
2015-03-29 19:06:45;434.692063205458
2015-03-29 19:06:54;432.238458184059
2015-03-29 19:07:30;429.451089913725
2015-03-29 19:07:44;429.41915663371
2015-03-29 19:08:42;416.599651989989
2015-03-29 19:08:57;416.652693047342
2015-03-29 19:09:05;416.665813454928
2015-03-29 19:09:09;416.691888084733
2015-03-29 19:09:12;416.704842772406
2015-03-29 19:09:22;416.743379098976
2015-03-29 19:10:56;400.520459089479
2015-03-29 19:11:02;400.507793492869
2015-03-29 19:11:19;395.027131805994
2015-03-29 19:12:05;393.239999805827
2015-03-29 19:12:07;393.239999805827
2015-03-29 19:12:11;393.268120071592
2015-03-29 19:12:13;393.28209184274
2015-03-29 19:12:28;391.655458865714
2015-03-29 19:12:39;389.963166219499
2015-03-29 19:12:50;389.963166219499
2015-03-29 19:13:02;389.935566862126
2015-03-29 19:13:12;389.905098521297
2015-03-29 19:13:37;386.08537359681
2015-03-29 19:13:48;384.156991619453
2015-03-29 19:13:51;382.418161494281
2015-03-29 19:14:26;385.435228885801
2015-03-29 19:14:44;385.614707770546
2015-03-29 19:14:57;413.681292092147
2015-03-29 19:15:05;413.709920944173
2015-03-29 19:15:48;413.73348587701
2015-03-29 19:16:20;409.769478244709
2015-03-29 19:16:31;407.353741241295
2015-03-29 19:17:31;404.096472763932
2015-03-29 19:17:36;402.139657900675
2015-03-29 19:17:54;402.15286380749
2015-03-29 19:17:57;402.166014952853
2015-03-29 19:18:38;395.694940433391
2015-03-29 19:19:31;414.827228043787
2015-03-29 19:19:34;414.840532474513
2015-03-29 19:20:18;412.688944009112
2015-03-29 19:20:23;412.71652864463
2015-03-29 19:20:34;412.73023447464
2015-03-29 19:20:39;412.73023447464
2015-03-29 19:20:45;412.743882965728
2015-03-29 19:20:55;410.936379763007
2015-03-29 19:21:01;410.963256687518
2015-03-29 19:21:09;410.989513133536
2015-03-29 19:21:46;414.450181499393
2015-03-29 19:21:49;414.463355984471
2015-03-29 19:21:52;414.463355984471
2015-03-29 19:22:00;414.476475155309
2015-03-29 19:22:17;414.50334225353
2015-03-29 19:22:19;414.501522366014
2015-03-29 19:22:23;412.474409154003
2015-03-29 19:22:25;412.474409154003
2015-03-29 19:22:36;410.630257428893
2015-03-29 19:22:40;410.617330863227
2015-03-29 19:22:46;410.614960642685
2015-03-29 19:23:02;408.653068156254
2015-03-29 19:24:07;418.73855981202
2015-03-29 19:24:09;418.574373906222
2015-03-29 19:24:11;418.58729794579
2015-03-29 19:24:14;418.61424257305
2015-03-29 19:24:27;418.62699938134
2015-03-29 19:24:35;418.677196430605
2015-03-29 19:24:46;416.847674488589
2015-03-29 19:24:50;415.228868979644
2015-03-29 19:24:51;415.228868979644
2015-03-29 19:24:55;412.871257799878
2015-03-29 19:25:03;412.881638167631
2015-03-29 19:25:04;410.574365785297
2015-03-29 19:25:06;410.586988255772
2015-03-29 19:25:28;415.725691806877
2015-03-29 19:25:38;415.725691806877
2015-03-29 19:25:50;415.738511568956
2015-03-29 19:25:53;415.738511568956
2015-03-29 19:25:55;415.750923855962
2015-03-29 19:26:44;447.444613431202
2015-03-29 19:26:51;447.444613431202
2015-03-29 19:26:56;447.456982979812
2015-03-29 19:27:11;435.622486357917
2015-03-29 19:27:18;431.768044180531
2015-03-29 19:27:20;431.780537171966
2015-03-29 19:27:27;427.175822859391
2015-03-29 19:28:03;439.243628049349
2015-03-29 19:28:05;439.256300596967
2015-03-29 19:28:12;439.268919009072
2015-03-29 19:28:23;437.228231144752
2015-03-29 19:28:34;437.24446280311
2015-03-29 19:28:59;437.307258219046
2015-03-29 19:30:27;426.950624768504
2015-03-29 19:30:54;426.911863263754
2015-03-29 19:31:54;424.174157854592
2015-03-29 19:32:29;418.456783826573
2015-03-29 19:34:01;420.889703986827
2015-03-29 19:34:05;420.904132956986
2015-03-29 19:34:38;420.970968719998
2015-03-29 19:35:17;420.205863452101
2015-03-29 19:35:19;420.219576917344
2015-03-29 19:35:35;415.754903838569
2015-03-29 19:35:40;415.754903838569
2015-03-29 19:35:50;415.769031799891
2015-03-29 19:36:45;413.639843008938
2015-03-29 19:36:47;413.653676469414
2015-03-29 19:36:48;413.667451699565
2015-03-29 19:37:21;415.850838531207
2015-03-29 19:37:29;415.91777884745
2015-03-29 19:38:24;422.232407473439
2015-03-29 19:38:41;422.264275319565
2015-03-29 19:38:42;422.277449063982
2015-03-29 19:38:43;422.29056730442
2015-03-29 19:39:28;437.98629346934
2015-03-29 19:39:35;437.998857050302
2015-03-29 19:39:38;438.011367688571
2015-03-29 19:39:42;438.011367688571
2015-03-29 19:40:40;431.353686400969
2015-03-29 19:41:02;431.315071280345
2015-03-29 19:41:07;428.48140978929
2015-03-29 19:41:09;425.805268062979
2015-03-29 19:41:12;425.818229318506
2015-03-29 19:42:04;436.836341641229
2015-03-29 19:42:25;446.544151060909
2015-03-29 19:42:34;446.530835573715
2015-03-29 19:42:36;446.513317447857
2015-03-29 19:42:37;446.526708219132
2015-03-29 19:42:40;446.54004144383
2015-03-29 19:42:44;446.54004144383
2015-03-29 19:42:48;446.566536236195
2015-03-29 19:43:01;443.383641376818
2015-03-29 19:43:40;437.835421448176
2015-03-29 19:43:43;437.822115327013
2015-03-29 19:44:09;436.107311844121
2015-03-29 19:44:47;445.186104336833
2015-03-29 19:44:58;442.955183283515
2015-03-29 19:44:58;442.955183283515
2015-03-29 19:45:00;439.980110674935
2015-03-29 19:45:02;440.007894416143
2015-03-29 19:45:03;440.038176085612
2015-03-29 19:45:05;440.051647601761
2015-03-29 19:46:43;446.628159981585
2015-03-29 19:46:49;446.652414496754
2015-03-29 19:46:50;446.62067265068
2015-03-29 19:47:26;436.041321592179
2015-03-29 19:48:19;424.933416189048
2015-03-29 19:48:32;424.957986678785
2015-03-29 19:48:39;422.873979289003
2015-03-29 19:48:57;420.828861942051
2015-03-29 19:49:30;416.485906213764
2015-03-29 19:50:46;424.390063851276
2015-03-29 19:50:48;424.405096884061
2015-03-29 19:51:00;424.420667553102
2015-03-29 19:51:05;424.45589430731
2015-03-29 19:51:29;424.528997942924
2015-03-29 19:51:36;424.543429231396
2015-03-29 19:51:42;424.557798007066
2015-03-29 19:53:09;416.725360411211
2015-03-29 19:53:11;416.730463496174
2015-03-29 19:53:19;414.731783333318
2015-03-29 19:53:23;414.731783333318
2015-03-29 19:53:27;414.746072032148
2015-03-29 19:55:41;408.227786070668
2015-03-29 19:56:08;403.103457896346
2015-03-29 19:57:03;399.160900774068
2015-03-29 19:57:06;399.176629987627
2015-03-29 19:57:17;399.207883585742
2015-03-29 19:58:43;405.958908449688
2015-03-29 19:58:58;406.042802615401
2015-03-29 19:59:36;406.088176099578
2015-03-29 19:59:38;406.427720314698
2015-03-29 20:00:47;431.291235884296
2015-03-29 20:00:49;431.305280103225
2015-03-29 20:00:53;431.333183602563
2015-03-29 20:01:02;431.376119042896
2015-03-29 20:01:05;431.440827140579
2015-03-29 20:01:14;431.514470610777
2015-03-29 20:01:15;431.527533343606
2015-03-29 20:01:25;431.561851931277
2015-03-29 20:02:52;426.491782326976
2015-03-29 20:03:00;426.505650259024
2015-03-29 20:03:14;426.660338525286
2015-03-29 20:03:18;426.686531853152
2015-03-29 20:03:21;426.699542044482
2015-03-29 20:03:34;425.798121622112
2015-03-29 20:03:36;425.811214803161
2015-03-29 20:03:44;423.487839933754
2015-03-29 20:04:24;419.003016865925
2015-03-29 20:05:08;416.108363929983
2015-03-29 20:05:14;416.123397324278
2015-03-29 20:05:18;416.138364243054
2015-03-29 20:05:20;416.15326497848
2015-03-29 20:05:44;442.340312994142
2015-03-29 20:05:48;442.340312994142
2015-03-29 20:05:54;437.013079700801
2015-03-29 20:06:51;439.709671063732
2015-03-29 20:07:00;439.75917319277
2015-03-29 20:07:13;439.744468393957
2015-03-29 20:07:24;436.972510160047
2015-03-29 20:07:34;437.015827392471
2015-03-29 20:07:37;437.030136671288
2015-03-29 20:07:40;437.044381534618
2015-03-29 20:07:51;434.585010218516
2015-03-29 20:08:04;429.646882714563
2015-03-29 20:08:09;427.34016375224
2015-03-29 20:08:11;427.342279876248
2015-03-29 20:08:12;424.924376228942
2015-03-29 20:08:25;420.226670760382
2015-03-29 20:09:13;435.102643975173
2015-03-29 20:10:20;430.320254488454
2015-03-29 20:10:35;426.433721318279
2015-03-29 20:10:42;426.460915781789
2015-03-29 20:11:48;415.661235564824
2015-03-29 20:13:44;397.890021102495
2015-03-29 20:13:49;397.890021102495
2015-03-29 20:14:06;404.236918456448
2015-03-29 20:14:06;404.236918456448
2015-03-29 20:14:18;404.160140837174
2015-03-29 20:14:46;406.694852602187
2015-03-29 20:14:53;406.737579163219
2015-03-29 20:16:14;402.259633305746
2015-03-29 20:16:21;400.16247372605
2015-03-29 20:17:55;418.84545625934
2015-03-29 20:19:32;412.777267473155
2015-03-29 20:19:34;410.748112345802
2015-03-29 20:20:45;408.849721406682
2015-03-29 20:20:55;408.849721406682
2015-03-29 20:21:59;405.725772944548
2015-03-29 20:22:41;405.742336848027
2015-03-29 20:22:43;403.830606852882
2015-03-29 20:23:09;403.797526537261
2015-03-29 20:23:30;403.797526537261
2015-03-29 20:24:15;399.659220643229
2015-03-29 20:24:34;399.66512425673
2015-03-29 20:24:43;399.64864518732
2015-03-29 20:24:45;399.66512425673
2015-03-29 20:24:50;399.687150361007
2015-03-29 20:24:52;399.703457344248
2015-03-29 20:25:11;399.703457344248
2015-03-29 20:25:13;399.719691445181
2015-03-29 20:25:27;399.735852987398
2015-03-29 20:25:34;397.756925002445
2015-03-29 20:25:47;409.069481347594
2015-03-29 20:25:50;409.084782776861
2015-03-29 20:25:54;409.115180128862
2015-03-29 20:25:56;409.115180128862
2015-03-29 20:26:04;409.175664585686
2015-03-29 20:26:23;409.219941386923
2015-03-29 20:26:28;409.224829611204
2015-03-29 20:26:52;407.317513769779
2015-03-29 20:26:59;407.317513769779
2015-03-29 20:27:01;407.317513769779
2015-03-29 20:27:21;405.284067490703
2015-03-29 20:27:29;403.2660829544
2015-03-29 20:27:32;403.280404906001
2015-03-29 20:27:40;403.322985789806
2015-03-29 20:27:42;403.322985789806
2015-03-29 20:27:45;403.344563697516
2015-03-29 20:27:47;403.344563697516
2015-03-29 20:27:52;403.344563697516
2015-03-29 20:27:57;403.35853298868
2015-03-29 20:28:05;403.400065318123
2015-03-29 20:28:08;403.400065318123
2015-03-29 20:29:19;400.512919860117
2015-03-29 20:29:24;400.526454344207
2015-03-29 20:29:43;399.189071096997
2015-03-29 20:29:52;399.161782606383
2015-03-29 20:29:54;397.718910067562
2015-03-29 20:29:57;397.732654967152
2015-03-29 20:30:03;394.689534773137
2015-03-29 20:30:45;390.005359745821
2015-03-29 20:31:38;381.259740187493
2015-03-29 20:31:43;379.699661675496
2015-03-29 20:32:07;378.110455533846
2015-03-29 20:32:33;375.402241964496
2015-03-29 20:33:41;402.594682832858
2015-03-29 20:33:56;402.64267148074
2015-03-29 20:34:13;402.64267148074
2015-03-29 20:34:31;402.627920430255
2015-03-29 20:35:11;395.598036457915
2015-03-29 20:35:13;395.612757405135
2015-03-29 20:35:53;393.839304970387
2015-03-29 20:36:13;391.793787091372
2015-03-29 20:36:27;399.19445728001
2015-03-29 20:39:05;395.961339193827
2015-03-29 20:39:08;395.977615466933
2015-03-29 20:39:09;395.977615466933
2015-03-29 20:39:41;391.708394798403
2015-03-29 20:39:56;390.422709838943
2015-03-29 20:40:42;388.573283649479
2015-03-29 20:40:56;388.620162557713
2015-03-29 20:41:01;388.72698501606
2015-03-29 20:41:23;398.088332361425
2015-03-29 20:41:27;398.105187256363
2015-03-29 20:43:09;406.655038333395
2015-03-29 20:44:06;407.187401957362
2015-03-29 20:44:08;405.477724668767
2015-03-29 20:44:10;403.770854917994
2015-03-29 20:44:16;403.785342785645
2015-03-29 20:44:50;400.039470943384
2015-03-29 20:44:56;400.039470943384
2015-03-29 20:46:02;421.026031211637
2015-03-29 20:46:09;418.767814289827
2015-03-29 20:46:10;418.782448289325
2015-03-29 20:46:13;418.811522356009
2015-03-29 20:47:31;424.794131443392
2015-03-29 20:47:34;424.808381628795
2015-03-29 20:47:36;424.822568495295
2015-03-29 20:48:23;424.832003573003
2015-03-29 20:48:33;423.07788521139
2015-03-29 20:48:47;423.119906753094
2015-03-29 20:48:51;423.105961927443
2015-03-29 20:50:31;411.144425281915
2015-03-29 20:50:33;411.144425281915
2015-03-29 20:50:36;411.159737874778
2015-03-29 20:50:38;411.17498236148
2015-03-29 20:50:49;411.256093388373
2015-03-29 20:51:11;403.543326709823
2015-03-29 20:51:59;403.478339129725
2015-03-29 20:52:19;418.512392529732
2015-03-29 20:53:01;414.474826943379
2015-03-29 20:53:03;414.474826943379
2015-03-29 20:53:41;408.7929250294
2015-03-29 20:53:47;408.808156749102
2015-03-29 20:54:17;408.844249812688
2015-03-29 20:54:33;408.844249812688
2015-03-29 20:55:01;408.871818889765
2015-03-29 20:55:33;444.773208553949
2015-03-29 20:55:34;444.773208553949
2015-03-29 20:56:42;437.820247426753
2015-03-29 20:56:43;437.835050822961
2015-03-29 20:57:40;436.059943881465
2015-03-29 20:59:43;424.881255157413
2015-03-29 21:01:09;422.09326109217
2015-03-29 21:01:49;440.642204267103
2015-03-29 21:02:32;440.626670900732
2015-03-29 21:02:34;440.626670900732
2015-03-29 21:02:41;440.626670900732
2015-03-29 21:02:48;440.661241695627
2015-03-29 21:02:54;440.707096661623
2015-03-29 21:02:59;440.724052214305
2015-03-29 21:04:59;482.446251549658
2015-03-29 21:05:14;479.76328595284
2015-03-29 21:05:19;479.776563266233
2015-03-29 21:05:22;479.789780175923
2015-03-29 21:05:26;479.802936955365
2015-03-29 21:05:38;476.312112205365
2015-03-29 21:05:42;476.325482766604
2015-03-29 21:05:52;476.544388326421
2015-03-29 21:05:53;476.555557216192
2015-03-29 21:05:57;483.488548320425
2015-03-29 21:06:44;483.693308263034
2015-03-29 21:06:47;483.704658221458
2015-03-29 21:06:49;483.715956353023
2015-03-29 21:07:01;480.642902675544
2015-03-29 21:07:25;474.063954715339
2015-03-29 21:07:26;474.063954715339
2015-03-29 21:07:31;474.090455314665
2015-03-29 21:07:33;474.090455314665
2015-03-29 21:07:37;474.116713450775
2015-03-29 21:09:46;465.206894548431
2015-03-29 21:10:40;446.259028744184
2015-03-29 21:11:43;440.568869329314
2015-03-29 21:14:29;448.493356839274
2015-03-29 21:14:50;446.057410618189
2015-03-29 21:17:10;480.482748738952
2015-03-29 21:17:13;480.498140440295
2015-03-29 21:17:22;480.498140440295
2015-03-29 21:17:33;480.528713792977
2015-03-29 21:18:49;481.018958496234
2015-03-29 21:19:05;477.474865118049
2015-03-29 21:19:26;477.377098992797
2015-03-29 21:20:17;477.738899480712
2015-03-29 21:20:20;477.751136694669
2015-03-29 21:21:00;477.702259808017
2015-03-29 21:21:13;477.702259808017
2015-03-29 21:21:18;477.727012375426
2015-03-29 21:21:22;476.677819644211
2015-03-29 21:22:35;467.159023622104
2015-03-29 21:22:43;467.193886782197
2015-03-29 21:23:16;467.245584087375
2015-03-29 21:23:18;467.245584087375
2015-03-29 21:23:20;467.262658655559
2015-03-29 21:23:31;467.281926901733
2015-03-29 21:24:06;458.128923756741
2015-03-29 21:24:07;458.128923756741
2015-03-29 21:24:09;458.145890456645
2015-03-29 21:24:13;458.179589634219
2015-03-29 21:24:19;458.229558190533
2015-03-29 21:24:29;458.229558190533
2015-03-29 21:24:31;458.246061067518
2015-03-29 21:26:08;446.968968248335
2015-03-29 21:26:18;446.953075759813
2015-03-29 21:27:01;444.655856625957
2015-03-29 21:27:54;440.035584144558
2015-03-29 21:30:11;437.492872139972
2015-03-29 21:32:47;460.150501139893
2015-03-29 21:33:21;460.205622213906
2015-03-29 21:33:23;460.221529070348
2015-03-29 21:33:48;460.49885485219
2015-03-29 21:33:50;493.280766211217
2015-03-29 21:35:15;488.070535713577
2015-03-29 21:36:22;507.461168431736
2015-03-29 21:37:08;507.377457883298
2015-03-29 21:37:59;499.807922197117
2015-03-29 21:38:01;499.822290587795
2015-03-29 21:38:08;499.822290587795
2015-03-29 21:38:27;496.579040449111
2015-03-29 21:38:39;493.001270875025
2015-03-29 21:38:49;489.547629079939
2015-03-29 21:39:00;489.547629079939
2015-03-29 21:39:56;489.624598158331
2015-03-29 21:40:16;486.237874409328
2015-03-29 21:41:15;482.505133867364
2015-03-29 21:41:25;482.468875479571
2015-03-29 21:41:29;478.874278988614
2015-03-29 21:41:41;478.874278988614
2015-03-29 21:43:16;467.82690277398
2015-03-29 21:43:20;467.863064383026
2015-03-29 21:43:36;461.691886011946
2015-03-29 21:43:51;461.738028709177
2015-03-29 21:48:03;446.070165153206
2015-03-29 21:49:25;436.592186320249
2015-03-29 21:49:29;436.610760024702
2015-03-29 21:49:36;436.629245029303
2015-03-29 21:49:40;436.647641754677
2015-03-29 21:50:50;441.316961843576
2015-03-29 21:50:52;441.334710996016
2015-03-29 21:51:15;441.453489149649
2015-03-29 21:52:59;441.40459243294
2015-03-29 21:52:59;441.40459243294
2015-03-29 21:54:38;439.284737850594
2015-03-29 21:55:03;431.555448010782
2015-03-29 21:56:24;424.397114207718
2015-03-29 21:56:52;424.415599971301
2015-03-29 21:58:11;420.167783535164
2015-03-29 21:59:42;452.6298771021
2015-03-29 21:59:47;452.692022508287
2015-03-29 21:59:59;452.781362743384
2015-03-29 22:00:51;453.023200236522
2015-03-29 22:01:27;450.162750366105
2015-03-29 22:01:31;450.162750366105
2015-03-29 22:01:32;450.177514058565
2015-03-29 22:02:03;447.522875458674
2015-03-29 22:02:56;444.896243706809
2015-03-29 22:04:03;444.980795296787
2015-03-29 22:04:51;441.91673846546
2015-03-29 22:06:02;427.382909156862
2015-03-29 22:08:52;423.052907349872
2015-03-29 22:09:28;421.138695526774
2015-03-29 22:09:58;421.101785219857
2015-03-29 22:10:53;417.987966045685
2015-03-29 22:11:48;417.964779121936
2015-03-29 22:11:51;417.982523858991
2015-03-29 22:12:23;418.036092338436
2015-03-29 22:15:01;411.616524666706
2015-03-29 22:17:48;403.830286167394
2015-03-29 22:21:15;402.029650688319
2015-03-29 22:21:18;402.048091436931
2015-03-29 22:21:20;402.06644404969
2015-03-29 22:22:33;402.104340850556
2015-03-29 22:23:22;402.086170241476
2015-03-29 22:23:34;402.122424605796
2015-03-29 22:23:37;402.140421919438
2015-03-29 22:23:42;402.158333201799
2015-03-29 22:24:23;402.176158861271
2015-03-29 22:24:48;402.211554935585
2015-03-29 22:24:50;402.229126157694
2015-03-29 22:24:51;402.246613371468
2015-03-29 22:24:58;402.297931013107
2015-03-29 22:25:03;402.332165426413
2015-03-29 22:26:13;402.432921237686
2015-03-29 22:26:26;402.416329215298
2015-03-29 22:26:29;402.432921237686
2015-03-29 22:26:40;402.449433903224
2015-03-29 22:27:05;400.246117235675
2015-03-29 22:27:18;398.332038575521
2015-03-29 22:27:22;397.772680525585
2015-03-29 22:27:23;397.788686819861
2015-03-29 22:27:33;397.772680525585
2015-03-29 22:27:46;395.483161160028
2015-03-29 22:28:10;395.499138256553
2015-03-29 22:29:13;393.863890820723
2015-03-29 22:32:52;379.550589847758
2015-03-29 22:36:14;380.618565401172
2015-03-29 22:37:22;380.737269209202
2015-03-29 22:37:24;380.754527233815
2015-03-29 22:40:56;386.968428054222
2015-03-29 22:41:09;386.999427136716
2015-03-29 22:41:11;387.014815451593
2015-03-29 22:41:50;385.676110497042
2015-03-29 22:42:20;385.692470293253
2015-03-29 22:43:21;382.979918614902
2015-03-29 22:46:17;377.084005434291
2015-03-29 22:46:39;377.072378052971
2015-03-29 22:47:59;373.258786433801
2015-03-29 22:48:58;373.24032921907
2015-03-29 22:52:10;399.045627521309
2015-03-29 22:53:05;396.767759109737
2015-03-29 22:54:28;394.967542711551
2015-03-29 22:56:09;395.232537418952
2015-03-29 23:01:53;415.38676168886
2015-03-29 23:04:52;455.510056279402
2015-03-29 23:04:54;455.522996470791
2015-03-29 23:05:22;455.535875323202
2015-03-29 23:05:24;455.54869312593
2015-03-29 23:05:26;455.561450166918
2015-03-29 23:05:51;456.369575819578
2015-03-29 23:05:57;456.37843852145
2015-03-29 23:06:00;456.387259145524
2015-03-29 23:06:05;456.396037890887
2015-03-29 23:06:12;456.41347053716
2015-03-29 23:07:14;456.430738034341
2015-03-29 23:07:21;456.43931033988
2015-03-29 23:09:10;454.718277191527
2015-03-29 23:10:08;440.988055038432
2015-03-29 23:10:25;440.971664678618
2015-03-29 23:13:08;447.357078030491
2015-03-29 23:14:17;444.986821811183
2015-03-29 23:19:17;434.762828892902
2015-03-29 23:19:24;434.762828892902
2015-03-29 23:24:03;431.971316367523
2015-03-29 23:24:42;431.928298828339
2015-03-29 23:27:08;431.928298828339
2015-03-29 23:27:22;431.945315580169
2015-03-29 23:30:18;427.080128982325
2015-03-29 23:30:46;427.097110946706
2015-03-29 23:32:33;422.44024126958
2015-03-29 23:35:09;422.458512848032
2015-03-29 23:35:15;422.475356139703
2015-03-29 23:36:42;424.779395875634
2015-03-29 23:38:16;424.828380213726
2015-03-29 23:40:40;421.88618746511
2015-03-29 23:40:43;421.903438799851
2015-03-29 23:43:34;448.057352690224
2015-03-29 23:44:58;448.337332379413
2015-03-29 23:47:00;441.998389512539
2015-03-29 23:47:01;442.015803317042
2015-03-29 23:50:39;443.699409754432
2015-03-29 23:52:33;440.698604822676
2015-03-29 23:52:36;440.714881103053
2015-03-29 23:53:03;440.731079879413
