dateAndTime;lokrr
2015-02-15 06:00:22;194.045504
2015-02-15 06:10:25;182.796376
2015-02-15 06:14:26;1338.271748
2015-02-15 06:18:41;182.000000
2015-02-15 06:21:29;436.984720
2015-02-15 06:22:54;182.000000
2015-02-15 06:25:07;245.760424
2015-02-15 06:47:28;262.539082
2015-02-15 06:53:28;184.509453
2015-02-15 07:02:31;182.000000
2015-02-15 07:07:20;186.229006
2015-02-15 07:08:30;195.754730
2015-02-15 07:10:08;257.709178
2015-02-15 07:14:32;247.020995
2015-02-15 07:16:48;230.361931
2015-02-15 07:17:28;194.559148
2015-02-15 07:19:33;246.226551
2015-02-15 07:19:46;206.983865
2015-02-15 07:20:34;223.762683
2015-02-15 07:30:37;233.978777
2015-02-15 07:31:23;195.420943
2015-02-15 07:33:59;260.405653
2015-02-15 07:37:54;194.115011
2015-02-15 07:39:26;248.782953
2015-02-15 07:39:50;236.371706
2015-02-15 07:42:56;190.602749
2015-02-15 07:44:35;182.016466
2015-02-15 07:54:27;162.454207
2015-02-15 07:54:52;350.360764
2015-02-15 07:57:20;189.227487
2015-02-15 07:57:21;204.658068
2015-02-15 07:58:03;199.006878
2015-02-15 07:59:13;256.286463
2015-02-15 07:59:17;203.201660
2015-02-15 08:00:23;271.719572
2015-02-15 08:02:32;436.845248
2015-02-15 08:03:16;199.103184
2015-02-15 08:04:33;192.489753
2015-02-15 08:05:54;248.749041
2015-02-15 08:06:18;267.981059
2015-02-15 08:08:44;182.000000
2015-02-15 08:09:28;253.259228
2015-02-15 08:10:25;182.002404
2015-02-15 08:12:07;196.023318
2015-02-15 08:15:09;182.046113
2015-02-15 08:15:36;232.781045
2015-02-15 08:16:03;160.964422
2015-02-15 08:19:18;182.000001
2015-02-15 08:22:18;191.828555
2015-02-15 08:24:07;187.571791
2015-02-15 08:24:30;243.696672
2015-02-15 08:25:34;182.187112
2015-02-15 08:26:25;182.000000
2015-02-15 08:26:59;370.944249
2015-02-15 08:27:48;182.002605
2015-02-15 08:27:49;205.303865
2015-02-15 08:30:28;182.000019
2015-02-15 08:32:44;183.524382
2015-02-15 08:33:32;199.144135
2015-02-15 08:35:18;199.847669
2015-02-15 08:38:18;199.255153
2015-02-15 08:39:19;182.000000
2015-02-15 08:39:31;194.900425
2015-02-15 08:46:46;182.000000
2015-02-15 08:47:37;345.600225
2015-02-15 08:51:19;181.968257
2015-02-15 08:51:22;203.058678
2015-02-15 08:54:02;184.252684
2015-02-15 08:55:11;556.313288
2015-02-15 08:58:35;187.559211
2015-02-15 08:59:25;295.843151
2015-02-15 09:00:35;286.998285
2015-02-15 09:02:57;182.000000
2015-02-15 09:03:04;194.346764
2015-02-15 09:06:24;182.000000
2015-02-15 09:07:20;414.984694
2015-02-15 09:10:03;183.707418
2015-02-15 09:10:32;183.707418
2015-02-15 09:11:37;185.113189
2015-02-15 09:14:29;185.521003
2015-02-15 09:14:50;195.476849
2015-02-15 09:15:46;198.796721
2015-02-15 09:19:15;182.009596
2015-02-15 09:19:37;182.009596
2015-02-15 09:19:43;182.020840
2015-02-15 09:19:59;182.026044
2015-02-15 09:20:05;190.616210
2015-02-15 09:20:12;192.521078
2015-02-15 09:21:39;182.000409
2015-02-15 09:21:52;182.000341
2015-02-15 09:22:09;182.000341
2015-02-15 09:23:32;185.404037
2015-02-15 09:23:37;182.800141
2015-02-15 09:23:39;183.137268
2015-02-15 09:23:46;183.414364
2015-02-15 09:24:20;182.163293
2015-02-15 09:24:25;182.815022
2015-02-15 09:24:32;196.240605
2015-02-15 09:25:25;268.752953
2015-02-15 09:26:13;196.781670
2015-02-15 09:26:53;184.013614
2015-02-15 09:26:55;189.473282
2015-02-15 09:27:29;197.021174
2015-02-15 09:28:57;241.879285
2015-02-15 09:29:14;247.253610
2015-02-15 09:29:52;220.110166
2015-02-15 09:30:34;182.123302
2015-02-15 09:32:03;186.501621
2015-02-15 09:32:22;189.444292
2015-02-15 09:32:24;186.552080
2015-02-15 09:33:07;187.517381
2015-02-15 09:34:01;188.080359
2015-02-15 09:35:21;210.561025
2015-02-15 09:35:29;243.586794
2015-02-15 09:36:09;262.814770
2015-02-15 09:36:57;268.045257
2015-02-15 09:36:59;268.045257
2015-02-15 09:37:10;262.397155
2015-02-15 09:37:59;262.397155
2015-02-15 09:39:43;264.073554
2015-02-15 09:41:52;182.527538
2015-02-15 09:43:26;182.014645
2015-02-15 09:43:37;182.091523
2015-02-15 09:43:39;182.150896
2015-02-15 09:43:41;182.091523
2015-02-15 09:44:04;182.001676
2015-02-15 09:44:24;182.000051
2015-02-15 09:44:50;182.000001
2015-02-15 09:45:40;182.000000
2015-02-15 09:46:44;182.000000
2015-02-15 09:47:07;182.000000
2015-02-15 09:50:56;182.000000
2015-02-15 09:51:31;182.003770
2015-02-15 09:51:52;182.000042
2015-02-15 09:53:04;182.000058
2015-02-15 09:53:24;182.000504
2015-02-15 09:53:56;182.000106
2015-02-15 09:54:19;182.000000
2015-02-15 09:54:26;182.000000
2015-02-15 09:55:36;182.000000
2015-02-15 09:55:37;182.000000
2015-02-15 09:56:24;182.000000
2015-02-15 09:56:36;182.000003
2015-02-15 09:57:21;182.006116
2015-02-15 09:57:24;182.010058
2015-02-15 09:59:07;186.078336
2015-02-15 09:59:26;194.099693
2015-02-15 09:59:56;200.527354
2015-02-15 10:00:09;203.007964
2015-02-15 10:00:28;245.150549
2015-02-15 10:01:21;194.313636
2015-02-15 10:01:47;191.185654
2015-02-15 10:03:21;196.563863
2015-02-15 10:03:28;196.563863
2015-02-15 10:04:15;201.884546
2015-02-15 10:04:38;215.912428
2015-02-15 10:04:42;306.882204
2015-02-15 10:04:58;304.392908
2015-02-15 10:07:09;219.806654
2015-02-15 10:07:16;404.579099
2015-02-15 10:07:51;316.717414
2015-02-15 10:08:37;224.355577
2015-02-15 10:08:38;224.355577
2015-02-15 10:08:56;316.186821
2015-02-15 10:09:27;200.209377
2015-02-15 10:09:28;225.903664
2015-02-15 10:09:29;316.717387
2015-02-15 10:09:49;203.184513
2015-02-15 10:10:45;182.002605
2015-02-15 10:12:00;182.000148
2015-02-15 10:12:50;182.000388
2015-02-15 10:13:42;182.000002
2015-02-15 10:14:00;182.000000
2015-02-15 10:14:13;182.000000
2015-02-15 10:14:31;182.000000
2015-02-15 10:15:01;182.021364
2015-02-15 10:15:06;182.029043
2015-02-15 10:15:29;182.163487
2015-02-15 10:15:44;182.163487
2015-02-15 10:16:04;182.083580
2015-02-15 10:16:21;182.140724
2015-02-15 10:16:53;182.191187
2015-02-15 10:17:38;182.019292
2015-02-15 10:18:21;182.044839
2015-02-15 10:18:40;183.921412
2015-02-15 10:19:06;247.541108
2015-02-15 10:19:31;272.425380
2015-02-15 10:19:32;272.425380
2015-02-15 10:19:37;280.726965
2015-02-15 10:20:20;182.000000
2015-02-15 10:20:22;182.000029
2015-02-15 10:20:54;182.683890
2015-02-15 10:22:37;196.064131
2015-02-15 10:22:53;196.064131
2015-02-15 10:23:15;191.230836
2015-02-15 10:23:45;187.722002
2015-02-15 10:23:48;191.026327
2015-02-15 10:23:52;204.506583
2015-02-15 10:23:53;222.454857
2015-02-15 10:24:01;534.309535
2015-02-15 10:24:25;782.058273
2015-02-15 10:24:37;500.171815
2015-02-15 10:24:38;500.171815
2015-02-15 10:24:48;500.171815
2015-02-15 10:24:55;227.842901
2015-02-15 10:25:06;209.113892
2015-02-15 10:25:18;220.653211
2015-02-15 10:25:39;220.212112
2015-02-15 10:26:23;256.658494
2015-02-15 10:26:25;229.276685
2015-02-15 10:26:27;231.412449
2015-02-15 10:26:34;233.327572
2015-02-15 10:26:38;226.011691
2015-02-15 10:26:41;227.186061
2015-02-15 10:26:43;226.937138
2015-02-15 10:26:46;229.437980
2015-02-15 10:28:19;281.287341
2015-02-15 10:29:21;234.292606
2015-02-15 10:29:47;234.217234
2015-02-15 10:29:51;234.217234
2015-02-15 10:30:05;231.417755
2015-02-15 10:30:17;233.068796
2015-02-15 10:30:45;311.257460
2015-02-15 10:31:10;311.257460
2015-02-15 10:31:27;284.183003
2015-02-15 10:31:31;284.183003
2015-02-15 10:31:38;283.563712
2015-02-15 10:31:43;256.083301
2015-02-15 10:32:17;203.655883
2015-02-15 10:32:20;227.168890
2015-02-15 10:32:51;296.677087
2015-02-15 10:34:10;258.532921
2015-02-15 10:34:47;202.631457
2015-02-15 10:35:36;182.014470
2015-02-15 10:35:40;182.184901
2015-02-15 10:36:33;182.209833
2015-02-15 10:36:35;182.209833
2015-02-15 10:37:23;182.000000
2015-02-15 10:39:06;182.203828
2015-02-15 10:40:09;182.000001
2015-02-15 10:40:38;182.000000
2015-02-15 10:40:45;182.000016
2015-02-15 10:41:57;182.000623
2015-02-15 10:43:20;192.288485
2015-02-15 10:43:22;192.288485
2015-02-15 10:43:40;189.081231
2015-02-15 10:44:11;182.083855
2015-02-15 10:44:53;280.888520
2015-02-15 10:44:54;274.926017
2015-02-15 10:45:04;259.980308
2015-02-15 10:45:06;258.565668
2015-02-15 10:45:07;254.979712
2015-02-15 10:45:09;236.026589
2015-02-15 10:45:33;220.571123
2015-02-15 10:46:34;254.501420
2015-02-15 10:47:02;256.952161
2015-02-15 10:47:22;241.254380
2015-02-15 10:47:26;254.544995
2015-02-15 10:47:29;257.083742
2015-02-15 10:48:09;246.936960
2015-02-15 10:48:17;246.694886
2015-02-15 10:49:11;233.003787
2015-02-15 10:49:13;233.003787
2015-02-15 10:49:29;208.678134
2015-02-15 10:49:34;217.112792
2015-02-15 10:49:55;212.938524
2015-02-15 10:50:43;230.013175
2015-02-15 10:50:47;247.333564
2015-02-15 10:50:49;247.333564
2015-02-15 10:50:55;255.773514
2015-02-15 10:51:47;315.791037
2015-02-15 10:51:56;257.433316
2015-02-15 10:52:53;265.561658
2015-02-15 10:52:58;261.291645
2015-02-15 10:54:12;269.278548
2015-02-15 10:54:19;407.057157
2015-02-15 10:54:33;269.278548
2015-02-15 10:54:48;248.670607
2015-02-15 10:54:54;238.532326
2015-02-15 10:55:02;189.711744
2015-02-15 10:56:03;201.103896
2015-02-15 10:56:13;192.837659
2015-02-15 10:57:09;182.869640
2015-02-15 10:58:22;207.600500
2015-02-15 10:58:29;217.272176
2015-02-15 10:58:35;217.272176
2015-02-15 10:59:13;219.789018
2015-02-15 10:59:15;223.862057
2015-02-15 10:59:28;208.346146
2015-02-15 10:59:35;199.040838
2015-02-15 11:00:18;185.067799
2015-02-15 11:00:20;195.773290
2015-02-15 11:01:02;182.004724
2015-02-15 11:01:03;182.155351
2015-02-15 11:01:06;182.017508
2015-02-15 11:01:22;211.365898
2015-02-15 11:01:38;184.395923
2015-02-15 11:01:41;182.072454
2015-02-15 11:02:13;196.545893
2015-02-15 11:02:17;196.545893
2015-02-15 11:02:23;183.197008
2015-02-15 11:02:24;182.070276
2015-02-15 11:02:30;182.000960
2015-02-15 11:02:34;182.000960
2015-02-15 11:02:46;182.281668
2015-02-15 11:02:55;200.513256
2015-02-15 11:03:05;253.328335
2015-02-15 11:03:13;411.992039
2015-02-15 11:03:43;244.286341
2015-02-15 11:04:07;318.118190
2015-02-15 11:04:27;257.006810
2015-02-15 11:05:05;264.081170
2015-02-15 11:05:09;245.339342
2015-02-15 11:05:31;184.848342
2015-02-15 11:05:34;201.526321
2015-02-15 11:06:02;218.786383
2015-02-15 11:06:27;211.767629
2015-02-15 11:07:05;182.006953
2015-02-15 11:07:53;213.775739
2015-02-15 11:08:08;186.528971
2015-02-15 11:09:17;198.193803
2015-02-15 11:09:27;190.700405
2015-02-15 11:09:41;182.522933
2015-02-15 11:09:45;186.345140
2015-02-15 11:10:08;182.000001
2015-02-15 11:10:12;182.000685
2015-02-15 11:10:45;182.000004
2015-02-15 11:10:58;184.399681
2015-02-15 11:11:28;182.099700
2015-02-15 11:12:04;182.096728
2015-02-15 11:12:36;182.001056
2015-02-15 11:12:45;182.020114
2015-02-15 11:12:50;184.029616
2015-02-15 11:12:55;183.981801
2015-02-15 11:14:40;190.103656
2015-02-15 11:15:49;182.384271
2015-02-15 11:15:51;191.475883
2015-02-15 11:15:55;186.023537
2015-02-15 11:16:26;196.435925
2015-02-15 11:16:30;243.669021
2015-02-15 11:16:40;243.669021
2015-02-15 11:17:05;234.201646
2015-02-15 11:17:08;215.694848
2015-02-15 11:17:31;215.200741
2015-02-15 11:17:33;200.505249
2015-02-15 11:17:36;213.142858
2015-02-15 11:17:59;200.751509
2015-02-15 11:18:53;228.850883
2015-02-15 11:18:55;205.881180
2015-02-15 11:18:58;205.881180
2015-02-15 11:19:08;234.624692
2015-02-15 11:19:29;260.946514
2015-02-15 11:20:51;258.854078
2015-02-15 11:21:29;493.108128
2015-02-15 11:21:43;491.453066
2015-02-15 11:22:20;484.463150
2015-02-15 11:22:28;484.463150
2015-02-15 11:23:04;254.882140
2015-02-15 11:23:13;243.801776
2015-02-15 11:23:20;316.133521
2015-02-15 11:24:11;182.015119
2015-02-15 11:24:17;182.490778
2015-02-15 11:24:22;182.490778
2015-02-15 11:24:24;182.361435
2015-02-15 11:24:38;182.011464
2015-02-15 11:24:47;182.000453
2015-02-15 11:24:57;182.000453
2015-02-15 11:25:05;182.024734
2015-02-15 11:25:16;185.912528
2015-02-15 11:25:19;185.912528
2015-02-15 11:25:33;182.213847
2015-02-15 11:25:40;184.456733
2015-02-15 11:25:43;192.834653
2015-02-15 11:26:05;191.096117
2015-02-15 11:26:14;184.062331
2015-02-15 11:26:16;191.096117
2015-02-15 11:26:17;191.096117
2015-02-15 11:26:21;196.713616
2015-02-15 11:26:32;196.144908
2015-02-15 11:26:41;191.261319
2015-02-15 11:26:52;194.476659
2015-02-15 11:27:22;193.817426
2015-02-15 11:29:09;194.950197
2015-02-15 11:29:28;195.479754
2015-02-15 11:29:32;192.682543
2015-02-15 11:29:41;213.866664
2015-02-15 11:30:44;182.027965
2015-02-15 11:33:08;182.002839
2015-02-15 11:33:14;182.038128
2015-02-15 11:33:39;184.233394
2015-02-15 11:34:11;182.614514
2015-02-15 11:34:19;183.269983
2015-02-15 11:34:23;184.388923
2015-02-15 11:34:27;185.680371
2015-02-15 11:35:26;183.498709
2015-02-15 11:35:59;182.068486
2015-02-15 11:36:05;184.631635
2015-02-15 11:36:06;189.256906
2015-02-15 11:36:09;193.030382
2015-02-15 11:37:23;182.000814
2015-02-15 11:37:25;182.009940
2015-02-15 11:38:13;182.000006
2015-02-15 11:38:14;182.000124
2015-02-15 11:38:16;182.000006
2015-02-15 11:38:33;182.173198
2015-02-15 11:38:51;182.173198
2015-02-15 11:38:53;182.892301
2015-02-15 11:39:00;223.214756
2015-02-15 11:39:17;186.413815
2015-02-15 11:39:30;184.928615
2015-02-15 11:40:04;280.763954
2015-02-15 11:40:15;280.763954
2015-02-15 11:40:29;217.349898
2015-02-15 11:40:48;233.741435
2015-02-15 11:40:54;348.058683
2015-02-15 11:41:19;508.744213
2015-02-15 11:41:28;783.136940
2015-02-15 11:41:37;783.136940
2015-02-15 11:41:52;228.671723
2015-02-15 11:42:00;445.745626
2015-02-15 11:42:02;273.916646
2015-02-15 11:42:04;273.916646
2015-02-15 11:42:51;270.554483
2015-02-15 11:42:55;266.292704
2015-02-15 11:43:01;268.119024
2015-02-15 11:43:08;275.922490
2015-02-15 11:43:29;264.810301
2015-02-15 11:43:46;231.131784
2015-02-15 11:44:16;311.746015
2015-02-15 11:44:21;311.746015
2015-02-15 11:44:24;360.410499
2015-02-15 11:44:30;304.092321
2015-02-15 11:44:41;345.052782
2015-02-15 11:45:01;391.393882
2015-02-15 11:45:06;391.393882
2015-02-15 11:45:19;400.752162
2015-02-15 11:45:26;440.625132
2015-02-15 11:45:54;248.194787
2015-02-15 11:46:09;251.261574
2015-02-15 11:46:30;247.982204
2015-02-15 11:47:24;214.061591
2015-02-15 11:47:26;297.751630
2015-02-15 11:47:33;372.081528
2015-02-15 11:47:52;378.733082
2015-02-15 11:48:37;186.465433
2015-02-15 11:48:43;215.714542
2015-02-15 11:48:57;201.341547
2015-02-15 11:49:07;217.377145
2015-02-15 11:49:15;227.582922
2015-02-15 11:49:24;196.197418
2015-02-15 11:49:26;196.197418
2015-02-15 11:49:29;207.615900
2015-02-15 11:49:40;210.574699
2015-02-15 11:50:38;182.404491
2015-02-15 11:50:46;183.984961
2015-02-15 11:52:38;207.193213
2015-02-15 11:52:42;215.636455
2015-02-15 11:52:44;209.586368
2015-02-15 11:53:13;217.242199
2015-02-15 11:53:23;396.965027
2015-02-15 11:53:25;531.691609
2015-02-15 11:53:34;410.814669
2015-02-15 11:53:41;356.543571
2015-02-15 11:53:55;354.683368
2015-02-15 11:54:17;396.830904
2015-02-15 11:54:22;470.749091
2015-02-15 11:54:24;390.445546
2015-02-15 11:54:25;390.445546
2015-02-15 11:55:14;217.100818
2015-02-15 11:55:29;513.988201
2015-02-15 11:55:32;525.413734
2015-02-15 11:55:39;606.566534
2015-02-15 11:55:41;628.192139
2015-02-15 11:56:26;247.909663
2015-02-15 11:56:51;203.284823
2015-02-15 11:57:10;239.267602
2015-02-15 11:57:16;242.364400
2015-02-15 11:57:26;239.267602
2015-02-15 11:57:28;447.255247
2015-02-15 11:57:44;236.096229
2015-02-15 11:57:58;244.348757
2015-02-15 11:58:01;304.199097
2015-02-15 11:58:22;251.975380
2015-02-15 11:58:23;318.832146
2015-02-15 11:58:26;251.975380
2015-02-15 11:58:33;423.020909
2015-02-15 11:58:42;344.030443
2015-02-15 11:59:12;466.657600
2015-02-15 11:59:55;236.953824
2015-02-15 11:59:59;234.096822
2015-02-15 12:00:01;624.033029
2015-02-15 12:00:11;652.384962
2015-02-15 12:00:18;855.489285
2015-02-15 12:00:26;832.415265
2015-02-15 12:00:30;832.415265
2015-02-15 12:00:52;531.447648
2015-02-15 12:02:15;261.716836
2015-02-15 12:02:45;193.018180
2015-02-15 12:03:07;250.109198
2015-02-15 12:03:58;231.274296
2015-02-15 12:04:12;308.357518
2015-02-15 12:04:33;263.650355
2015-02-15 12:04:35;283.329897
2015-02-15 12:04:43;203.572960
2015-02-15 12:04:52;238.224838
2015-02-15 12:05:02;207.427107
2015-02-15 12:05:12;207.184059
2015-02-15 12:05:36;207.843454
2015-02-15 12:05:51;234.097194
2015-02-15 12:06:22;254.121486
2015-02-15 12:06:28;327.250527
2015-02-15 12:06:29;327.250527
2015-02-15 12:06:35;325.290708
2015-02-15 12:06:37;302.973408
2015-02-15 12:07:20;339.603012
2015-02-15 12:07:32;277.493322
2015-02-15 12:07:43;408.905414
2015-02-15 12:07:45;342.252433
2015-02-15 12:08:03;272.703663
2015-02-15 12:08:05;358.285771
2015-02-15 12:08:36;228.246254
2015-02-15 12:08:40;228.246254
2015-02-15 12:08:45;233.302691
2015-02-15 12:09:35;254.451818
2015-02-15 12:09:41;254.451818
2015-02-15 12:10:01;266.934947
2015-02-15 12:10:23;352.082634
2015-02-15 12:10:26;308.526826
2015-02-15 12:10:31;268.158689
2015-02-15 12:10:33;303.939625
2015-02-15 12:10:38;273.910581
2015-02-15 12:11:05;325.019530
2015-02-15 12:11:19;383.928753
2015-02-15 12:12:05;285.552573
2015-02-15 12:12:35;301.724789
2015-02-15 12:12:42;303.073737
2015-02-15 12:12:44;303.073737
2015-02-15 12:12:45;347.523865
2015-02-15 12:12:47;347.523865
2015-02-15 12:12:54;303.095264
2015-02-15 12:13:10;302.436187
2015-02-15 12:13:11;327.739901
2015-02-15 12:13:13;293.416316
2015-02-15 12:13:40;296.006150
2015-02-15 12:13:46;297.200076
2015-02-15 12:14:00;295.772261
2015-02-15 12:14:13;306.121845
2015-02-15 12:14:17;405.393240
2015-02-15 12:14:19;541.997414
2015-02-15 12:15:07;390.049900
2015-02-15 12:15:30;362.387168
2015-02-15 12:16:28;314.385740
2015-02-15 12:16:32;296.006117
2015-02-15 12:16:36;387.488782
2015-02-15 12:16:47;723.951901
2015-02-15 12:16:53;638.298838
2015-02-15 12:17:43;245.515013
2015-02-15 12:18:10;224.133650
2015-02-15 12:18:19;208.696408
2015-02-15 12:18:20;229.716031
2015-02-15 12:18:21;234.668379
2015-02-15 12:18:58;209.623315
2015-02-15 12:19:10;252.688735
2015-02-15 12:20:38;271.720708
2015-02-15 12:20:40;281.167147
2015-02-15 12:21:18;286.640053
2015-02-15 12:21:30;486.639372
2015-02-15 12:21:37;461.420119
2015-02-15 12:21:50;347.274879
2015-02-15 12:22:44;390.746749
2015-02-15 12:22:47;287.180038
2015-02-15 12:24:42;186.517287
2015-02-15 12:25:00;297.154191
2015-02-15 12:26:10;321.550184
2015-02-15 12:26:23;213.614624
2015-02-15 12:26:28;213.614624
2015-02-15 12:26:31;182.905946
2015-02-15 12:26:33;182.221701
2015-02-15 12:27:06;182.726603
2015-02-15 12:27:09;182.394062
2015-02-15 12:27:10;182.394062
2015-02-15 12:27:32;182.011371
2015-02-15 12:27:35;182.001080
2015-02-15 12:27:39;182.000103
2015-02-15 12:27:41;182.000103
2015-02-15 12:27:48;182.001948
2015-02-15 12:28:06;182.009272
2015-02-15 12:28:15;190.799701
2015-02-15 12:28:20;225.900282
2015-02-15 12:28:22;190.799701
2015-02-15 12:28:34;231.372834
2015-02-15 12:28:44;271.179322
2015-02-15 12:29:26;496.632834
2015-02-15 12:29:47;427.949849
2015-02-15 12:30:14;609.347226
2015-02-15 12:31:03;189.514193
2015-02-15 12:31:44;182.395690
2015-02-15 12:31:47;182.395690
2015-02-15 12:31:56;184.283600
2015-02-15 12:32:32;186.485888
2015-02-15 12:33:27;182.000000
2015-02-15 12:33:37;182.000000
2015-02-15 12:33:39;182.000000
2015-02-15 12:33:45;182.000000
2015-02-15 12:34:36;182.000000
2015-02-15 12:34:45;182.000000
2015-02-15 12:35:20;182.012753
2015-02-15 12:35:25;182.421913
2015-02-15 12:35:27;187.141961
2015-02-15 12:35:31;223.867044
2015-02-15 12:35:36;279.879955
2015-02-15 12:35:38;303.484222
2015-02-15 12:36:13;549.292235
2015-02-15 12:37:03;182.224330
2015-02-15 12:37:05;183.038772
2015-02-15 12:37:52;182.593134
2015-02-15 12:38:09;232.000152
2015-02-15 12:38:28;182.096709
2015-02-15 12:38:32;182.096709
2015-02-15 12:38:33;182.043617
2015-02-15 12:38:49;182.043617
2015-02-15 12:39:17;182.000024
2015-02-15 12:39:19;182.000067
2015-02-15 12:39:22;182.000190
2015-02-15 12:39:34;202.992846
2015-02-15 12:39:55;213.298565
2015-02-15 12:40:59;463.623938
2015-02-15 12:41:09;703.220452
2015-02-15 12:41:13;193.946038
2015-02-15 12:41:36;221.341557
2015-02-15 12:41:37;209.606330
2015-02-15 12:43:01;231.088883
2015-02-15 12:43:02;239.811944
2015-02-15 12:43:11;239.811944
2015-02-15 12:43:36;199.751371
2015-02-15 12:44:05;232.491179
2015-02-15 12:44:33;234.396581
2015-02-15 12:44:36;232.718820
2015-02-15 12:44:44;232.718820
2015-02-15 12:45:00;286.420240
2015-02-15 12:45:06;201.959687
2015-02-15 12:45:50;517.483740
2015-02-15 12:46:07;402.180466
2015-02-15 12:46:11;402.180466
2015-02-15 12:46:27;381.898856
2015-02-15 12:46:32;470.752365
2015-02-15 12:46:39;395.001137
2015-02-15 12:46:48;332.522194
2015-02-15 12:47:26;434.707427
2015-02-15 12:47:36;298.424222
2015-02-15 12:49:10;187.691219
2015-02-15 12:49:15;206.145593
2015-02-15 12:49:31;208.352737
2015-02-15 12:49:40;196.261291
2015-02-15 12:49:50;659.802616
2015-02-15 12:50:36;614.263923
2015-02-15 12:50:40;614.263923
2015-02-15 12:50:54;741.835026
2015-02-15 12:50:54;741.835026
2015-02-15 12:51:00;590.533184
2015-02-15 12:51:22;590.533184
2015-02-15 12:51:55;746.420228
2015-02-15 12:52:09;588.675748
2015-02-15 12:52:12;396.867063
2015-02-15 12:52:14;309.740394
2015-02-15 12:52:29;374.128729
2015-02-15 12:52:33;418.696948
2015-02-15 12:53:00;356.055529
2015-02-15 12:53:06;518.237540
2015-02-15 12:53:11;755.686388
2015-02-15 12:53:12;513.569116
2015-02-15 12:53:15;259.755146
2015-02-15 12:53:37;296.068177
2015-02-15 12:53:55;269.843148
2015-02-15 12:53:59;288.958630
2015-02-15 12:54:44;501.598019
2015-02-15 12:54:47;759.909917
2015-02-15 12:55:08;368.767592
2015-02-15 12:55:11;368.767592
2015-02-15 12:55:30;633.988367
2015-02-15 12:56:12;382.113828
2015-02-15 12:56:28;522.395701
2015-02-15 12:56:38;518.845628
2015-02-15 12:56:41;518.845628
2015-02-15 12:56:47;758.325721
2015-02-15 12:57:11;346.424431
2015-02-15 12:57:24;798.712591
2015-02-15 12:57:34;496.172620
2015-02-15 12:57:37;255.283011
2015-02-15 12:58:02;540.417230
2015-02-15 12:58:42;327.717115
2015-02-15 12:58:45;270.041065
2015-02-15 12:58:47;277.565081
2015-02-15 12:58:50;282.724869
2015-02-15 12:58:57;277.565081
2015-02-15 12:59:07;278.095344
2015-02-15 12:59:35;278.991452
2015-02-15 12:59:47;267.490895
2015-02-15 13:00:12;252.785143
2015-02-15 13:00:40;248.260673
2015-02-15 13:01:04;254.344360
2015-02-15 13:01:14;222.926076
2015-02-15 13:02:06;357.643979
2015-02-15 13:02:07;357.643979
2015-02-15 13:02:08;307.697701
2015-02-15 13:02:30;376.380670
2015-02-15 13:02:36;525.062916
2015-02-15 13:02:50;426.754896
2015-02-15 13:03:25;331.389221
2015-02-15 13:03:33;437.921265
2015-02-15 13:03:41;632.210034
2015-02-15 13:03:59;378.513915
2015-02-15 13:04:12;369.747456
2015-02-15 13:04:31;426.037695
2015-02-15 13:04:53;433.860001
2015-02-15 13:04:59;433.860001
2015-02-15 13:05:03;496.890821
2015-02-15 13:06:11;206.864379
2015-02-15 13:06:11;206.864379
2015-02-15 13:07:10;182.035900
2015-02-15 13:07:55;182.000020
2015-02-15 13:08:28;182.315234
2015-02-15 13:08:31;182.315234
2015-02-15 13:08:48;206.082003
2015-02-15 13:08:50;245.152575
2015-02-15 13:09:03;271.990492
2015-02-15 13:09:03;271.990492
2015-02-15 13:10:02;182.000923
2015-02-15 13:10:05;182.000923
2015-02-15 13:10:07;182.001666
2015-02-15 13:10:46;183.748519
2015-02-15 13:10:50;200.675740
2015-02-15 13:11:01;262.252641
2015-02-15 13:11:15;315.989283
2015-02-15 13:11:17;291.622684
2015-02-15 13:11:19;291.622684
2015-02-15 13:11:21;358.258376
2015-02-15 13:11:36;418.229175
2015-02-15 13:11:53;407.960211
2015-02-15 13:12:08;315.890273
2015-02-15 13:12:11;315.890273
2015-02-15 13:12:12;315.890273
2015-02-15 13:12:25;325.884740
2015-02-15 13:12:50;474.120476
2015-02-15 13:12:52;500.420020
2015-02-15 13:13:32;470.079932
2015-02-15 13:13:52;634.968616
2015-02-15 13:14:11;503.248423
2015-02-15 13:14:18;530.066678
2015-02-15 13:14:42;466.001685
2015-02-15 13:14:50;350.771441
2015-02-15 13:14:53;472.524320
2015-02-15 13:14:55;472.524320
2015-02-15 13:15:02;297.567795
2015-02-15 13:15:27;778.194246
2015-02-15 13:15:39;289.838945
2015-02-15 13:15:49;509.902160
2015-02-15 13:15:57;381.177284
2015-02-15 13:16:32;348.190436
2015-02-15 13:16:45;285.234449
2015-02-15 13:17:02;239.244257
2015-02-15 13:17:12;284.853398
2015-02-15 13:17:18;235.174806
2015-02-15 13:17:25;279.310461
2015-02-15 13:18:14;374.670951
2015-02-15 13:19:33;190.763729
2015-02-15 13:19:40;206.131276
2015-02-15 13:19:58;186.761849
2015-02-15 13:20:01;183.312232
2015-02-15 13:20:03;183.312232
2015-02-15 13:20:23;185.369690
2015-02-15 13:20:29;216.247427
2015-02-15 13:21:59;185.574941
2015-02-15 13:22:15;185.574941
2015-02-15 13:22:18;186.988768
2015-02-15 13:22:24;183.132533
2015-02-15 13:22:34;182.018944
2015-02-15 13:22:36;182.228206
2015-02-15 13:22:45;186.116440
2015-02-15 13:22:53;189.575304
2015-02-15 13:22:55;216.237241
2015-02-15 13:23:07;247.437569
2015-02-15 13:23:12;241.209929
2015-02-15 13:23:26;247.945120
2015-02-15 13:24:19;207.902100
2015-02-15 13:24:35;206.921575
2015-02-15 13:24:48;213.952913
2015-02-15 13:25:06;209.071565
2015-02-15 13:25:20;209.333693
2015-02-15 13:25:30;182.167112
2015-02-15 13:25:45;182.000242
2015-02-15 13:25:57;182.165844
2015-02-15 13:26:02;182.230378
2015-02-15 13:26:05;182.014353
2015-02-15 13:26:09;183.581056
2015-02-15 13:26:16;196.995442
2015-02-15 13:26:18;200.704630
2015-02-15 13:26:24;210.133418
2015-02-15 13:26:26;203.819569
2015-02-15 13:26:28;213.366348
2015-02-15 13:26:30;223.222495
2015-02-15 13:26:36;234.683722
2015-02-15 13:26:40;220.376685
2015-02-15 13:26:45;212.808370
2015-02-15 13:26:51;220.448729
2015-02-15 13:26:54;216.014276
2015-02-15 13:27:02;438.482050
2015-02-15 13:27:11;307.669269
2015-02-15 13:27:14;307.669269
2015-02-15 13:27:28;292.901320
2015-02-15 13:27:29;263.371144
2015-02-15 13:27:57;359.767437
2015-02-15 13:28:03;359.767437
2015-02-15 13:28:09;359.767437
2015-02-15 13:28:34;286.246016
2015-02-15 13:28:51;286.246016
2015-02-15 13:29:07;356.422384
2015-02-15 13:29:09;296.091275
2015-02-15 13:30:35;182.033267
2015-02-15 13:30:37;182.027247
2015-02-15 13:31:11;182.156444
2015-02-15 13:31:22;204.524800
2015-02-15 13:31:43;203.590274
2015-02-15 13:31:52;237.793362
2015-02-15 13:32:11;184.246849
2015-02-15 13:32:26;182.004575
2015-02-15 13:32:53;182.000053
2015-02-15 13:33:21;182.000000
2015-02-15 13:33:29;182.000000
2015-02-15 13:33:45;182.000000
2015-02-15 13:34:01;182.000000
2015-02-15 13:34:34;182.000000
2015-02-15 13:35:39;182.000000
2015-02-15 13:35:50;182.000000
2015-02-15 13:36:06;182.000000
2015-02-15 13:36:15;182.000000
2015-02-15 13:36:18;182.000000
2015-02-15 13:36:23;182.000000
2015-02-15 13:37:11;182.000000
2015-02-15 13:37:29;182.000000
2015-02-15 13:37:59;182.000000
2015-02-15 13:38:05;182.000000
2015-02-15 13:39:16;182.000000
2015-02-15 13:39:34;182.000000
2015-02-15 13:39:40;182.000000
2015-02-15 13:40:15;182.009210
2015-02-15 13:40:18;182.009193
2015-02-15 13:40:32;207.970823
2015-02-15 13:41:36;182.824688
2015-02-15 13:41:39;186.803361
2015-02-15 13:41:47;234.439062
2015-02-15 13:41:50;258.559169
2015-02-15 13:42:11;184.298660
2015-02-15 13:42:32;182.002189
2015-02-15 13:43:01;182.000267
2015-02-15 13:43:30;182.000123
2015-02-15 13:43:46;182.000000
2015-02-15 13:43:47;182.000000
2015-02-15 13:44:31;182.005970
2015-02-15 13:44:58;182.000000
2015-02-15 13:45:09;182.000000
2015-02-15 13:46:01;182.000000
2015-02-15 13:46:25;182.000000
2015-02-15 13:46:28;182.000000
2015-02-15 13:46:40;182.000000
2015-02-15 13:47:32;182.000000
2015-02-15 13:47:46;182.000000
2015-02-15 13:47:59;182.000000
2015-02-15 13:48:06;182.000005
2015-02-15 13:48:39;182.042490
2015-02-15 13:48:50;182.439149
2015-02-15 13:48:53;189.654635
2015-02-15 13:48:56;189.654635
2015-02-15 13:49:21;253.497444
2015-02-15 13:49:31;253.497444
2015-02-15 13:49:35;252.963526
2015-02-15 13:50:29;188.425824
2015-02-15 13:50:41;197.774759
2015-02-15 13:50:44;197.130579
2015-02-15 13:50:51;230.650077
2015-02-15 13:50:54;275.899290
2015-02-15 13:51:13;334.407578
2015-02-15 13:51:25;182.000453
2015-02-15 13:51:27;182.147934
2015-02-15 13:51:38;205.565354
2015-02-15 13:52:00;344.518841
2015-02-15 13:52:10;341.545366
2015-02-15 13:52:47;235.813866
2015-02-15 13:52:59;348.655459
2015-02-15 13:53:02;348.655459
2015-02-15 13:53:53;378.154205
2015-02-15 13:54:27;208.389020
2015-02-15 13:54:32;185.475509
2015-02-15 13:55:02;182.001865
2015-02-15 13:55:37;181.999992
2015-02-15 13:55:45;182.000005
2015-02-15 13:55:48;181.999992
2015-02-15 13:55:57;182.000026
2015-02-15 13:56:36;182.000000
2015-02-15 13:56:57;182.000000
2015-02-15 13:57:06;182.000000
2015-02-15 13:57:19;182.000000
2015-02-15 13:57:28;182.000000
2015-02-15 13:57:45;182.000000
2015-02-15 13:58:33;182.000000
2015-02-15 13:58:35;182.000000
2015-02-15 13:58:41;182.000000
2015-02-15 13:58:54;182.000000
2015-02-15 13:59:14;182.000008
2015-02-15 13:59:18;182.238760
2015-02-15 13:59:51;262.890930
2015-02-15 14:00:09;686.280543
2015-02-15 14:00:13;512.579657
2015-02-15 14:00:17;677.311260
2015-02-15 14:00:28;745.465143
2015-02-15 14:00:49;390.781219
2015-02-15 14:01:09;913.769316
2015-02-15 14:01:13;355.195382
2015-02-15 14:01:27;427.783039
2015-02-15 14:01:36;299.668860
2015-02-15 14:01:46;271.355344
2015-02-15 14:01:51;294.878736
2015-02-15 14:02:33;320.232847
2015-02-15 14:02:35;255.984853
2015-02-15 14:02:42;536.636737
2015-02-15 14:02:44;911.881356
2015-02-15 14:02:47;911.881356
2015-02-15 14:02:54;655.546582
2015-02-15 14:03:05;296.442135
2015-02-15 14:03:08;323.762317
2015-02-15 14:03:14;292.407849
2015-02-15 14:03:26;282.662680
2015-02-15 14:03:31;282.662680
2015-02-15 14:03:39;289.573469
2015-02-15 14:03:46;284.076468
2015-02-15 14:04:16;1019.620803
2015-02-15 14:04:22;617.558629
2015-02-15 14:04:25;617.558629
2015-02-15 14:04:32;1019.620803
2015-02-15 14:04:46;836.043132
2015-02-15 14:04:57;189.759622
2015-02-15 14:04:59;182.674394
2015-02-15 14:05:10;204.765634
2015-02-15 14:05:48;341.854555
2015-02-15 14:05:59;352.409877
2015-02-15 14:06:06;368.339884
2015-02-15 14:06:36;337.124529
2015-02-15 14:06:55;303.709538
2015-02-15 14:07:12;298.688867
2015-02-15 14:07:13;298.688867
2015-02-15 14:07:20;343.044791
2015-02-15 14:07:33;343.044791
2015-02-15 14:07:46;336.029030
2015-02-15 14:08:17;252.659574
2015-02-15 14:08:28;247.923167
2015-02-15 14:08:32;297.290465
2015-02-15 14:08:46;298.386234
2015-02-15 14:08:49;298.397840
2015-02-15 14:09:04;241.505940
2015-02-15 14:10:14;266.285798
2015-02-15 14:10:18;269.430127
2015-02-15 14:10:44;182.550683
2015-02-15 14:10:53;182.550683
2015-02-15 14:10:55;188.411035
2015-02-15 14:11:03;182.507275
2015-02-15 14:12:02;182.000101
2015-02-15 14:12:47;182.000073
2015-02-15 14:13:34;182.000000
2015-02-15 14:13:35;182.000041
2015-02-15 14:14:04;182.000000
2015-02-15 14:14:10;182.000000
2015-02-15 14:14:12;182.000106
2015-02-15 14:14:18;182.313397
2015-02-15 14:14:25;202.344734
2015-02-15 14:14:42;270.027717
2015-02-15 14:14:43;336.749986
2015-02-15 14:15:10;292.458678
2015-02-15 14:15:11;387.504501
2015-02-15 14:15:17;292.458678
2015-02-15 14:15:29;382.962080
2015-02-15 14:15:47;302.125121
2015-02-15 14:16:31;185.095642
2015-02-15 14:16:33;185.095642
2015-02-15 14:17:43;182.000002
2015-02-15 14:17:43;182.000002
2015-02-15 14:18:16;182.000000
2015-02-15 14:18:23;182.000000
2015-02-15 14:18:39;182.000000
2015-02-15 14:19:30;182.000000
2015-02-15 14:19:39;182.000000
2015-02-15 14:19:47;182.000000
2015-02-15 14:19:51;182.000000
2015-02-15 14:20:10;182.000000
2015-02-15 14:20:50;182.000000
2015-02-15 14:20:57;182.000000
2015-02-15 14:21:52;182.000000
2015-02-15 14:22:11;182.000000
2015-02-15 14:22:25;182.000000
2015-02-15 14:22:38;182.002462
2015-02-15 14:22:40;182.020069
2015-02-15 14:22:48;182.040097
2015-02-15 14:22:53;182.465218
2015-02-15 14:22:53;182.465218
2015-02-15 14:23:02;212.745724
2015-02-15 14:23:15;240.920509
2015-02-15 14:23:47;192.208720
2015-02-15 14:23:50;205.590096
2015-02-15 14:24:05;247.919955
2015-02-15 14:24:14;296.364711
2015-02-15 14:24:28;334.850257
2015-02-15 14:24:41;263.118338
2015-02-15 14:25:03;229.678397
2015-02-15 14:25:06;248.483100
2015-02-15 14:25:12;250.589622
2015-02-15 14:25:18;224.986073
2015-02-15 14:25:23;236.412977
2015-02-15 14:25:26;334.458875
2015-02-15 14:25:29;564.104319
2015-02-15 14:25:32;519.702416
2015-02-15 14:25:40;290.220166
2015-02-15 14:26:07;310.886572
2015-02-15 14:26:35;369.486038
2015-02-15 14:26:35;369.486038
2015-02-15 14:26:42;210.468710
2015-02-15 14:27:22;252.856536
2015-02-15 14:27:35;295.095469
2015-02-15 14:27:38;295.095469
2015-02-15 14:27:43;279.210940
2015-02-15 14:28:24;224.898102
2015-02-15 14:28:38;235.767837
2015-02-15 14:29:35;250.924520
2015-02-15 14:29:46;242.128206
2015-02-15 14:30:18;239.720659
2015-02-15 14:30:31;295.707715
2015-02-15 14:30:55;315.863666
2015-02-15 14:31:04;274.581953
2015-02-15 14:31:05;238.074781
2015-02-15 14:31:13;203.120054
2015-02-15 14:31:18;206.411075
2015-02-15 14:31:24;240.328525
2015-02-15 14:31:27;227.871027
2015-02-15 14:31:38;335.670286
2015-02-15 14:31:50;236.257319
2015-02-15 14:32:00;234.800253
2015-02-15 14:32:54;231.412086
2015-02-15 14:33:15;242.859674
2015-02-15 14:33:20;252.953256
2015-02-15 14:33:40;242.749678
2015-02-15 14:33:49;252.044432
2015-02-15 14:34:07;220.612774
2015-02-15 14:34:09;222.592474
2015-02-15 14:34:11;222.592474
2015-02-15 14:34:27;293.333825
2015-02-15 14:34:32;287.763913
2015-02-15 14:34:37;462.138654
2015-02-15 14:35:26;285.438651
2015-02-15 14:37:19;224.730305
2015-02-15 14:37:39;223.466030
2015-02-15 14:37:47;215.705644
2015-02-15 14:38:47;198.182054
2015-02-15 14:38:52;187.759920
2015-02-15 14:38:54;185.989189
2015-02-15 14:38:56;185.893265
2015-02-15 14:38:57;185.893265
2015-02-15 14:39:05;186.168629
2015-02-15 14:39:36;189.941032
2015-02-15 14:40:00;206.847286
2015-02-15 14:40:41;208.968101
2015-02-15 14:40:53;312.071293
2015-02-15 14:40:56;392.277999
2015-02-15 14:41:03;193.765254
2015-02-15 14:41:14;193.765254
2015-02-15 14:41:54;229.132581
2015-02-15 14:42:09;223.365555
2015-02-15 14:42:23;224.935247
2015-02-15 14:42:26;398.635916
2015-02-15 14:42:44;340.529375
2015-02-15 14:42:49;305.590012
2015-02-15 14:42:52;269.188330
2015-02-15 14:43:05;364.868606
2015-02-15 14:43:36;258.422173
2015-02-15 14:44:03;277.752825
2015-02-15 14:44:15;320.014919
2015-02-15 14:44:29;320.014919
2015-02-15 14:44:39;208.287558
2015-02-15 14:44:41;216.443960
2015-02-15 14:44:49;210.499838
2015-02-15 14:44:57;227.968874
2015-02-15 14:44:59;228.376437
2015-02-15 14:45:01;193.959339
2015-02-15 14:45:20;262.108091
2015-02-15 14:45:51;370.290062
2015-02-15 14:45:55;370.290062
2015-02-15 14:46:12;404.234664
2015-02-15 14:46:14;479.769678
2015-02-15 14:46:21;479.769678
2015-02-15 14:46:31;342.984040
2015-02-15 14:46:41;264.917706
2015-02-15 14:46:52;354.416765
2015-02-15 14:47:03;184.182306
2015-02-15 14:47:08;184.284269
2015-02-15 14:47:17;185.152431
2015-02-15 14:47:24;184.793651
2015-02-15 14:47:54;201.832069
2015-02-15 14:48:18;185.345673
2015-02-15 14:48:20;221.659583
2015-02-15 14:48:22;249.236416
2015-02-15 14:48:30;231.419554
2015-02-15 14:48:40;328.848836
2015-02-15 14:49:34;328.648743
2015-02-15 14:49:42;345.092167
2015-02-15 14:49:52;224.916660
2015-02-15 14:49:57;247.052800
2015-02-15 14:49:59;245.558763
2015-02-15 14:50:01;230.305908
2015-02-15 14:50:08;373.538136
2015-02-15 14:50:15;306.453420
2015-02-15 14:50:18;306.453420
2015-02-15 14:50:25;345.381982
2015-02-15 14:50:29;294.465181
2015-02-15 14:50:45;355.378160
2015-02-15 14:50:59;350.842543
2015-02-15 14:51:01;342.611538
2015-02-15 14:51:06;351.495169
2015-02-15 14:51:18;334.033882
2015-02-15 14:51:35;351.529024
2015-02-15 14:51:38;351.529024
2015-02-15 14:52:48;582.238609
2015-02-15 14:52:54;424.262026
2015-02-15 14:52:57;424.262026
2015-02-15 14:53:25;501.072913
2015-02-15 14:53:43;442.067207
2015-02-15 14:53:44;442.067207
2015-02-15 14:53:45;346.820436
2015-02-15 14:54:01;384.588287
2015-02-15 14:54:20;403.247268
2015-02-15 14:54:29;459.889430
2015-02-15 14:54:32;356.972329
2015-02-15 14:54:35;459.889430
2015-02-15 14:54:42;471.240882
2015-02-15 14:55:12;384.243479
2015-02-15 14:55:24;332.167219
2015-02-15 14:55:42;212.367781
2015-02-15 14:56:06;183.406381
2015-02-15 14:56:31;233.539981
2015-02-15 14:56:49;234.541975
2015-02-15 14:57:26;224.827482
2015-02-15 14:58:07;220.799522
2015-02-15 14:58:35;202.534857
2015-02-15 14:58:36;190.956897
2015-02-15 14:58:38;210.458551
2015-02-15 14:58:46;197.198207
2015-02-15 14:59:19;203.610416
2015-02-15 14:59:34;805.322276
2015-02-15 14:59:44;324.171302
2015-02-15 14:59:47;478.171810
2015-02-15 15:00:03;620.452854
2015-02-15 15:00:07;620.452854
2015-02-15 15:00:22;675.563162
2015-02-15 15:00:23;299.466108
2015-02-15 15:01:12;319.543686
2015-02-15 15:01:14;214.384624
2015-02-15 15:01:36;304.940945
2015-02-15 15:01:47;300.074960
2015-02-15 15:02:07;225.246870
2015-02-15 15:02:16;219.997810
2015-02-15 15:02:40;216.332354
2015-02-15 15:03:02;182.000000
2015-02-15 15:03:27;182.000016
2015-02-15 15:05:41;182.000000
2015-02-15 15:05:52;182.000000
2015-02-15 15:06:05;182.000000
2015-02-15 15:06:09;182.000000
2015-02-15 15:06:11;182.000000
2015-02-15 15:06:29;182.000000
2015-02-15 15:06:36;182.000000
2015-02-15 15:06:39;182.000000
2015-02-15 15:06:45;182.000000
2015-02-15 15:06:49;182.000000
2015-02-15 15:06:54;182.000000
2015-02-15 15:07:05;182.000000
2015-02-15 15:07:08;182.000000
2015-02-15 15:07:12;182.000000
2015-02-15 15:07:30;182.000000
2015-02-15 15:07:43;182.000000
2015-02-15 15:08:11;182.000000
2015-02-15 15:08:14;182.000000
2015-02-15 15:08:18;182.000000
2015-02-15 15:08:24;182.000000
2015-02-15 15:08:26;182.000000
2015-02-15 15:08:35;182.000000
2015-02-15 15:08:44;182.000000
2015-02-15 15:08:47;182.000000
2015-02-15 15:09:05;182.000008
2015-02-15 15:09:07;182.050682
2015-02-15 15:09:18;198.257656
2015-02-15 15:09:21;187.699953
2015-02-15 15:09:24;205.932768
2015-02-15 15:10:22;431.812026
2015-02-15 15:10:58;239.419083
2015-02-15 15:11:00;243.004900
2015-02-15 15:11:28;470.122521
2015-02-15 15:11:34;417.791677
2015-02-15 15:11:42;628.069493
2015-02-15 15:11:47;397.308191
2015-02-15 15:12:21;239.273069
2015-02-15 15:12:24;257.911290
2015-02-15 15:12:53;204.749902
2015-02-15 15:13:24;182.769327
2015-02-15 15:14:15;182.000388
2015-02-15 15:14:17;182.000388
2015-02-15 15:14:25;182.000000
2015-02-15 15:14:40;182.000000
2015-02-15 15:14:42;182.000000
2015-02-15 15:14:51;182.000034
2015-02-15 15:15:41;182.019652
2015-02-15 15:15:59;182.002549
2015-02-15 15:16:18;182.008930
2015-02-15 15:16:21;182.008930
2015-02-15 15:17:00;182.000000
2015-02-15 15:17:03;182.000000
2015-02-15 15:17:15;182.000046
2015-02-15 15:17:18;182.007026
2015-02-15 15:17:24;182.000077
2015-02-15 15:18:12;182.000000
2015-02-15 15:18:40;182.000000
2015-02-15 15:18:41;182.000000
2015-02-15 15:18:53;182.000000
2015-02-15 15:19:10;182.000145
2015-02-15 15:19:42;182.018012
2015-02-15 15:21:02;182.077474
2015-02-15 15:21:09;183.029018
2015-02-15 15:21:11;187.122327
2015-02-15 15:21:18;186.347563
2015-02-15 15:21:40;186.013791
2015-02-15 15:21:42;195.253710
2015-02-15 15:22:06;303.173146
2015-02-15 15:22:14;512.583519
2015-02-15 15:22:25;281.887310
2015-02-15 15:22:59;261.145373
2015-02-15 15:23:05;282.608284
2015-02-15 15:23:17;290.633390
2015-02-15 15:23:18;291.203828
2015-02-15 15:23:20;291.203828
2015-02-15 15:23:29;276.129649
2015-02-15 15:23:37;651.300885
2015-02-15 15:23:47;409.233523
2015-02-15 15:24:13;515.161390
2015-02-15 15:24:25;344.587033
2015-02-15 15:24:49;296.663569
2015-02-15 15:24:51;499.538116
2015-02-15 15:24:58;221.015328
2015-02-15 15:26:04;255.419918
2015-02-15 15:26:11;300.111254
2015-02-15 15:26:14;300.111254
2015-02-15 15:26:37;319.209795
2015-02-15 15:26:45;293.198608
2015-02-15 15:26:52;250.331097
2015-02-15 15:26:56;250.331097
2015-02-15 15:27:00;252.644643
2015-02-15 15:27:07;243.631434
2015-02-15 15:27:24;245.423885
2015-02-15 15:28:04;196.904620
2015-02-15 15:28:15;271.533042
2015-02-15 15:28:18;183.424722
2015-02-15 15:28:22;182.826478
2015-02-15 15:28:33;183.424722
2015-02-15 15:28:39;190.420449
2015-02-15 15:29:24;182.029305
2015-02-15 15:29:26;182.029305
2015-02-15 15:29:30;182.145588
2015-02-15 15:29:33;182.116229
2015-02-15 15:29:53;182.325256
2015-02-15 15:30:32;187.106006
2015-02-15 15:30:34;183.536396
2015-02-15 15:30:36;183.536396
2015-02-15 15:30:38;183.944116
2015-02-15 15:30:41;185.695139
2015-02-15 15:31:04;185.695139
2015-02-15 15:31:23;237.158968
2015-02-15 15:31:25;245.435944
2015-02-15 15:31:48;201.828661
2015-02-15 15:32:26;182.002441
2015-02-15 15:32:34;182.754188
2015-02-15 15:33:11;218.386800
2015-02-15 15:33:30;273.794717
2015-02-15 15:33:36;290.669809
2015-02-15 15:33:45;274.145356
2015-02-15 15:34:15;341.454140
2015-02-15 15:34:18;233.414293
2015-02-15 15:34:25;261.459616
2015-02-15 15:34:28;261.459616
2015-02-15 15:34:36;232.079508
2015-02-15 15:34:42;308.844381
2015-02-15 15:34:48;295.119039
2015-02-15 15:34:48;295.119039
2015-02-15 15:34:54;307.839838
2015-02-15 15:35:00;309.632200
2015-02-15 15:35:39;317.316306
2015-02-15 15:35:52;211.327766
2015-02-15 15:35:58;186.880209
2015-02-15 15:36:00;186.381604
2015-02-15 15:36:31;186.997564
2015-02-15 15:36:33;194.743636
2015-02-15 15:37:10;667.767788
2015-02-15 15:37:37;598.272690
2015-02-15 15:37:52;567.059755
2015-02-15 15:37:54;567.059755
2015-02-15 15:37:56;624.518986
2015-02-15 15:37:59;513.773685
2015-02-15 15:38:45;539.252922
2015-02-15 15:38:50;583.426913
2015-02-15 15:38:57;589.363681
2015-02-15 15:38:59;589.363681
2015-02-15 15:39:20;685.075292
2015-02-15 15:39:23;534.101196
2015-02-15 15:39:25;534.101196
2015-02-15 15:39:33;516.773915
2015-02-15 15:42:12;186.588237
2015-02-15 15:42:20;248.897596
2015-02-15 15:42:22;261.370873
2015-02-15 15:42:48;253.002966
2015-02-15 15:43:05;232.812371
2015-02-15 15:43:28;277.851072
2015-02-15 15:43:48;276.532080
2015-02-15 15:43:52;261.785746
2015-02-15 15:43:56;261.758805
2015-02-15 15:44:01;261.799648
2015-02-15 15:44:17;274.506496
2015-02-15 15:44:19;298.106022
2015-02-15 15:44:38;251.807205
2015-02-15 15:44:42;261.697450
2015-02-15 15:44:45;276.298267
2015-02-15 15:44:48;276.298267
2015-02-15 15:44:50;302.986435
2015-02-15 15:44:53;302.986435
2015-02-15 15:44:59;413.077328
2015-02-15 15:45:41;230.518412
2015-02-15 15:45:49;240.878566
2015-02-15 15:46:08;198.098821
2015-02-15 15:46:13;201.798306
2015-02-15 15:46:27;281.339131
2015-02-15 15:46:49;291.135315
2015-02-15 15:46:53;333.251407
2015-02-15 15:46:56;375.020213
2015-02-15 15:47:08;272.338264
2015-02-15 15:47:10;248.026725
2015-02-15 15:47:12;271.173193
2015-02-15 15:47:33;366.839827
2015-02-15 15:47:41;379.680032
2015-02-15 15:47:51;428.108030
2015-02-15 15:47:55;517.646917
2015-02-15 15:48:08;449.093600
2015-02-15 15:48:24;249.231203
2015-02-15 15:48:29;258.240888
2015-02-15 15:48:31;266.961402
2015-02-15 15:48:36;311.525297
2015-02-15 15:48:40;391.224612
2015-02-15 15:48:43;469.506332
2015-02-15 15:48:45;728.984104
2015-02-15 15:48:56;409.733825
2015-02-15 15:49:00;409.733825
2015-02-15 15:49:01;496.592195
2015-02-15 15:49:40;374.898480
2015-02-15 15:50:17;223.150607
2015-02-15 15:50:21;300.109247
2015-02-15 15:50:35;842.633296
2015-02-15 15:50:55;480.545170
2015-02-15 15:51:01;462.912286
2015-02-15 15:51:33;401.732863
2015-02-15 15:51:48;405.930207
2015-02-15 15:52:51;189.406809
2015-02-15 15:53:11;190.394276
2015-02-15 15:53:28;217.224824
2015-02-15 15:53:43;267.585369
2015-02-15 15:53:53;658.662603
2015-02-15 15:53:59;658.662603
2015-02-15 15:54:05;471.249006
2015-02-15 15:54:10;478.842452
2015-02-15 15:54:14;283.538359
2015-02-15 15:54:19;281.763089
2015-02-15 15:54:20;263.844004
2015-02-15 15:54:45;265.101019
2015-02-15 15:54:54;387.001522
2015-02-15 15:55:40;215.399252
2015-02-15 15:56:08;192.340938
2015-02-15 15:56:27;185.886373
2015-02-15 15:56:29;199.666148
2015-02-15 15:56:30;213.206899
2015-02-15 15:56:51;269.378232
2015-02-15 15:57:06;261.195559
2015-02-15 15:57:07;241.263028
2015-02-15 15:57:17;202.518336
2015-02-15 15:57:33;180.065556
2015-02-15 15:57:43;174.507845
2015-02-15 15:58:09;203.181794
2015-02-15 15:58:23;803.577707
2015-02-15 15:59:10;297.605506
2015-02-15 15:59:13;257.962859
2015-02-15 15:59:15;297.991668
2015-02-15 15:59:18;239.675488
2015-02-15 15:59:42;227.849919
2015-02-15 15:59:51;300.725098
2015-02-15 15:59:57;293.932554
2015-02-15 15:59:59;293.932554
2015-02-15 16:00:20;661.077500
2015-02-15 16:00:37;261.678168
2015-02-15 16:00:39;228.791193
2015-02-15 16:00:59;239.466438
2015-02-15 16:01:12;231.853204
2015-02-15 16:01:21;249.340146
2015-02-15 16:01:49;233.639920
2015-02-15 16:02:04;289.587851
2015-02-15 16:02:16;275.482454
2015-02-15 16:02:31;253.932340
2015-02-15 16:02:34;253.932340
2015-02-15 16:02:41;235.297493
2015-02-15 16:02:46;235.297493
2015-02-15 16:02:53;298.526479
2015-02-15 16:03:14;810.243856
2015-02-15 16:04:05;542.946443
2015-02-15 16:04:08;476.371195
2015-02-15 16:04:14;581.554610
2015-02-15 16:04:28;433.421283
2015-02-15 16:04:30;715.178653
2015-02-15 16:04:40;227.857325
2015-02-15 16:05:03;596.352700
2015-02-15 16:05:07;596.352700
2015-02-15 16:05:22;303.357517
2015-02-15 16:05:27;303.357517
2015-02-15 16:05:51;307.771158
2015-02-15 16:06:24;344.242264
2015-02-15 16:06:59;254.578442
2015-02-15 16:07:02;254.578442
2015-02-15 16:07:03;254.578442
2015-02-15 16:07:12;239.935583
2015-02-15 16:07:18;643.169357
2015-02-15 16:07:52;269.203578
2015-02-15 16:08:47;1035.196463
2015-02-15 16:09:05;241.089447
2015-02-15 16:09:17;291.603145
2015-02-15 16:09:27;309.794614
2015-02-15 16:09:43;610.468885
2015-02-15 16:09:57;239.049395
2015-02-15 16:10:05;227.228937
2015-02-15 16:10:16;233.601850
2015-02-15 16:10:17;233.601850
2015-02-15 16:10:19;358.661996
2015-02-15 16:10:40;222.490438
2015-02-15 16:10:44;226.584081
2015-02-15 16:11:06;581.259872
2015-02-15 16:11:15;356.841058
2015-02-15 16:11:16;356.841058
2015-02-15 16:11:24;359.865639
2015-02-15 16:11:26;359.865639
2015-02-15 16:11:28;583.675646
2015-02-15 16:11:45;432.549438
2015-02-15 16:12:05;485.379371
2015-02-15 16:13:15;324.724990
2015-02-15 16:13:17;373.435808
2015-02-15 16:13:22;383.766184
2015-02-15 16:13:29;373.435808
2015-02-15 16:13:36;383.766184
2015-02-15 16:13:40;383.766184
2015-02-15 16:14:12;837.917225
2015-02-15 16:14:28;359.254263
2015-02-15 16:14:30;403.155742
2015-02-15 16:14:34;469.186843
2015-02-15 16:15:16;207.886368
2015-02-15 16:15:20;237.188595
2015-02-15 16:15:49;240.703112
2015-02-15 16:16:00;228.606764
2015-02-15 16:16:03;228.606764
2015-02-15 16:16:06;235.612946
2015-02-15 16:16:09;265.256818
2015-02-15 16:16:13;242.432815
2015-02-15 16:16:50;531.827176
2015-02-15 16:16:58;578.770604
2015-02-15 16:17:00;578.770604
2015-02-15 16:17:09;599.495154
2015-02-15 16:17:14;903.336645
2015-02-15 16:17:51;414.515170
2015-02-15 16:17:54;234.869547
2015-02-15 16:17:57;201.471649
2015-02-15 16:18:23;231.505129
2015-02-15 16:18:24;195.004931
2015-02-15 16:18:26;196.220174
2015-02-15 16:18:42;224.399373
2015-02-15 16:18:45;224.399373
2015-02-15 16:19:09;232.393886
2015-02-15 16:19:22;220.326036
2015-02-15 16:19:58;434.670759
2015-02-15 16:20:02;372.639525
2015-02-15 16:20:05;504.552056
2015-02-15 16:20:11;441.667710
2015-02-15 16:21:04;227.982259
2015-02-15 16:21:07;226.926739
2015-02-15 16:21:10;226.075298
2015-02-15 16:21:15;226.537747
2015-02-15 16:21:16;205.720193
2015-02-15 16:21:20;205.720193
2015-02-15 16:21:23;222.430310
2015-02-15 16:21:42;215.865455
2015-02-15 16:22:43;478.031179
2015-02-15 16:23:16;257.820250
2015-02-15 16:23:43;324.982361
2015-02-15 16:23:49;259.174421
2015-02-15 16:24:03;475.962679
2015-02-15 16:24:08;303.323566
2015-02-15 16:24:16;231.308418
2015-02-15 16:24:26;231.308418
2015-02-15 16:24:37;198.828994
2015-02-15 16:24:44;195.596329
2015-02-15 16:24:49;193.066111
2015-02-15 16:25:22;202.221392
2015-02-15 16:25:40;202.057422
2015-02-15 16:25:45;196.628962
2015-02-15 16:26:09;195.939692
2015-02-15 16:26:12;195.154820
2015-02-15 16:26:15;203.706642
2015-02-15 16:26:32;199.086236
2015-02-15 16:26:34;193.967261
2015-02-15 16:26:37;203.018661
2015-02-15 16:26:45;506.455459
2015-02-15 16:26:58;285.563169
2015-02-15 16:27:29;299.375531
2015-02-15 16:27:36;255.322139
2015-02-15 16:27:37;370.133689
2015-02-15 16:27:44;301.660334
2015-02-15 16:27:48;301.660334
2015-02-15 16:27:51;301.660334
2015-02-15 16:28:11;298.483766
2015-02-15 16:28:24;305.814236
2015-02-15 16:28:38;268.912717
2015-02-15 16:28:43;350.662034
2015-02-15 16:28:45;259.364539
2015-02-15 16:28:48;358.714363
2015-02-15 16:28:50;358.714363
2015-02-15 16:28:55;318.079109
2015-02-15 16:29:06;252.886294
2015-02-15 16:29:16;252.886294
2015-02-15 16:29:19;252.886294
2015-02-15 16:29:24;300.220379
2015-02-15 16:29:44;318.032770
2015-02-15 16:29:56;291.765348
2015-02-15 16:29:58;291.765348
2015-02-15 16:30:01;286.453118
2015-02-15 16:30:05;314.704417
2015-02-15 16:30:14;314.389751
2015-02-15 16:30:30;266.403126
2015-02-15 16:30:32;307.032336
2015-02-15 16:30:35;356.007151
2015-02-15 16:31:01;346.871009
2015-02-15 16:31:04;351.970656
2015-02-15 16:31:10;351.526351
2015-02-15 16:31:33;311.750007
2015-02-15 16:31:35;358.127547
2015-02-15 16:31:46;429.614899
2015-02-15 16:31:50;349.327757
2015-02-15 16:31:52;300.523360
2015-02-15 16:31:58;356.414865
2015-02-15 16:32:03;435.654101
2015-02-15 16:32:22;428.419099
2015-02-15 16:32:35;318.000998
2015-02-15 16:32:39;270.630675
2015-02-15 16:32:43;323.301402
2015-02-15 16:33:06;255.621688
2015-02-15 16:33:24;261.773789
2015-02-15 16:33:41;271.154541
2015-02-15 16:34:32;210.947862
2015-02-15 16:34:43;324.271306
2015-02-15 16:34:52;248.143541
2015-02-15 16:34:54;222.015856
2015-02-15 16:35:07;326.128929
2015-02-15 16:35:13;255.345161
2015-02-15 16:36:24;289.244237
2015-02-15 16:36:29;249.338523
2015-02-15 16:36:47;267.188341
2015-02-15 16:36:59;252.564207
2015-02-15 16:37:05;232.398452
2015-02-15 16:38:15;246.543328
2015-02-15 16:38:17;267.945050
2015-02-15 16:38:41;245.777623
2015-02-15 16:40:31;182.224674
2015-02-15 16:40:33;182.246911
2015-02-15 16:41:05;182.165617
2015-02-15 16:41:09;182.222390
2015-02-15 16:42:09;182.009215
2015-02-15 16:42:24;237.480363
2015-02-15 16:42:29;256.602322
2015-02-15 16:42:32;438.786749
2015-02-15 16:42:34;493.140648
2015-02-15 16:42:53;204.415349
2015-02-15 16:43:14;195.812088
2015-02-15 16:43:20;200.477680
2015-02-15 16:43:33;185.245811
2015-02-15 16:43:59;192.390978
2015-02-15 16:44:01;192.390978
2015-02-15 16:44:04;188.523337
2015-02-15 16:44:25;184.667471
2015-02-15 16:44:35;189.530955
2015-02-15 16:45:04;228.451381
2015-02-15 16:45:11;360.108086
2015-02-15 16:45:40;273.286937
2015-02-15 16:45:45;324.176990
2015-02-15 16:45:50;294.415639
2015-02-15 16:45:52;305.983287
2015-02-15 16:45:53;350.239836
2015-02-15 16:45:56;350.239836
2015-02-15 16:46:12;305.983287
2015-02-15 16:46:20;350.239836
2015-02-15 16:46:22;317.199162
2015-02-15 16:46:44;240.101354
2015-02-15 16:46:55;222.101593
2015-02-15 16:46:57;274.922482
2015-02-15 16:47:03;327.548440
2015-02-15 16:47:12;218.169720
2015-02-15 16:47:27;253.374862
2015-02-15 16:47:30;247.533438
2015-02-15 16:47:54;235.667054
2015-02-15 16:47:58;235.667054
2015-02-15 16:48:03;202.503866
2015-02-15 16:48:05;199.630735
2015-02-15 16:48:13;202.041556
2015-02-15 16:48:22;208.135299
2015-02-15 16:48:32;207.584934
2015-02-15 16:48:55;187.884438
2015-02-15 16:48:59;189.819623
2015-02-15 16:49:10;187.680903
2015-02-15 16:49:15;189.508445
2015-02-15 16:49:51;189.105747
2015-02-15 16:50:03;286.629669
2015-02-15 16:50:35;200.781515
2015-02-15 16:51:19;287.811768
2015-02-15 16:51:27;268.943048
2015-02-15 16:51:40;312.918514
2015-02-15 16:51:54;456.376213
2015-02-15 16:52:01;456.376213
2015-02-15 16:52:07;405.842119
2015-02-15 16:52:22;398.936295
2015-02-15 16:52:55;276.081517
2015-02-15 16:53:00;308.478135
2015-02-15 16:53:05;264.060491
2015-02-15 16:53:23;225.952087
2015-02-15 16:53:35;216.374232
2015-02-15 16:53:45;273.233877
2015-02-15 16:53:45;273.233877
2015-02-15 16:54:08;252.664697
2015-02-15 16:54:10;294.335454
2015-02-15 16:54:13;294.335454
2015-02-15 16:55:23;182.072789
2015-02-15 16:56:23;347.649997
2015-02-15 16:56:24;347.649997
2015-02-15 16:56:27;341.021827
2015-02-15 16:56:50;278.990530
2015-02-15 16:56:54;343.295085
2015-02-15 16:57:22;185.485779
2015-02-15 16:57:30;192.829498
2015-02-15 16:58:12;538.486260
2015-02-15 16:58:54;198.815868
2015-02-15 16:59:03;188.743458
2015-02-15 16:59:23;191.025985
2015-02-15 16:59:35;180.937370
2015-02-15 16:59:49;198.489108
2015-02-15 17:00:30;182.000000
2015-02-15 17:01:16;182.000000
2015-02-15 17:01:24;182.000000
2015-02-15 17:01:48;182.000000
2015-02-15 17:02:34;182.000000
2015-02-15 17:03:10;182.000000
2015-02-15 17:03:23;182.000000
2015-02-15 17:03:32;182.000061
2015-02-15 17:03:35;182.005557
2015-02-15 17:03:43;184.329114
2015-02-15 17:03:52;192.312176
2015-02-15 17:04:02;185.806782
2015-02-15 17:04:09;183.294220
2015-02-15 17:04:13;196.067774
2015-02-15 17:04:25;234.293732
2015-02-15 17:04:27;270.298852
2015-02-15 17:04:30;403.260938
2015-02-15 17:04:37;315.204891
2015-02-15 17:04:40;315.204891
2015-02-15 17:05:36;281.503830
2015-02-15 17:05:38;281.503830
2015-02-15 17:06:03;279.269094
2015-02-15 17:06:05;280.020602
2015-02-15 17:06:09;385.536642
2015-02-15 17:06:32;371.810785
2015-02-15 17:06:35;371.810785
2015-02-15 17:07:14;287.789456
2015-02-15 17:07:22;287.789456
2015-02-15 17:07:27;362.626559
2015-02-15 17:07:33;362.626559
2015-02-15 17:07:40;362.626559
2015-02-15 17:07:57;346.373652
2015-02-15 17:08:22;409.397073
2015-02-15 17:08:25;409.397073
2015-02-15 17:08:31;340.351456
2015-02-15 17:08:49;404.220032
2015-02-15 17:09:25;362.865131
2015-02-15 17:09:31;456.258646
2015-02-15 17:09:54;458.219306
2015-02-15 17:09:56;526.952483
2015-02-15 17:10:10;254.410693
2015-02-15 17:10:27;377.157237
2015-02-15 17:10:30;377.157237
2015-02-15 17:10:37;383.758662
2015-02-15 17:10:38;271.830043
2015-02-15 17:10:59;273.299310
2015-02-15 17:11:01;287.007148
2015-02-15 17:11:05;287.007148
2015-02-15 17:11:06;287.007148
2015-02-15 17:11:10;287.619696
2015-02-15 17:11:23;333.155065
2015-02-15 17:11:25;302.788813
2015-02-15 17:11:31;305.477540
2015-02-15 17:11:37;262.797350
2015-02-15 17:11:48;258.548552
2015-02-15 17:11:54;258.548552
2015-02-15 17:11:56;262.797350
2015-02-15 17:12:10;274.391717
2015-02-15 17:12:13;271.642305
2015-02-15 17:12:16;271.642305
2015-02-15 17:12:18;256.924324
2015-02-15 17:12:53;348.617551
2015-02-15 17:12:56;414.767720
2015-02-15 17:13:00;414.767720
2015-02-15 17:13:29;337.093487
2015-02-15 17:14:11;394.103218
2015-02-15 17:14:17;311.337424
2015-02-15 17:14:24;278.958432
2015-02-15 17:14:35;332.653517
2015-02-15 17:15:03;493.872965
2015-02-15 17:15:12;493.872965
2015-02-15 17:15:33;415.989629
2015-02-15 17:17:12;182.000000
2015-02-15 17:18:11;182.000000
2015-02-15 17:18:28;182.000000
2015-02-15 17:18:30;182.000000
2015-02-15 17:18:39;182.000000
2015-02-15 17:18:40;182.000000
2015-02-15 17:19:18;182.000000
2015-02-15 17:19:24;182.000000
2015-02-15 17:19:33;182.000000
2015-02-15 17:19:49;182.000000
2015-02-15 17:20:02;182.000000
2015-02-15 17:20:13;182.000000
2015-02-15 17:20:33;182.000000
2015-02-15 17:20:35;182.000000
2015-02-15 17:21:51;196.853572
2015-02-15 17:21:54;198.206939
2015-02-15 17:22:12;190.895611
2015-02-15 17:22:18;208.399090
2015-02-15 17:22:39;245.413521
2015-02-15 17:22:53;202.656724
2015-02-15 17:22:56;186.403473
2015-02-15 17:22:58;209.868592
2015-02-15 17:23:15;219.882998
2015-02-15 17:23:33;238.929956
2015-02-15 17:23:38;234.286502
2015-02-15 17:23:42;270.013741
2015-02-15 17:23:47;232.736150
2015-02-15 17:23:49;234.334249
2015-02-15 17:24:51;373.403166
2015-02-15 17:24:57;373.403166
2015-02-15 17:25:12;209.757389
2015-02-15 17:25:24;235.016097
2015-02-15 17:25:28;388.094252
2015-02-15 17:25:30;388.094252
2015-02-15 17:25:52;234.900357
2015-02-15 17:26:42;184.060852
2015-02-15 17:26:51;194.439374
2015-02-15 17:27:00;186.077089
2015-02-15 17:27:05;186.077089
2015-02-15 17:27:10;184.742358
2015-02-15 17:27:12;183.790901
2015-02-15 17:27:14;182.908041
2015-02-15 17:27:49;182.017495
2015-02-15 17:27:53;182.770705
2015-02-15 17:28:12;182.689183
2015-02-15 17:28:58;182.000005
2015-02-15 17:29:20;182.000033
2015-02-15 17:29:37;182.000002
2015-02-15 17:29:39;182.000006
2015-02-15 17:29:42;182.000033
2015-02-15 17:30:12;195.888787
2015-02-15 17:30:15;194.023466
2015-02-15 17:30:21;198.810031
2015-02-15 17:30:33;189.720261
2015-02-15 17:30:35;197.409991
2015-02-15 17:30:37;199.057929
2015-02-15 17:30:41;196.296289
2015-02-15 17:30:44;191.946850
2015-02-15 17:30:47;187.439970
2015-02-15 17:30:52;190.534675
2015-02-15 17:31:03;215.290902
2015-02-15 17:31:07;215.290902
2015-02-15 17:31:24;219.583915
2015-02-15 17:31:47;324.060159
2015-02-15 17:32:09;472.187023
2015-02-15 17:33:24;279.603459
2015-02-15 17:33:27;315.473455
2015-02-15 17:33:33;397.697307
2015-02-15 17:33:46;327.225398
2015-02-15 17:33:57;400.187745
2015-02-15 17:34:03;371.301006
2015-02-15 17:34:50;273.611856
2015-02-15 17:35:20;185.335645
2015-02-15 17:35:41;182.034121
2015-02-15 17:35:56;181.595949
2015-02-15 17:36:37;186.672712
2015-02-15 17:36:47;206.169972
2015-02-15 17:36:49;203.916980
2015-02-15 17:36:58;185.030997
2015-02-15 17:37:30;261.678595
2015-02-15 17:38:01;301.297773
2015-02-15 17:38:07;341.881109
2015-02-15 17:38:16;276.230809
2015-02-15 17:38:27;202.943149
2015-02-15 17:38:41;202.943149
2015-02-15 17:40:19;221.963456
2015-02-15 17:40:49;193.514103
2015-02-15 17:41:19;329.906928
2015-02-15 17:41:21;329.906928
2015-02-15 17:41:26;321.888249
2015-02-15 17:41:27;373.231353
2015-02-15 17:42:11;208.341144
2015-02-15 17:42:13;337.610103
2015-02-15 17:42:13;337.610103
2015-02-15 17:42:34;199.275494
2015-02-15 17:42:52;195.276308
2015-02-15 17:43:03;205.438335
2015-02-15 17:43:07;330.104400
2015-02-15 17:43:11;275.592174
2015-02-15 17:43:26;185.076872
2015-02-15 17:43:39;184.277458
2015-02-15 17:43:40;192.202258
2015-02-15 17:43:48;184.277458
2015-02-15 17:43:53;182.048787
2015-02-15 17:43:59;182.426166
2015-02-15 17:44:16;183.585403
2015-02-15 17:44:29;190.000271
2015-02-15 17:44:41;201.878372
2015-02-15 17:44:50;201.537735
2015-02-15 17:44:53;197.717100
2015-02-15 17:44:54;207.444649
2015-02-15 17:44:55;231.288892
2015-02-15 17:44:56;275.602268
2015-02-15 17:45:07;284.373018
2015-02-15 17:45:19;182.000036
2015-02-15 17:45:36;182.000000
2015-02-15 17:45:40;182.000000
2015-02-15 17:45:51;182.000000
2015-02-15 17:45:54;182.000000
2015-02-15 17:45:56;182.000000
2015-02-15 17:46:03;182.000000
2015-02-15 17:46:06;182.000000
2015-02-15 17:46:08;182.000000
2015-02-15 17:46:15;182.000000
2015-02-15 17:46:17;182.000001
2015-02-15 17:46:23;182.275767
2015-02-15 17:46:36;182.000147
2015-02-15 17:47:11;187.739785
2015-02-15 17:47:29;193.330080
2015-02-15 17:47:32;184.429901
2015-02-15 17:47:42;214.237842
2015-02-15 17:47:45;214.237842
2015-02-15 17:47:52;218.092782
2015-02-15 17:47:57;218.092782
2015-02-15 17:47:59;199.964568
2015-02-15 17:48:08;266.089594
2015-02-15 17:48:15;354.499768
2015-02-15 17:48:18;251.839246
2015-02-15 17:48:31;313.652227
2015-02-15 17:48:40;434.429636
2015-02-15 17:48:47;434.429636
2015-02-15 17:48:49;434.429636
2015-02-15 17:48:50;238.787975
2015-02-15 17:49:03;635.043954
2015-02-15 17:49:10;295.286360
2015-02-15 17:49:27;340.809683
2015-02-15 17:49:35;340.809683
2015-02-15 17:49:37;351.304441
2015-02-15 17:49:48;540.683171
2015-02-15 17:49:50;431.005871
2015-02-15 17:50:09;632.940399
2015-02-15 17:50:13;566.955322
2015-02-15 17:50:30;332.016910
2015-02-15 17:50:34;446.815268
2015-02-15 17:50:35;358.256594
2015-02-15 17:50:48;358.256594
2015-02-15 17:50:51;267.985509
2015-02-15 17:50:58;268.698319
2015-02-15 17:51:24;205.243176
2015-02-15 17:51:28;251.424304
2015-02-15 17:51:30;251.424304
2015-02-15 17:51:43;251.530055
2015-02-15 17:52:12;284.381426
2015-02-15 17:52:14;284.381426
2015-02-15 17:52:30;215.203146
2015-02-15 17:53:18;276.697929
2015-02-15 17:53:36;284.574507
2015-02-15 17:53:38;292.326427
2015-02-15 17:53:52;411.606948
2015-02-15 17:53:57;545.861282
2015-02-15 17:54:36;435.627357
2015-02-15 17:54:58;383.474171
2015-02-15 17:55:00;776.472091
2015-02-15 17:55:53;225.206792
2015-02-15 17:56:21;259.030729
2015-02-15 17:56:32;275.048388
2015-02-15 17:56:59;188.074021
2015-02-15 17:57:15;188.863069
2015-02-15 17:57:17;196.575997
2015-02-15 17:57:29;194.202823
2015-02-15 17:57:49;228.066060
2015-02-15 17:58:17;280.842212
2015-02-15 17:58:48;194.525481
2015-02-15 17:59:22;182.000209
2015-02-15 17:59:22;182.000209
2015-02-15 18:00:01;184.711431
2015-02-15 18:00:40;210.102366
2015-02-15 18:00:56;394.703081
2015-02-15 18:01:06;183.523956
2015-02-15 18:01:08;185.595300
2015-02-15 18:02:04;187.735419
2015-02-15 18:02:06;192.998575
2015-02-15 18:02:12;212.212029
2015-02-15 18:02:38;200.676357
2015-02-15 18:02:45;186.613152
2015-02-15 18:02:54;182.334453
2015-02-15 18:02:58;182.010682
2015-02-15 18:03:04;182.010682
2015-02-15 18:03:13;182.015453
2015-02-15 18:03:20;182.022488
2015-02-15 18:03:40;182.181071
2015-02-15 18:03:44;187.784529
2015-02-15 18:04:09;182.011726
2015-02-15 18:04:12;182.006420
2015-02-15 18:04:15;182.185971
2015-02-15 18:04:19;229.477724
2015-02-15 18:04:31;287.694785
2015-02-15 18:04:53;187.348165
2015-02-15 18:05:06;243.439177
2015-02-15 18:05:14;249.140590
2015-02-15 18:05:21;241.340157
2015-02-15 18:05:23;226.761796
2015-02-15 18:05:42;205.046787
2015-02-15 18:06:15;212.794469
2015-02-15 18:06:23;209.494978
2015-02-15 18:06:30;318.188538
2015-02-15 18:06:44;212.486122
2015-02-15 18:06:55;492.741871
2015-02-15 18:07:20;300.298721
2015-02-15 18:07:25;538.568580
2015-02-15 18:07:41;225.106339
2015-02-15 18:07:43;225.106339
2015-02-15 18:08:13;225.441343
2015-02-15 18:08:15;225.441343
2015-02-15 18:08:18;194.501982
2015-02-15 18:08:20;209.361927
2015-02-15 18:08:26;223.301452
2015-02-15 18:08:29;223.301452
2015-02-15 18:08:49;349.706193
2015-02-15 18:08:52;259.019582
2015-02-15 18:08:55;190.569236
2015-02-15 18:08:58;259.019582
2015-02-15 18:09:20;264.940001
2015-02-15 18:09:29;258.923322
2015-02-15 18:09:36;182.001351
2015-02-15 18:10:03;182.000000
2015-02-15 18:10:19;182.000000
2015-02-15 18:10:31;182.000000
2015-02-15 18:10:50;182.000000
2015-02-15 18:11:24;182.000000
2015-02-15 18:11:27;182.000000
2015-02-15 18:12:11;182.000206
2015-02-15 18:12:43;279.648272
2015-02-15 18:13:01;278.131457
2015-02-15 18:13:03;208.332707
2015-02-15 18:13:25;182.971189
2015-02-15 18:13:34;183.397856
2015-02-15 18:13:37;182.966175
2015-02-15 18:13:46;183.236320
2015-02-15 18:13:57;182.883962
2015-02-15 18:13:59;183.307448
2015-02-15 18:14:03;207.585390
2015-02-15 18:14:40;182.003629
2015-02-15 18:14:42;182.194352
2015-02-15 18:14:52;182.584268
2015-02-15 18:14:59;182.000012
2015-02-15 18:15:28;191.692738
2015-02-15 18:15:51;183.444607
2015-02-15 18:17:06;182.000002
2015-02-15 18:17:21;182.000206
2015-02-15 18:17:55;182.000155
2015-02-15 18:18:02;182.000152
2015-02-15 18:18:42;182.002825
2015-02-15 18:19:07;182.000000
2015-02-15 18:19:09;182.000000
2015-02-15 18:19:13;182.000000
2015-02-15 18:20:59;182.000000
2015-02-15 18:21:00;182.000000
2015-02-15 18:21:37;182.000000
2015-02-15 18:21:39;182.000000
2015-02-15 18:21:48;182.000005
2015-02-15 18:22:24;182.000020
2015-02-15 18:22:26;182.000020
2015-02-15 18:22:32;182.000331
2015-02-15 18:22:36;182.006443
2015-02-15 18:22:43;182.209684
2015-02-15 18:22:46;182.209684
2015-02-15 18:23:18;186.826479
2015-02-15 18:23:28;182.993313
2015-02-15 18:23:48;207.322495
2015-02-15 18:23:49;218.301340
2015-02-15 18:23:49;218.301340
2015-02-15 18:23:52;200.774385
2015-02-15 18:24:02;246.991996
2015-02-15 18:24:21;182.003540
2015-02-15 18:24:26;182.052901
2015-02-15 18:24:36;219.476693
2015-02-15 18:24:39;219.476693
2015-02-15 18:24:43;333.914862
2015-02-15 18:24:48;288.794150
2015-02-15 18:25:06;183.483800
2015-02-15 18:25:16;209.075136
2015-02-15 18:25:19;205.981456
2015-02-15 18:25:32;182.038143
2015-02-15 18:25:39;182.001635
2015-02-15 18:25:44;182.001635
2015-02-15 18:25:49;182.001635
2015-02-15 18:25:56;182.000000
2015-02-15 18:26:27;182.641897
2015-02-15 18:26:32;182.002019
2015-02-15 18:26:39;217.981940
2015-02-15 18:26:46;274.421575
2015-02-15 18:26:51;224.465940
2015-02-15 18:27:08;300.895723
2015-02-15 18:27:22;278.078182
2015-02-15 18:27:23;202.032404
2015-02-15 18:27:29;245.834925
2015-02-15 18:27:43;305.447475
2015-02-15 18:27:49;317.273152
2015-02-15 18:28:05;256.182113
2015-02-15 18:28:27;192.819239
2015-02-15 18:28:31;193.019265
2015-02-15 18:28:36;193.019265
2015-02-15 18:28:38;182.065989
2015-02-15 18:29:19;190.005097
2015-02-15 18:29:23;182.047939
2015-02-15 18:29:25;182.000010
2015-02-15 18:29:29;182.000000
2015-02-15 18:29:33;182.000000
2015-02-15 18:29:38;182.000000
2015-02-15 18:29:39;182.000000
2015-02-15 18:29:58;182.000000
2015-02-15 18:30:00;182.000000
2015-02-15 18:30:05;182.000000
2015-02-15 18:30:19;182.000000
2015-02-15 18:30:28;182.000000
2015-02-15 18:30:31;182.000000
2015-02-15 18:30:37;182.000000
2015-02-15 18:30:47;182.000000
2015-02-15 18:30:55;182.000000
2015-02-15 18:30:57;182.000000
2015-02-15 18:31:10;182.000000
2015-02-15 18:31:36;182.000000
2015-02-15 18:31:51;182.000000
2015-02-15 18:32:16;182.000000
2015-02-15 18:32:40;777.949987
2015-02-15 18:32:41;776.002012
2015-02-15 18:32:42;776.002012
2015-02-15 18:33:14;210.802000
2015-02-15 18:33:15;214.964466
2015-02-15 18:33:43;271.935298
2015-02-15 18:34:51;307.919512
2015-02-15 18:35:36;306.924568
2015-02-15 18:35:40;306.924568
2015-02-15 18:36:00;325.437978
2015-02-15 18:36:03;312.089099
2015-02-15 18:37:47;182.925046
2015-02-15 18:37:49;186.145461
2015-02-15 18:37:52;277.441178
2015-02-15 18:38:03;277.441178
2015-02-15 18:38:58;183.404933
2015-02-15 18:39:03;276.667252
2015-02-15 18:39:11;295.667961
2015-02-15 18:39:14;255.876581
2015-02-15 18:39:18;201.113087
2015-02-15 18:39:31;201.113087
2015-02-15 18:39:32;186.076301
2015-02-15 18:39:34;244.432062
2015-02-15 18:39:53;235.664053
2015-02-15 18:40:31;390.124117
2015-02-15 18:41:26;192.125873
2015-02-15 18:41:35;189.055563
2015-02-15 18:41:37;208.408321
2015-02-15 18:42:14;182.000002
2015-02-15 18:42:45;211.823325
2015-02-15 18:42:53;755.279360
2015-02-15 18:43:04;350.317796
2015-02-15 18:43:19;232.751510
2015-02-15 18:43:21;200.832791
2015-02-15 18:43:44;312.380759
2015-02-15 18:43:46;232.751510
2015-02-15 18:43:51;200.097408
2015-02-15 18:43:56;283.474352
2015-02-15 18:44:22;200.644756
2015-02-15 18:44:33;200.644756
2015-02-15 18:44:36;245.974502
2015-02-15 18:44:43;258.064095
2015-02-15 18:44:52;232.583363
2015-02-15 18:44:57;216.213252
2015-02-15 18:45:00;228.719504
2015-02-15 18:45:02;235.465677
2015-02-15 18:45:09;232.286527
2015-02-15 18:45:20;229.727915
2015-02-15 18:45:22;290.515945
2015-02-15 18:45:24;381.335444
2015-02-15 18:45:40;495.654365
2015-02-15 18:45:43;489.817767
2015-02-15 18:45:48;489.817767
2015-02-15 18:45:58;345.345316
2015-02-15 18:46:06;416.858335
2015-02-15 18:46:07;505.056630
2015-02-15 18:46:13;433.008477
2015-02-15 18:46:19;433.008477
2015-02-15 18:46:43;311.365047
2015-02-15 18:47:03;284.730170
2015-02-15 18:47:07;284.730170
2015-02-15 18:47:09;278.207156
2015-02-15 18:47:21;319.420311
2015-02-15 18:47:31;247.412766
2015-02-15 18:47:36;224.507759
2015-02-15 18:47:38;220.242003
2015-02-15 18:47:47;223.611879
2015-02-15 18:47:54;223.833468
2015-02-15 18:47:56;222.622787
2015-02-15 18:47:58;212.485341
2015-02-15 18:48:11;220.638126
2015-02-15 18:48:42;182.666884
2015-02-15 18:48:45;182.666884
2015-02-15 18:48:48;182.666884
2015-02-15 18:49:11;266.469750
2015-02-15 18:49:19;270.474934
2015-02-15 18:49:26;266.622857
2015-02-15 18:49:45;304.757398
2015-02-15 18:49:47;304.757398
2015-02-15 18:49:49;292.093408
2015-02-15 18:49:53;255.466268
2015-02-15 18:49:59;254.301716
2015-02-15 18:50:09;301.572103
2015-02-15 18:50:15;323.619444
2015-02-15 18:50:17;353.055908
2015-02-15 18:50:24;353.055908
2015-02-15 18:50:29;334.768929
2015-02-15 18:50:45;382.701418
2015-02-15 18:50:47;341.141959
2015-02-15 18:51:01;384.195054
2015-02-15 18:51:07;384.195054
2015-02-15 18:51:20;332.632071
2015-02-15 18:51:41;271.587735
2015-02-15 18:51:46;344.601020
2015-02-15 18:52:09;399.560795
2015-02-15 18:52:29;226.323397
2015-02-15 18:52:34;279.834177
2015-02-15 18:52:48;756.550067
2015-02-15 18:52:58;449.702774
2015-02-15 18:53:05;438.978997
2015-02-15 18:53:08;794.455488
2015-02-15 18:53:24;626.963568
2015-02-15 18:53:29;802.719824
2015-02-15 18:54:18;592.724997
2015-02-15 18:54:31;500.675364
2015-02-15 18:55:11;331.023842
2015-02-15 18:55:17;395.083797
2015-02-15 18:55:38;251.246042
2015-02-15 18:55:52;274.323490
2015-02-15 18:56:01;274.323490
2015-02-15 18:56:03;274.323490
2015-02-15 18:56:52;231.153599
2015-02-15 18:57:23;778.611637
2015-02-15 18:57:27;257.316900
2015-02-15 18:57:31;337.933043
2015-02-15 18:58:02;187.343008
2015-02-15 18:58:41;182.848457
2015-02-15 18:58:47;183.721700
2015-02-15 18:59:07;183.491261
2015-02-15 18:59:59;182.989046
2015-02-15 19:01:35;204.325927
2015-02-15 19:01:59;229.507995
2015-02-15 19:02:06;373.449410
2015-02-15 19:02:13;235.784531
2015-02-15 19:02:15;314.488409
2015-02-15 19:02:31;194.092948
2015-02-15 19:02:34;190.403067
2015-02-15 19:03:18;219.005276
2015-02-15 19:03:32;225.965699
2015-02-15 19:03:39;254.791669
2015-02-15 19:03:42;232.758718
2015-02-15 19:03:59;193.251486
2015-02-15 19:04:11;192.054585
2015-02-15 19:04:45;220.298018
2015-02-15 19:04:48;222.052091
2015-02-15 19:05:07;326.038051
2015-02-15 19:05:09;267.078972
2015-02-15 19:05:18;594.851394
2015-02-15 19:05:22;331.454364
2015-02-15 19:05:28;234.571856
2015-02-15 19:05:31;278.893035
2015-02-15 19:05:44;518.806381
2015-02-15 19:05:47;375.763358
2015-02-15 19:05:59;252.838498
2015-02-15 19:06:06;184.031069
2015-02-15 19:06:21;213.641105
2015-02-15 19:06:38;214.311356
2015-02-15 19:07:12;390.535501
2015-02-15 19:07:24;390.535501
2015-02-15 19:07:26;210.346221
2015-02-15 19:07:33;253.045478
2015-02-15 19:07:35;211.487179
2015-02-15 19:07:38;196.912711
2015-02-15 19:07:42;195.596117
2015-02-15 19:07:45;182.410183
2015-02-15 19:07:49;182.146361
2015-02-15 19:08:26;246.847849
2015-02-15 19:09:00;182.566190
2015-02-15 19:09:04;182.001329
2015-02-15 19:09:09;182.000000
2015-02-15 19:09:20;182.000000
2015-02-15 19:09:28;182.000000
2015-02-15 19:09:47;182.000000
2015-02-15 19:09:49;182.000000
2015-02-15 19:10:14;182.000027
2015-02-15 19:10:25;182.321088
2015-02-15 19:10:33;198.676598
2015-02-15 19:10:49;209.867625
2015-02-15 19:10:52;205.219929
2015-02-15 19:11:28;238.827507
2015-02-15 19:12:36;360.589027
2015-02-15 19:12:38;253.234855
2015-02-15 19:12:44;182.495613
2015-02-15 19:12:55;279.874328
2015-02-15 19:12:59;279.874328
2015-02-15 19:13:01;210.409680
2015-02-15 19:13:29;593.232208
2015-02-15 19:13:50;515.876433
2015-02-15 19:13:53;520.239264
2015-02-15 19:14:05;320.382483
2015-02-15 19:14:34;442.713319
2015-02-15 19:14:44;343.994446
2015-02-15 19:14:48;252.177693
2015-02-15 19:14:49;326.542496
2015-02-15 19:15:45;333.142855
2015-02-15 19:16:52;386.826343
2015-02-15 19:17:32;259.274825
2015-02-15 19:18:20;245.823639
2015-02-15 19:18:24;201.571052
2015-02-15 19:18:38;194.520571
2015-02-15 19:19:03;193.810190
2015-02-15 19:19:04;197.414443
2015-02-15 19:19:09;197.592618
2015-02-15 19:19:22;229.750815
2015-02-15 19:20:56;277.190706
2015-02-15 19:21:40;279.098334
2015-02-15 19:21:42;279.098334
2015-02-15 19:21:56;375.569126
2015-02-15 19:22:08;218.702785
2015-02-15 19:22:29;514.075369
2015-02-15 19:22:50;185.632100
2015-02-15 19:22:54;185.253665
2015-02-15 19:22:59;185.253665
2015-02-15 19:23:03;261.492842
2015-02-15 19:23:08;406.706436
2015-02-15 19:23:20;518.317353
2015-02-15 19:23:22;524.751606
2015-02-15 19:23:28;375.263400
2015-02-15 19:23:54;224.662771
2015-02-15 19:25:01;542.441176
2015-02-15 19:25:05;766.259034
2015-02-15 19:25:16;533.241720
2015-02-15 19:25:18;276.579026
2015-02-15 19:25:34;321.483718
2015-02-15 19:25:38;213.708107
2015-02-15 19:25:43;261.280562
2015-02-15 19:25:54;274.705342
2015-02-15 19:26:17;291.399067
2015-02-15 19:26:26;251.670942
2015-02-15 19:26:44;251.670942
2015-02-15 19:27:04;282.008479
2015-02-15 19:27:06;286.828975
2015-02-15 19:27:08;267.200645
2015-02-15 19:27:11;252.988031
2015-02-15 19:27:13;279.658388
2015-02-15 19:27:19;291.422859
2015-02-15 19:27:23;291.422859
2015-02-15 19:27:31;265.980693
2015-02-15 19:27:33;291.422859
2015-02-15 19:28:06;192.446080
2015-02-15 19:28:18;196.561548
2015-02-15 19:28:45;212.827449
2015-02-15 19:28:49;185.429063
2015-02-15 19:29:16;183.780352
2015-02-15 19:29:21;198.397105
2015-02-15 19:29:42;295.862250
2015-02-15 19:30:07;234.166563
2015-02-15 19:30:15;204.941731
2015-02-15 19:30:29;200.287559
2015-02-15 19:30:31;208.217594
2015-02-15 19:31:11;272.401514
2015-02-15 19:31:19;277.605617
2015-02-15 19:31:25;280.278590
2015-02-15 19:31:36;258.041529
2015-02-15 19:31:37;264.226133
2015-02-15 19:31:39;280.278590
2015-02-15 19:31:43;280.278590
2015-02-15 19:32:18;254.649677
2015-02-15 19:32:22;246.316163
2015-02-15 19:32:26;256.579087
2015-02-15 19:32:29;264.050179
2015-02-15 19:32:46;260.123358
2015-02-15 19:33:06;449.300006
2015-02-15 19:33:08;449.300006
2015-02-15 19:33:10;449.300006
2015-02-15 19:33:19;400.309860
2015-02-15 19:33:22;585.448115
2015-02-15 19:33:25;450.329178
2015-02-15 19:33:37;259.578049
2015-02-15 19:33:51;269.839601
2015-02-15 19:35:11;213.416424
2015-02-15 19:35:15;228.969352
2015-02-15 19:35:26;218.093116
2015-02-15 19:35:28;202.107012
2015-02-15 19:37:11;210.466755
2015-02-15 19:37:22;208.575210
2015-02-15 19:38:55;182.000002
2015-02-15 19:39:25;182.000002
2015-02-15 19:39:36;182.000002
2015-02-15 19:40:19;202.680246
2015-02-15 19:40:46;182.061980
2015-02-15 19:41:32;186.139802
2015-02-15 19:41:45;201.340883
2015-02-15 19:41:50;182.361927
2015-02-15 19:42:15;182.845503
2015-02-15 19:42:47;321.077911
2015-02-15 19:42:49;1131.941180
2015-02-15 19:43:11;191.796614
2015-02-15 19:43:32;1204.168224
2015-02-15 19:43:40;504.582250
2015-02-15 19:44:15;182.000001
2015-02-15 19:44:22;182.000002
2015-02-15 19:44:26;182.000002
2015-02-15 19:44:54;209.420272
2015-02-15 19:45:16;182.003559
2015-02-15 19:45:45;183.969330
2015-02-15 19:45:53;183.969330
2015-02-15 19:45:55;183.894853
2015-02-15 19:46:15;183.454454
2015-02-15 19:46:23;190.635626
2015-02-15 19:46:53;182.066396
2015-02-15 19:47:06;182.361765
2015-02-15 19:47:28;182.024145
2015-02-15 19:47:31;182.107830
2015-02-15 19:47:33;184.446693
2015-02-15 19:47:36;205.166027
2015-02-15 19:47:45;205.005423
2015-02-15 19:47:52;242.718724
2015-02-15 19:47:58;208.363187
2015-02-15 19:48:01;186.687864
2015-02-15 19:48:15;192.785042
2015-02-15 19:49:00;182.000301
2015-02-15 19:49:09;216.190582
2015-02-15 19:49:12;216.190582
2015-02-15 19:49:20;216.190582
2015-02-15 19:49:22;197.102683
2015-02-15 19:49:33;197.102683
2015-02-15 19:49:46;222.722011
2015-02-15 19:49:57;183.565639
2015-02-15 19:50:11;279.084050
2015-02-15 19:50:25;192.972709
2015-02-15 19:50:37;367.607938
2015-02-15 19:50:43;368.545338
2015-02-15 19:51:22;372.463805
2015-02-15 19:51:31;377.054755
2015-02-15 19:51:32;377.054755
2015-02-15 19:51:52;298.404084
2015-02-15 19:52:23;245.667631
2015-02-15 19:52:51;227.572312
2015-02-15 19:53:01;267.162148
2015-02-15 19:53:05;267.547083
2015-02-15 19:53:28;278.054379
2015-02-15 19:53:35;198.001615
2015-02-15 19:54:11;238.956786
2015-02-15 19:54:21;362.734348
2015-02-15 19:54:42;427.511903
2015-02-15 19:56:55;182.000000
2015-02-15 19:57:36;182.000000
2015-02-15 19:57:41;182.000000
2015-02-15 19:58:13;182.000000
2015-02-15 19:58:23;182.000000
2015-02-15 19:58:55;182.000000
2015-02-15 20:01:25;195.411271
2015-02-15 20:02:58;182.104726
2015-02-15 20:03:03;183.196116
2015-02-15 20:03:39;182.145755
2015-02-15 20:03:41;182.607974
2015-02-15 20:04:19;223.732470
2015-02-15 20:04:44;223.086295
2015-02-15 20:04:48;223.019755
2015-02-15 20:04:52;250.977134
2015-02-15 20:05:22;337.450541
2015-02-15 20:05:33;337.450541
2015-02-15 20:05:37;276.985040
2015-02-15 20:05:57;271.266660
2015-02-15 20:06:09;284.744712
2015-02-15 20:06:13;321.138147
2015-02-15 20:06:45;321.138147
2015-02-15 20:07:03;241.967219
2015-02-15 20:07:05;250.752001
2015-02-15 20:07:08;288.031019
2015-02-15 20:07:19;276.269503
2015-02-15 20:07:36;276.923722
2015-02-15 20:07:38;361.335064
2015-02-15 20:07:45;421.961381
2015-02-15 20:07:48;300.452808
2015-02-15 20:07:51;350.818014
2015-02-15 20:07:56;500.516162
2015-02-15 20:07:56;500.516162
2015-02-15 20:07:59;500.516162
2015-02-15 20:08:03;261.287483
2015-02-15 20:08:07;261.287483
2015-02-15 20:08:22;268.218836
2015-02-15 20:08:29;278.625538
2015-02-15 20:08:33;320.661998
2015-02-15 20:08:38;287.561488
2015-02-15 20:08:45;287.561488
2015-02-15 20:08:53;280.279701
2015-02-15 20:09:00;316.322716
2015-02-15 20:09:09;316.322716
2015-02-15 20:09:11;396.529191
2015-02-15 20:09:24;274.426186
2015-02-15 20:09:45;287.044428
2015-02-15 20:10:03;182.014717
2015-02-15 20:10:12;182.000000
2015-02-15 20:10:23;182.000000
2015-02-15 20:10:25;182.000000
2015-02-15 20:10:42;182.000000
2015-02-15 20:10:43;182.000000
2015-02-15 20:10:45;182.000000
2015-02-15 20:10:59;182.000000
2015-02-15 20:11:20;182.000000
2015-02-15 20:11:23;182.000000
2015-02-15 20:11:27;182.000000
2015-02-15 20:11:37;182.000000
2015-02-15 20:11:41;182.000000
2015-02-15 20:12:54;182.000000
2015-02-15 20:13:49;182.126033
2015-02-15 20:13:56;182.118616
2015-02-15 20:14:50;218.905740
2015-02-15 20:14:59;182.697426
2015-02-15 20:15:01;227.985915
2015-02-15 20:15:03;248.409020
2015-02-15 20:15:22;309.003308
2015-02-15 20:15:29;378.930752
2015-02-15 20:15:41;306.115604
2015-02-15 20:16:25;281.564336
2015-02-15 20:16:34;281.834270
2015-02-15 20:18:06;278.873855
2015-02-15 20:18:14;281.243865
2015-02-15 20:18:18;277.182467
2015-02-15 20:18:22;276.419211
2015-02-15 20:18:28;276.401051
2015-02-15 20:18:31;360.908334
2015-02-15 20:20:00;265.216156
2015-02-15 20:20:01;265.216156
2015-02-15 20:21:31;261.958252
2015-02-15 20:21:35;265.037871
2015-02-15 20:22:16;277.891548
2015-02-15 20:22:18;269.358670
2015-02-15 20:23:20;230.663171
2015-02-15 20:23:48;266.735600
2015-02-15 20:24:38;247.503453
2015-02-15 20:25:57;186.593162
2015-02-15 20:26:09;196.581322
2015-02-15 20:26:12;187.264290
2015-02-15 20:26:13;182.908134
2015-02-15 20:26:29;182.071533
2015-02-15 20:26:40;182.311036
2015-02-15 20:26:51;182.081555
2015-02-15 20:27:45;182.301524
2015-02-15 20:27:49;201.376872
2015-02-15 20:28:06;218.234313
2015-02-15 20:28:09;231.728605
2015-02-15 20:28:24;228.059178
2015-02-15 20:28:39;284.034665
2015-02-15 20:28:46;262.518145
2015-02-15 20:29:00;278.600787
2015-02-15 20:29:02;261.667294
2015-02-15 20:29:10;218.626217
2015-02-15 20:29:14;195.977203
2015-02-15 20:29:29;195.790860
2015-02-15 20:29:45;209.666126
2015-02-15 20:29:52;225.324984
2015-02-15 20:29:54;265.114153
2015-02-15 20:29:58;278.856720
2015-02-15 20:30:05;301.887084
2015-02-15 20:30:08;249.078894
2015-02-15 20:30:19;202.110003
2015-02-15 20:30:32;228.171292
2015-02-15 20:30:48;263.768579
2015-02-15 20:30:54;184.199196
2015-02-15 20:31:06;182.000197
2015-02-15 20:31:13;182.028519
2015-02-15 20:31:17;182.000068
2015-02-15 20:31:20;182.000068
2015-02-15 20:31:24;182.000229
2015-02-15 20:31:29;182.000555
2015-02-15 20:31:31;182.000125
2015-02-15 20:31:44;182.000047
2015-02-15 20:31:47;182.000406
2015-02-15 20:32:01;182.000263
2015-02-15 20:32:14;182.007751
2015-02-15 20:32:22;182.000231
2015-02-15 20:32:33;182.000066
2015-02-15 20:32:37;182.000005
2015-02-15 20:33:55;482.687033
2015-02-15 20:34:46;314.759868
2015-02-15 20:34:48;245.462465
2015-02-15 20:35:30;183.423609
2015-02-15 20:35:32;182.000018
2015-02-15 20:35:49;182.000004
2015-02-15 20:36:36;276.559412
2015-02-15 20:37:27;183.141497
2015-02-15 20:37:49;182.505459
2015-02-15 20:38:04;182.054263
2015-02-15 20:38:39;182.056841
2015-02-15 20:38:44;182.009793
2015-02-15 20:39:15;184.821883
2015-02-15 20:39:17;262.611295
2015-02-15 20:39:19;288.778199
2015-02-15 20:39:33;130.415793
2015-02-15 20:40:52;234.691311
2015-02-15 20:40:54;377.295545
2015-02-15 20:42:01;237.774602
2015-02-15 20:43:19;274.589315
2015-02-15 20:43:25;200.027512
2015-02-15 20:43:48;182.581757
2015-02-15 20:43:53;182.000888
2015-02-15 20:44:01;182.000000
2015-02-15 20:44:11;182.000000
2015-02-15 20:44:13;182.000000
2015-02-15 20:44:26;182.000000
2015-02-15 20:44:32;182.000000
2015-02-15 20:45:17;182.000000
2015-02-15 20:45:29;182.000000
2015-02-15 20:45:32;182.000000
2015-02-15 20:45:37;182.000000
2015-02-15 20:45:39;182.000000
2015-02-15 20:45:41;182.000000
2015-02-15 20:47:10;182.000000
2015-02-15 20:47:23;182.000000
2015-02-15 20:49:11;182.291979
2015-02-15 20:50:04;233.404546
2015-02-15 20:50:45;521.833828
2015-02-15 20:51:04;307.232579
2015-02-15 20:51:09;295.030651
2015-02-15 20:51:34;287.230271
2015-02-15 20:51:40;287.230271
2015-02-15 20:52:11;389.546652
2015-02-15 20:55:53;188.924571
2015-02-15 20:58:58;182.000000
2015-02-15 20:59:44;182.000000
2015-02-15 20:59:52;182.000379
