"dateAndTime";"frbsPrediction"
"2015-03-29 00:00:33";366.944204900631
"2015-03-29 00:01:28";366.944204900631
"2015-03-29 00:04:14";366.944204900631
"2015-03-29 00:05:16";366.944204900631
"2015-03-29 00:05:52";366.944204900631
"2015-03-29 00:06:16";513.583686711933
"2015-03-29 00:06:50";392.74877457292
"2015-03-29 00:07:00";392.74877457292
"2015-03-29 00:07:06";392.74877457292
"2015-03-29 00:08:08";392.74877457292
"2015-03-29 00:08:36";1576
"2015-03-29 00:09:26";392.74877457292
"2015-03-29 00:09:59";513.583686711933
"2015-03-29 00:12:03";392.74877457292
"2015-03-29 00:15:08";392.74877457292
"2015-03-29 00:15:41";392.74877457292
"2015-03-29 00:16:34";392.74877457292
"2015-03-29 00:16:57";392.74877457292
"2015-03-29 00:18:12";392.74877457292
"2015-03-29 00:19:58";392.74877457292
"2015-03-29 00:20:08";392.74877457292
"2015-03-29 00:20:19";392.74877457292
"2015-03-29 00:22:50";392.74877457292
"2015-03-29 00:24:42";392.74877457292
"2015-03-29 00:27:53";392.74877457292
"2015-03-29 00:29:45";392.74877457292
"2015-03-29 00:30:53";551.487787900862
"2015-03-29 00:30:53";513.583686711933
"2015-03-29 00:34:38";513.583686711933
"2015-03-29 00:35:10";513.583686711933
"2015-03-29 00:35:15";392.74877457292
"2015-03-29 00:35:26";392.74877457292
"2015-03-29 00:35:51";392.74877457292
"2015-03-29 00:37:24";392.74877457292
"2015-03-29 00:38:26";392.74877457292
"2015-03-29 00:39:41";392.74877457292
"2015-03-29 00:41:21";392.74877457292
"2015-03-29 00:43:12";392.74877457292
"2015-03-29 00:44:42";392.74877457292
"2015-03-29 00:47:42";392.74877457292
"2015-03-29 00:47:43";392.74877457292
"2015-03-29 00:48:37";392.74877457292
"2015-03-29 00:54:02";551.487787900862
"2015-03-29 00:54:06";551.487787900862
"2015-03-29 00:54:53";551.487787900862
"2015-03-29 00:56:55";392.74877457292
"2015-03-29 00:58:37";392.74877457292
"2015-03-29 00:59:20";392.74877457292
"2015-03-29 00:59:57";392.74877457292
"2015-03-29 01:04:15";392.74877457292
"2015-03-29 01:05:47";392.74877457292
"2015-03-29 01:06:00";392.74877457292
"2015-03-29 01:06:04";392.74877457292
"2015-03-29 01:06:05";392.74877457292
"2015-03-29 01:08:07";392.74877457292
"2015-03-29 01:08:10";392.74877457292
"2015-03-29 01:08:28";392.74877457292
"2015-03-29 01:08:31";392.74877457292
"2015-03-29 01:08:33";392.74877457292
"2015-03-29 01:14:52";392.74877457292
"2015-03-29 01:18:11";366.944204900631
"2015-03-29 01:19:21";366.944204900631
"2015-03-29 01:22:36";366.944204900631
"2015-03-29 01:22:54";366.944204900631
"2015-03-29 01:23:54";366.944204900631
"2015-03-29 01:25:02";513.583686711933
"2015-03-29 01:29:34";392.74877457292
"2015-03-29 01:31:34";392.74877457292
"2015-03-29 01:32:08";392.74877457292
"2015-03-29 01:34:24";392.74877457292
"2015-03-29 01:35:13";392.74877457292
"2015-03-29 01:41:13";392.74877457292
"2015-03-29 01:41:29";392.74877457292
"2015-03-29 01:42:20";392.74877457292
"2015-03-29 01:43:03";392.74877457292
"2015-03-29 01:45:43";392.74877457292
"2015-03-29 01:49:15";392.74877457292
"2015-03-29 01:55:24";513.583686711933
"2015-03-29 01:57:23";551.487787900862
"2015-03-29 01:57:44";513.583686711933
"2015-03-29 01:57:52";1576
"2015-03-29 01:58:32";1576
"2015-03-29 01:59:23";392.74877457292
"2015-03-29 03:04:25";366.944204900631
"2015-03-29 03:06:04";366.944204900631
"2015-03-29 03:07:39";513.583686711933
"2015-03-29 03:07:58";392.74877457292
"2015-03-29 03:16:05";392.74877457292
"2015-03-29 03:18:17";392.74877457292
"2015-03-29 03:18:28";392.74877457292
"2015-03-29 03:18:57";392.74877457292
"2015-03-29 03:19:21";392.74877457292
"2015-03-29 03:22:40";392.74877457292
"2015-03-29 03:23:57";392.74877457292
"2015-03-29 03:24:21";392.74877457292
"2015-03-29 03:24:55";392.74877457292
"2015-03-29 03:25:56";392.74877457292
"2015-03-29 03:26:40";392.74877457292
"2015-03-29 03:26:42";308.982608647673
"2015-03-29 03:27:39";392.74877457292
"2015-03-29 03:31:10";392.74877457292
"2015-03-29 03:32:20";392.74877457292
"2015-03-29 03:39:41";392.74877457292
"2015-03-29 03:41:53";551.487787900862
"2015-03-29 03:46:29";513.583686711933
"2015-03-29 03:48:54";392.74877457292
"2015-03-29 03:53:03";392.74877457292
"2015-03-29 03:55:58";392.74877457292
"2015-03-29 03:56:51";392.74877457292
"2015-03-29 03:56:52";392.74877457292
"2015-03-29 03:59:50";308.982608647673
"2015-03-29 04:02:11";308.982608647673
"2015-03-29 04:02:43";392.74877457292
"2015-03-29 04:08:34";308.982608647673
"2015-03-29 04:10:42";308.982608647673
"2015-03-29 04:11:34";392.74877457292
"2015-03-29 04:16:16";392.74877457292
"2015-03-29 04:24:01";551.487787900862
"2015-03-29 04:25:28";392.74877457292
"2015-03-29 04:28:06";392.74877457292
"2015-03-29 04:29:55";392.74877457292
"2015-03-29 04:34:13";392.74877457292
"2015-03-29 04:41:01";308.982608647673
"2015-03-29 04:42:42";392.74877457292
"2015-03-29 04:43:20";392.74877457292
"2015-03-29 04:43:30";392.74877457292
"2015-03-29 04:44:15";392.74877457292
"2015-03-29 04:49:04";392.74877457292
"2015-03-29 04:50:54";392.74877457292
"2015-03-29 04:53:55";392.74877457292
"2015-03-29 04:53:56";392.74877457292
"2015-03-29 04:55:12";392.74877457292
"2015-03-29 04:57:57";392.74877457292
"2015-03-29 05:05:48";392.74877457292
"2015-03-29 05:10:48";392.74877457292
"2015-03-29 05:10:50";392.74877457292
"2015-03-29 05:10:52";392.74877457292
"2015-03-29 05:11:38";392.74877457292
"2015-03-29 05:15:08";366.944204900631
"2015-03-29 05:20:23";366.944204900631
"2015-03-29 05:25:36";513.583686711933
"2015-03-29 05:32:49";392.74877457292
"2015-03-29 05:35:28";392.74877457292
"2015-03-29 05:37:06";392.74877457292
"2015-03-29 05:43:18";392.74877457292
"2015-03-29 05:47:13";392.74877457292
"2015-03-29 05:49:48";366.944204900631
"2015-03-29 06:05:45";392.74877457292
"2015-03-29 06:08:24";513.583686711933
"2015-03-29 06:09:35";392.74877457292
"2015-03-29 06:09:40";392.74877457292
"2015-03-29 06:11:57";392.74877457292
"2015-03-29 06:17:15";392.74877457292
"2015-03-29 06:23:55";392.74877457292
"2015-03-29 06:24:50";392.74877457292
"2015-03-29 06:24:57";392.74877457292
"2015-03-29 06:29:25";392.74877457292
"2015-03-29 06:35:54";551.487787900862
"2015-03-29 06:42:16";513.583686711933
"2015-03-29 06:45:02";392.74877457292
"2015-03-29 07:01:01";392.74877457292
"2015-03-29 07:08:59";392.74877457292
"2015-03-29 07:16:53";392.74877457292
"2015-03-29 07:17:41";366.944204900631
"2015-03-29 07:19:59";366.944204900631
"2015-03-29 07:23:18";392.74877457292
"2015-03-29 07:24:03";366.944204900631
"2015-03-29 07:24:05";366.944204900631
"2015-03-29 07:24:41";392.74877457292
"2015-03-29 07:28:29";366.944204900631
"2015-03-29 07:31:57";366.944204900631
"2015-03-29 07:31:59";366.944204900631
"2015-03-29 07:33:08";366.944204900631
"2015-03-29 07:33:47";366.944204900631
"2015-03-29 07:36:08";366.944204900631
"2015-03-29 07:37:51";366.944204900631
"2015-03-29 07:42:05";366.944204900631
"2015-03-29 07:45:07";366.944204900631
"2015-03-29 07:46:06";366.944204900631
"2015-03-29 07:46:50";366.944204900631
"2015-03-29 07:53:34";366.944204900631
"2015-03-29 07:54:59";392.74877457292
"2015-03-29 07:55:19";308.982608647673
"2015-03-29 07:55:27";392.74877457292
"2015-03-29 07:56:45";392.74877457292
"2015-03-29 07:56:46";366.944204900631
"2015-03-29 07:56:49";366.944204900631
"2015-03-29 07:57:20";366.944204900631
"2015-03-29 07:58:29";297.083417577463
"2015-03-29 08:01:58";297.083417577463
"2015-03-29 08:02:03";297.083417577463
"2015-03-29 08:04:45";297.083417577463
"2015-03-29 08:10:10";297.083417577463
"2015-03-29 08:10:51";297.083417577463
"2015-03-29 08:12:57";297.083417577463
"2015-03-29 08:19:44";297.083417577463
"2015-03-29 08:21:36";297.083417577463
"2015-03-29 08:21:44";297.083417577463
"2015-03-29 08:22:41";297.083417577463
"2015-03-29 08:22:48";297.083417577463
"2015-03-29 08:22:50";297.083417577463
"2015-03-29 08:22:57";297.083417577463
"2015-03-29 08:22:58";297.083417577463
"2015-03-29 08:23:40";366.944204900631
"2015-03-29 08:26:23";366.944204900631
"2015-03-29 08:29:09";392.74877457292
"2015-03-29 08:31:28";392.74877457292
"2015-03-29 08:32:52";366.944204900631
"2015-03-29 08:33:11";366.944204900631
"2015-03-29 08:35:36";366.944204900631
"2015-03-29 08:36:57";366.944204900631
"2015-03-29 08:37:38";366.944204900631
"2015-03-29 08:38:58";366.944204900631
"2015-03-29 08:42:31";366.944204900631
"2015-03-29 08:43:20";366.944204900631
"2015-03-29 08:45:48";366.944204900631
"2015-03-29 08:45:50";297.083417577463
"2015-03-29 08:45:51";297.083417577463
"2015-03-29 08:47:10";297.083417577463
"2015-03-29 08:50:15";297.083417577463
"2015-03-29 08:52:03";297.083417577463
"2015-03-29 08:52:41";297.083417577463
"2015-03-29 08:56:46";297.083417577463
"2015-03-29 09:00:06";297.083417577463
"2015-03-29 09:00:09";297.083417577463
"2015-03-29 09:02:49";297.083417577463
"2015-03-29 09:05:37";297.083417577463
"2015-03-29 09:06:38";297.083417577463
"2015-03-29 09:07:33";297.083417577463
"2015-03-29 09:09:12";297.083417577463
"2015-03-29 09:09:14";366.944204900631
"2015-03-29 09:11:17";366.944204900631
"2015-03-29 09:11:19";366.944204900631
"2015-03-29 09:13:43";297.083417577463
"2015-03-29 09:15:02";297.083417577463
"2015-03-29 09:16:58";297.083417577463
"2015-03-29 09:18:23";297.083417577463
"2015-03-29 09:22:13";297.083417577463
"2015-03-29 09:22:17";297.083417577463
"2015-03-29 09:23:48";297.083417577463
"2015-03-29 09:24:22";366.944204900631
"2015-03-29 09:24:30";366.944204900631
"2015-03-29 09:24:37";366.944204900631
"2015-03-29 09:24:40";366.944204900631
"2015-03-29 09:25:25";366.944204900631
"2015-03-29 09:29:24";366.944204900631
"2015-03-29 09:29:45";366.944204900631
"2015-03-29 09:32:11";366.944204900631
"2015-03-29 09:32:39";366.944204900631
"2015-03-29 09:34:11";366.944204900631
"2015-03-29 09:34:39";366.944204900631
"2015-03-29 09:38:51";392.74877457292
"2015-03-29 09:38:58";366.944204900631
"2015-03-29 09:40:03";366.944204900631
"2015-03-29 09:40:10";366.944204900631
"2015-03-29 09:44:04";297.083417577463
"2015-03-29 09:44:09";297.083417577463
"2015-03-29 09:44:16";297.083417577463
"2015-03-29 09:44:39";297.083417577463
"2015-03-29 09:45:07";366.944204900631
"2015-03-29 09:45:29";366.944204900631
"2015-03-29 09:45:31";366.944204900631
"2015-03-29 09:46:33";366.944204900631
"2015-03-29 09:47:23";297.083417577463
"2015-03-29 09:47:26";297.083417577463
"2015-03-29 09:47:37";297.083417577463
"2015-03-29 09:48:49";297.083417577463
"2015-03-29 09:49:11";297.083417577463
"2015-03-29 09:49:40";297.083417577463
"2015-03-29 09:49:54";297.083417577463
"2015-03-29 09:50:19";297.083417577463
"2015-03-29 09:50:27";297.083417577463
"2015-03-29 09:51:10";297.083417577463
"2015-03-29 09:51:23";297.083417577463
"2015-03-29 09:51:25";297.083417577463
"2015-03-29 09:52:25";297.083417577463
"2015-03-29 09:52:32";297.083417577463
"2015-03-29 09:54:25";297.083417577463
"2015-03-29 09:54:56";366.944204900631
"2015-03-29 09:55:58";297.083417577463
"2015-03-29 09:56:00";392.74877457292
"2015-03-29 09:56:42";366.944204900631
"2015-03-29 09:58:40";366.944204900631
"2015-03-29 10:03:22";297.083417577463
"2015-03-29 10:04:42";297.083417577463
"2015-03-29 10:05:02";297.083417577463
"2015-03-29 10:05:11";297.083417577463
"2015-03-29 10:05:26";392.74877457292
"2015-03-29 10:05:27";366.944204900631
"2015-03-29 10:05:54";366.944204900631
"2015-03-29 10:08:11";366.944204900631
"2015-03-29 10:08:13";297.083417577463
"2015-03-29 10:08:15";297.083417577463
"2015-03-29 10:10:37";297.083417577463
"2015-03-29 10:11:44";366.944204900631
"2015-03-29 10:14:15";366.944204900631
"2015-03-29 10:14:53";366.944204900631
"2015-03-29 10:15:27";366.944204900631
"2015-03-29 10:16:02";366.944204900631
"2015-03-29 10:18:00";366.944204900631
"2015-03-29 10:18:05";366.944204900631
"2015-03-29 10:18:14";366.944204900631
"2015-03-29 10:18:16";366.944204900631
"2015-03-29 10:19:21";297.083417577463
"2015-03-29 10:20:43";366.944204900631
"2015-03-29 10:21:05";366.944204900631
"2015-03-29 10:21:45";366.944204900631
"2015-03-29 10:21:56";366.944204900631
"2015-03-29 10:22:06";366.944204900631
"2015-03-29 10:23:41";366.944204900631
"2015-03-29 10:23:44";392.74877457292
"2015-03-29 10:23:46";366.944204900631
"2015-03-29 10:23:56";366.944204900631
"2015-03-29 10:23:59";366.944204900631
"2015-03-29 10:25:04";366.944204900631
"2015-03-29 10:25:17";513.583686711933
"2015-03-29 10:25:20";392.74877457292
"2015-03-29 10:25:25";392.74877457292
"2015-03-29 10:26:05";392.74877457292
"2015-03-29 10:26:14";392.74877457292
"2015-03-29 10:26:49";392.74877457292
"2015-03-29 10:27:03";366.944204900631
"2015-03-29 10:27:44";366.944204900631
"2015-03-29 10:29:11";366.944204900631
"2015-03-29 10:29:34";366.944204900631
"2015-03-29 10:29:55";366.944204900631
"2015-03-29 10:30:06";366.944204900631
"2015-03-29 10:30:45";366.944204900631
"2015-03-29 10:30:49";366.944204900631
"2015-03-29 10:31:23";366.944204900631
"2015-03-29 10:31:46";366.944204900631
"2015-03-29 10:31:55";366.944204900631
"2015-03-29 10:31:57";366.944204900631
"2015-03-29 10:32:27";366.944204900631
"2015-03-29 10:33:03";297.083417577463
"2015-03-29 10:33:09";297.083417577463
"2015-03-29 10:33:17";297.083417577463
"2015-03-29 10:33:18";297.083417577463
"2015-03-29 10:34:24";366.944204900631
"2015-03-29 10:34:35";392.74877457292
"2015-03-29 10:34:45";392.74877457292
"2015-03-29 10:35:34";366.944204900631
"2015-03-29 10:35:35";366.944204900631
"2015-03-29 10:35:48";366.944204900631
"2015-03-29 10:35:53";366.944204900631
"2015-03-29 10:35:55";366.944204900631
"2015-03-29 10:37:55";366.944204900631
"2015-03-29 10:37:57";366.944204900631
"2015-03-29 10:38:12";366.944204900631
"2015-03-29 10:38:51";366.944204900631
"2015-03-29 10:39:14";366.944204900631
"2015-03-29 10:39:36";366.944204900631
"2015-03-29 10:39:43";297.083417577463
"2015-03-29 10:39:59";297.083417577463
"2015-03-29 10:42:56";297.083417577463
"2015-03-29 10:43:18";366.944204900631
"2015-03-29 10:44:16";366.944204900631
"2015-03-29 10:44:18";366.944204900631
"2015-03-29 10:44:23";366.944204900631
"2015-03-29 10:44:52";366.944204900631
"2015-03-29 10:45:41";366.944204900631
"2015-03-29 10:45:46";366.944204900631
"2015-03-29 10:45:51";366.944204900631
"2015-03-29 10:46:11";366.944204900631
"2015-03-29 10:46:24";366.944204900631
"2015-03-29 10:48:52";366.944204900631
"2015-03-29 10:50:31";366.944204900631
"2015-03-29 10:51:19";297.083417577463
"2015-03-29 10:51:25";297.083417577463
"2015-03-29 10:52:24";297.083417577463
"2015-03-29 10:52:27";297.083417577463
"2015-03-29 10:52:49";513.583686711933
"2015-03-29 10:52:55";392.74877457292
"2015-03-29 10:53:03";392.74877457292
"2015-03-29 10:54:12";392.74877457292
"2015-03-29 10:55:01";366.944204900631
"2015-03-29 10:55:53";366.944204900631
"2015-03-29 10:56:42";308.982608647673
"2015-03-29 10:57:04";392.74877457292
"2015-03-29 10:57:33";392.74877457292
"2015-03-29 10:57:38";392.74877457292
"2015-03-29 10:58:25";513.583686711933
"2015-03-29 10:58:34";392.74877457292
"2015-03-29 10:58:38";551.487787900862
"2015-03-29 10:59:28";513.583686711933
"2015-03-29 10:59:31";392.74877457292
"2015-03-29 10:59:56";392.74877457292
"2015-03-29 11:01:17";392.74877457292
"2015-03-29 11:02:54";392.74877457292
"2015-03-29 11:02:59";308.982608647673
"2015-03-29 11:03:08";392.74877457292
"2015-03-29 11:03:56";392.74877457292
"2015-03-29 11:04:07";392.74877457292
"2015-03-29 11:04:10";392.74877457292
"2015-03-29 11:05:08";392.74877457292
"2015-03-29 11:05:52";392.74877457292
"2015-03-29 11:06:59";392.74877457292
"2015-03-29 11:08:14";392.74877457292
"2015-03-29 11:08:22";366.944204900631
"2015-03-29 11:09:22";366.944204900631
"2015-03-29 11:09:50";366.944204900631
"2015-03-29 11:09:57";366.944204900631
"2015-03-29 11:12:20";392.74877457292
"2015-03-29 11:12:24";366.944204900631
"2015-03-29 11:12:37";366.944204900631
"2015-03-29 11:13:05";366.944204900631
"2015-03-29 11:13:09";366.944204900631
"2015-03-29 11:14:21";366.944204900631
"2015-03-29 11:14:23";366.944204900631
"2015-03-29 11:14:43";513.583686711933
"2015-03-29 11:15:14";392.74877457292
"2015-03-29 11:16:45";392.74877457292
"2015-03-29 11:16:49";392.74877457292
"2015-03-29 11:18:13";392.74877457292
"2015-03-29 11:19:01";392.74877457292
"2015-03-29 11:19:54";392.74877457292
"2015-03-29 11:20:08";392.74877457292
"2015-03-29 11:21:01";392.74877457292
"2015-03-29 11:21:16";392.74877457292
"2015-03-29 11:21:48";392.74877457292
"2015-03-29 11:21:52";392.74877457292
"2015-03-29 11:21:58";392.74877457292
"2015-03-29 11:22:02";392.74877457292
"2015-03-29 11:22:50";392.74877457292
"2015-03-29 11:22:56";392.74877457292
"2015-03-29 11:22:58";392.74877457292
"2015-03-29 11:23:01";392.74877457292
"2015-03-29 11:23:10";366.944204900631
"2015-03-29 11:23:11";366.944204900631
"2015-03-29 11:23:13";366.944204900631
"2015-03-29 11:23:21";297.083417577463
"2015-03-29 11:23:35";366.944204900631
"2015-03-29 11:24:13";392.74877457292
"2015-03-29 11:24:15";392.74877457292
"2015-03-29 11:24:28";366.944204900631
"2015-03-29 11:24:53";366.944204900631
"2015-03-29 11:25:05";392.74877457292
"2015-03-29 11:25:12";392.74877457292
"2015-03-29 11:25:19";392.74877457292
"2015-03-29 11:25:23";392.74877457292
"2015-03-29 11:25:25";392.74877457292
"2015-03-29 11:25:56";392.74877457292
"2015-03-29 11:26:05";392.74877457292
"2015-03-29 11:26:06";392.74877457292
"2015-03-29 11:26:13";392.74877457292
"2015-03-29 11:26:15";392.74877457292
"2015-03-29 11:26:29";366.944204900631
"2015-03-29 11:26:31";297.083417577463
"2015-03-29 11:26:35";297.083417577463
"2015-03-29 11:26:41";297.083417577463
"2015-03-29 11:26:47";297.083417577463
"2015-03-29 11:26:58";297.083417577463
"2015-03-29 11:27:00";297.083417577463
"2015-03-29 11:27:03";297.083417577463
"2015-03-29 11:27:10";297.083417577463
"2015-03-29 11:27:20";297.083417577463
"2015-03-29 11:27:46";297.083417577463
"2015-03-29 11:28:15";297.083417577463
"2015-03-29 11:29:32";297.083417577463
"2015-03-29 11:30:11";366.944204900631
"2015-03-29 11:32:01";366.944204900631
"2015-03-29 11:32:05";366.944204900631
"2015-03-29 11:32:27";551.487787900862
"2015-03-29 11:32:34";513.583686711933
"2015-03-29 11:32:51";392.74877457292
"2015-03-29 11:33:00";551.487787900862
"2015-03-29 11:33:06";392.74877457292
"2015-03-29 11:33:59";392.74877457292
"2015-03-29 11:34:01";392.74877457292
"2015-03-29 11:34:06";392.74877457292
"2015-03-29 11:35:03";392.74877457292
"2015-03-29 11:35:07";392.74877457292
"2015-03-29 11:35:41";392.74877457292
"2015-03-29 11:35:46";392.74877457292
"2015-03-29 11:36:19";392.74877457292
"2015-03-29 11:37:12";392.74877457292
"2015-03-29 11:37:20";392.74877457292
"2015-03-29 11:38:02";392.74877457292
"2015-03-29 11:38:19";392.74877457292
"2015-03-29 11:38:47";392.74877457292
"2015-03-29 11:40:27";392.74877457292
"2015-03-29 11:41:41";392.74877457292
"2015-03-29 11:42:15";392.74877457292
"2015-03-29 11:42:52";513.583686711933
"2015-03-29 11:42:54";392.74877457292
"2015-03-29 11:44:08";392.74877457292
"2015-03-29 11:44:15";392.74877457292
"2015-03-29 11:44:54";392.74877457292
"2015-03-29 11:46:45";392.74877457292
"2015-03-29 11:46:46";392.74877457292
"2015-03-29 11:47:10";392.74877457292
"2015-03-29 11:47:31";392.74877457292
"2015-03-29 11:48:19";392.74877457292
"2015-03-29 11:48:51";392.74877457292
"2015-03-29 11:48:56";392.74877457292
"2015-03-29 11:49:22";513.583686711933
"2015-03-29 11:49:31";392.74877457292
"2015-03-29 11:49:36";392.74877457292
"2015-03-29 11:49:39";392.74877457292
"2015-03-29 11:50:02";392.74877457292
"2015-03-29 11:50:04";392.74877457292
"2015-03-29 11:50:10";392.74877457292
"2015-03-29 11:51:14";392.74877457292
"2015-03-29 11:51:56";392.74877457292
"2015-03-29 11:52:04";392.74877457292
"2015-03-29 11:52:43";392.74877457292
"2015-03-29 11:53:03";392.74877457292
"2015-03-29 11:53:18";392.74877457292
"2015-03-29 11:53:41";392.74877457292
"2015-03-29 11:53:48";392.74877457292
"2015-03-29 11:54:05";392.74877457292
"2015-03-29 11:54:12";392.74877457292
"2015-03-29 11:54:18";392.74877457292
"2015-03-29 11:54:20";392.74877457292
"2015-03-29 11:54:32";392.74877457292
"2015-03-29 11:54:41";392.74877457292
"2015-03-29 11:54:46";392.74877457292
"2015-03-29 11:54:51";392.74877457292
"2015-03-29 11:55:06";392.74877457292
"2015-03-29 11:55:14";392.74877457292
"2015-03-29 11:55:18";392.74877457292
"2015-03-29 11:55:33";392.74877457292
"2015-03-29 11:55:46";392.74877457292
"2015-03-29 11:56:09";392.74877457292
"2015-03-29 11:56:55";392.74877457292
"2015-03-29 11:56:58";366.944204900631
"2015-03-29 11:57:01";366.944204900631
"2015-03-29 11:57:43";366.944204900631
"2015-03-29 11:57:51";366.944204900631
"2015-03-29 11:57:57";366.944204900631
"2015-03-29 11:58:03";366.944204900631
"2015-03-29 11:58:05";366.944204900631
"2015-03-29 11:59:09";366.944204900631
"2015-03-29 11:59:45";392.74877457292
"2015-03-29 12:00:00";366.944204900631
"2015-03-29 12:00:03";366.944204900631
"2015-03-29 12:00:05";366.944204900631
"2015-03-29 12:00:18";366.944204900631
"2015-03-29 12:00:24";366.944204900631
"2015-03-29 12:01:55";366.944204900631
"2015-03-29 12:02:40";366.944204900631
"2015-03-29 12:04:30";392.74877457292
"2015-03-29 12:04:57";392.74877457292
"2015-03-29 12:07:07";392.74877457292
"2015-03-29 12:07:28";366.944204900631
"2015-03-29 12:07:56";366.944204900631
"2015-03-29 12:08:23";366.944204900631
"2015-03-29 12:08:35";392.74877457292
"2015-03-29 12:08:38";366.944204900631
"2015-03-29 12:08:43";366.944204900631
"2015-03-29 12:08:58";366.944204900631
"2015-03-29 12:09:17";366.944204900631
"2015-03-29 12:09:32";366.944204900631
"2015-03-29 12:09:34";297.083417577463
"2015-03-29 12:10:16";297.083417577463
"2015-03-29 12:10:17";297.083417577463
"2015-03-29 12:10:28";297.083417577463
"2015-03-29 12:11:31";297.083417577463
"2015-03-29 12:11:38";297.083417577463
"2015-03-29 12:12:40";297.083417577463
"2015-03-29 12:13:05";297.083417577463
"2015-03-29 12:14:37";297.083417577463
"2015-03-29 12:14:47";297.083417577463
"2015-03-29 12:14:51";297.083417577463
"2015-03-29 12:16:22";297.083417577463
"2015-03-29 12:16:58";297.083417577463
"2015-03-29 12:17:01";513.583686711933
"2015-03-29 12:17:49";392.74877457292
"2015-03-29 12:18:10";392.74877457292
"2015-03-29 12:18:53";392.74877457292
"2015-03-29 12:19:05";366.944204900631
"2015-03-29 12:20:00";392.74877457292
"2015-03-29 12:20:11";366.944204900631
"2015-03-29 12:20:17";366.944204900631
"2015-03-29 12:20:26";392.74877457292
"2015-03-29 12:20:30";392.74877457292
"2015-03-29 12:20:59";392.74877457292
"2015-03-29 12:21:01";366.944204900631
"2015-03-29 12:21:03";392.74877457292
"2015-03-29 12:21:14";366.944204900631
"2015-03-29 12:21:34";366.944204900631
"2015-03-29 12:21:38";366.944204900631
"2015-03-29 12:22:44";392.74877457292
"2015-03-29 12:22:45";392.74877457292
"2015-03-29 12:22:47";392.74877457292
"2015-03-29 12:23:03";392.74877457292
"2015-03-29 12:23:24";366.944204900631
"2015-03-29 12:23:45";366.944204900631
"2015-03-29 12:23:54";366.944204900631
"2015-03-29 12:24:06";366.944204900631
"2015-03-29 12:24:34";366.944204900631
"2015-03-29 12:24:36";366.944204900631
"2015-03-29 12:24:38";366.944204900631
"2015-03-29 12:24:42";366.944204900631
"2015-03-29 12:24:44";366.944204900631
"2015-03-29 12:24:46";366.944204900631
"2015-03-29 12:24:58";366.944204900631
"2015-03-29 12:25:01";366.944204900631
"2015-03-29 12:25:03";366.944204900631
"2015-03-29 12:25:07";366.944204900631
"2015-03-29 12:25:11";366.944204900631
"2015-03-29 12:25:12";366.944204900631
"2015-03-29 12:25:29";366.944204900631
"2015-03-29 12:26:06";366.944204900631
"2015-03-29 12:26:59";366.944204900631
"2015-03-29 12:27:02";366.944204900631
"2015-03-29 12:27:06";366.944204900631
"2015-03-29 12:27:40";297.083417577463
"2015-03-29 12:28:11";366.944204900631
"2015-03-29 12:28:35";392.74877457292
"2015-03-29 12:29:00";392.74877457292
"2015-03-29 12:29:07";392.74877457292
"2015-03-29 12:29:45";392.74877457292
"2015-03-29 12:30:04";392.74877457292
"2015-03-29 12:30:19";392.74877457292
"2015-03-29 12:32:14";392.74877457292
"2015-03-29 12:32:18";513.583686711933
"2015-03-29 12:32:27";392.74877457292
"2015-03-29 12:32:51";392.74877457292
"2015-03-29 12:33:05";392.74877457292
"2015-03-29 12:33:32";392.74877457292
"2015-03-29 12:33:34";392.74877457292
"2015-03-29 12:33:54";392.74877457292
"2015-03-29 12:34:13";392.74877457292
"2015-03-29 12:36:00";392.74877457292
"2015-03-29 12:36:08";392.74877457292
"2015-03-29 12:36:54";392.74877457292
"2015-03-29 12:37:02";392.74877457292
"2015-03-29 12:37:05";392.74877457292
"2015-03-29 12:37:27";392.74877457292
"2015-03-29 12:37:39";366.944204900631
"2015-03-29 12:38:38";366.944204900631
"2015-03-29 12:38:54";366.944204900631
"2015-03-29 12:39:20";366.944204900631
"2015-03-29 12:39:25";366.944204900631
"2015-03-29 12:39:28";366.944204900631
"2015-03-29 12:39:48";366.944204900631
"2015-03-29 12:40:16";366.944204900631
"2015-03-29 12:40:22";366.944204900631
"2015-03-29 12:41:26";366.944204900631
"2015-03-29 12:41:30";366.944204900631
"2015-03-29 12:41:34";366.944204900631
"2015-03-29 12:42:11";366.944204900631
"2015-03-29 12:43:13";366.944204900631
"2015-03-29 12:43:34";366.944204900631
"2015-03-29 12:43:47";392.74877457292
"2015-03-29 12:44:21";392.74877457292
"2015-03-29 12:44:23";392.74877457292
"2015-03-29 12:45:21";392.74877457292
"2015-03-29 12:45:31";366.944204900631
"2015-03-29 12:46:10";366.944204900631
"2015-03-29 12:46:13";513.583686711933
"2015-03-29 12:46:51";392.74877457292
"2015-03-29 12:47:31";392.74877457292
"2015-03-29 12:47:34";392.74877457292
"2015-03-29 12:48:23";366.944204900631
"2015-03-29 12:48:32";366.944204900631
"2015-03-29 12:48:35";366.944204900631
"2015-03-29 12:48:37";366.944204900631
"2015-03-29 12:49:22";366.944204900631
"2015-03-29 12:49:26";366.944204900631
"2015-03-29 12:49:30";366.944204900631
"2015-03-29 12:49:33";366.944204900631
"2015-03-29 12:49:35";366.944204900631
"2015-03-29 12:49:40";366.944204900631
"2015-03-29 12:49:42";366.944204900631
"2015-03-29 12:49:54";366.944204900631
"2015-03-29 12:49:59";366.944204900631
"2015-03-29 12:50:10";366.944204900631
"2015-03-29 12:50:13";366.944204900631
"2015-03-29 12:50:16";366.944204900631
"2015-03-29 12:50:19";366.944204900631
"2015-03-29 12:50:24";297.083417577463
"2015-03-29 12:50:30";297.083417577463
"2015-03-29 12:54:13";297.083417577463
"2015-03-29 12:54:46";366.944204900631
"2015-03-29 12:55:40";513.583686711933
"2015-03-29 12:55:42";392.74877457292
"2015-03-29 12:55:44";392.74877457292
"2015-03-29 12:55:46";392.74877457292
"2015-03-29 12:55:48";392.74877457292
"2015-03-29 12:57:06";392.74877457292
"2015-03-29 12:57:42";392.74877457292
"2015-03-29 12:58:22";392.74877457292
"2015-03-29 12:58:25";392.74877457292
"2015-03-29 12:59:17";392.74877457292
"2015-03-29 12:59:26";392.74877457292
"2015-03-29 12:59:45";392.74877457292
"2015-03-29 12:59:52";392.74877457292
"2015-03-29 13:00:21";392.74877457292
"2015-03-29 13:00:25";392.74877457292
"2015-03-29 13:00:29";392.74877457292
"2015-03-29 13:01:19";392.74877457292
"2015-03-29 13:01:44";392.74877457292
"2015-03-29 13:01:57";392.74877457292
"2015-03-29 13:02:11";392.74877457292
"2015-03-29 13:02:14";392.74877457292
"2015-03-29 13:02:29";392.74877457292
"2015-03-29 13:02:31";392.74877457292
"2015-03-29 13:02:33";551.487787900862
"2015-03-29 13:02:47";513.583686711933
"2015-03-29 13:03:34";392.74877457292
"2015-03-29 13:04:05";392.74877457292
"2015-03-29 13:04:14";392.74877457292
"2015-03-29 13:05:20";392.74877457292
"2015-03-29 13:05:28";392.74877457292
"2015-03-29 13:06:40";392.74877457292
"2015-03-29 13:06:44";392.74877457292
"2015-03-29 13:06:51";392.74877457292
"2015-03-29 13:06:55";392.74877457292
"2015-03-29 13:06:58";392.74877457292
"2015-03-29 13:06:59";392.74877457292
"2015-03-29 13:07:31";392.74877457292
"2015-03-29 13:07:45";392.74877457292
"2015-03-29 13:07:56";392.74877457292
"2015-03-29 13:08:04";392.74877457292
"2015-03-29 13:08:18";392.74877457292
"2015-03-29 13:08:20";392.74877457292
"2015-03-29 13:08:42";366.944204900631
"2015-03-29 13:08:56";366.944204900631
"2015-03-29 13:09:16";513.583686711933
"2015-03-29 13:09:34";392.74877457292
"2015-03-29 13:10:08";392.74877457292
"2015-03-29 13:10:10";392.74877457292
"2015-03-29 13:10:49";392.74877457292
"2015-03-29 13:11:14";392.74877457292
"2015-03-29 13:13:23";392.74877457292
"2015-03-29 13:13:28";392.74877457292
"2015-03-29 13:14:37";392.74877457292
"2015-03-29 13:14:44";392.74877457292
"2015-03-29 13:14:46";392.74877457292
"2015-03-29 13:14:49";392.74877457292
"2015-03-29 13:15:07";392.74877457292
"2015-03-29 13:15:14";366.944204900631
"2015-03-29 13:16:02";366.944204900631
"2015-03-29 13:16:18";366.944204900631
"2015-03-29 13:16:49";366.944204900631
"2015-03-29 13:16:56";366.944204900631
"2015-03-29 13:17:01";366.944204900631
"2015-03-29 13:17:07";366.944204900631
"2015-03-29 13:17:17";366.944204900631
"2015-03-29 13:17:30";366.944204900631
"2015-03-29 13:18:31";366.944204900631
"2015-03-29 13:18:42";366.944204900631
"2015-03-29 13:18:59";366.944204900631
"2015-03-29 13:19:03";366.944204900631
"2015-03-29 13:19:14";366.944204900631
"2015-03-29 13:19:20";366.944204900631
"2015-03-29 13:19:24";366.944204900631
"2015-03-29 13:20:09";513.583686711933
"2015-03-29 13:20:09";551.487787900862
"2015-03-29 13:20:54";392.74877457292
"2015-03-29 13:21:28";392.74877457292
"2015-03-29 13:21:56";392.74877457292
"2015-03-29 13:21:59";392.74877457292
"2015-03-29 13:22:10";392.74877457292
"2015-03-29 13:22:42";392.74877457292
"2015-03-29 13:22:48";392.74877457292
"2015-03-29 13:23:05";392.74877457292
"2015-03-29 13:23:09";392.74877457292
"2015-03-29 13:23:12";392.74877457292
"2015-03-29 13:23:24";392.74877457292
"2015-03-29 13:23:26";392.74877457292
"2015-03-29 13:23:27";392.74877457292
"2015-03-29 13:23:30";392.74877457292
"2015-03-29 13:23:31";392.74877457292
"2015-03-29 13:23:57";392.74877457292
"2015-03-29 13:24:00";392.74877457292
"2015-03-29 13:24:04";392.74877457292
"2015-03-29 13:24:10";392.74877457292
"2015-03-29 13:24:35";392.74877457292
"2015-03-29 13:24:52";392.74877457292
"2015-03-29 13:25:00";392.74877457292
"2015-03-29 13:25:03";392.74877457292
"2015-03-29 13:25:10";392.74877457292
"2015-03-29 13:25:18";392.74877457292
"2015-03-29 13:25:22";366.944204900631
"2015-03-29 13:25:37";366.944204900631
"2015-03-29 13:25:39";513.583686711933
"2015-03-29 13:25:55";392.74877457292
"2015-03-29 13:25:58";392.74877457292
"2015-03-29 13:26:04";392.74877457292
"2015-03-29 13:26:10";392.74877457292
"2015-03-29 13:26:18";392.74877457292
"2015-03-29 13:26:22";392.74877457292
"2015-03-29 13:27:27";392.74877457292
"2015-03-29 13:27:49";392.74877457292
"2015-03-29 13:27:58";392.74877457292
"2015-03-29 13:28:46";392.74877457292
"2015-03-29 13:28:54";392.74877457292
"2015-03-29 13:29:20";392.74877457292
"2015-03-29 13:29:55";392.74877457292
"2015-03-29 13:29:56";513.583686711933
"2015-03-29 13:30:00";392.74877457292
"2015-03-29 13:30:04";551.487787900862
"2015-03-29 13:30:09";513.583686711933
"2015-03-29 13:30:24";392.74877457292
"2015-03-29 13:30:26";392.74877457292
"2015-03-29 13:30:59";392.74877457292
"2015-03-29 13:31:18";392.74877457292
"2015-03-29 13:32:22";392.74877457292
"2015-03-29 13:32:51";392.74877457292
"2015-03-29 13:33:07";392.74877457292
"2015-03-29 13:33:34";392.74877457292
"2015-03-29 13:35:06";392.74877457292
"2015-03-29 13:35:14";392.74877457292
"2015-03-29 13:35:15";392.74877457292
"2015-03-29 13:35:21";392.74877457292
"2015-03-29 13:35:57";392.74877457292
"2015-03-29 13:36:13";392.74877457292
"2015-03-29 13:36:20";392.74877457292
"2015-03-29 13:36:21";392.74877457292
"2015-03-29 13:36:37";392.74877457292
"2015-03-29 13:36:45";392.74877457292
"2015-03-29 13:36:50";392.74877457292
"2015-03-29 13:36:53";392.74877457292
"2015-03-29 13:37:24";392.74877457292
"2015-03-29 13:37:33";392.74877457292
"2015-03-29 13:37:38";392.74877457292
"2015-03-29 13:37:46";392.74877457292
"2015-03-29 13:38:18";392.74877457292
"2015-03-29 13:38:43";392.74877457292
"2015-03-29 13:39:04";392.74877457292
"2015-03-29 13:39:07";392.74877457292
"2015-03-29 13:39:12";392.74877457292
"2015-03-29 13:39:16";392.74877457292
"2015-03-29 13:39:18";392.74877457292
"2015-03-29 13:40:10";551.487787900862
"2015-03-29 13:40:18";513.583686711933
"2015-03-29 13:40:39";392.74877457292
"2015-03-29 13:40:41";392.74877457292
"2015-03-29 13:40:43";392.74877457292
"2015-03-29 13:40:45";392.74877457292
"2015-03-29 13:40:53";392.74877457292
"2015-03-29 13:41:03";392.74877457292
"2015-03-29 13:41:27";551.487787900862
"2015-03-29 13:41:49";513.583686711933
"2015-03-29 13:42:23";392.74877457292
"2015-03-29 13:42:52";392.74877457292
"2015-03-29 13:42:54";392.74877457292
"2015-03-29 13:42:58";392.74877457292
"2015-03-29 13:43:00";392.74877457292
"2015-03-29 13:43:03";392.74877457292
"2015-03-29 13:43:39";392.74877457292
"2015-03-29 13:44:15";551.487787900862
"2015-03-29 13:44:32";513.583686711933
"2015-03-29 13:44:36";392.74877457292
"2015-03-29 13:44:42";392.74877457292
"2015-03-29 13:44:46";392.74877457292
"2015-03-29 13:44:51";392.74877457292
"2015-03-29 13:44:57";392.74877457292
"2015-03-29 13:45:09";392.74877457292
"2015-03-29 13:45:20";392.74877457292
"2015-03-29 13:45:30";392.74877457292
"2015-03-29 13:45:36";392.74877457292
"2015-03-29 13:45:52";392.74877457292
"2015-03-29 13:46:03";392.74877457292
"2015-03-29 13:46:21";392.74877457292
"2015-03-29 13:47:15";392.74877457292
"2015-03-29 13:47:17";392.74877457292
"2015-03-29 13:47:19";392.74877457292
"2015-03-29 13:47:23";392.74877457292
"2015-03-29 13:47:31";392.74877457292
"2015-03-29 13:47:38";392.74877457292
"2015-03-29 13:47:45";392.74877457292
"2015-03-29 13:47:49";392.74877457292
"2015-03-29 13:48:35";392.74877457292
"2015-03-29 13:48:47";392.74877457292
"2015-03-29 13:48:52";392.74877457292
"2015-03-29 13:48:55";392.74877457292
"2015-03-29 13:49:00";392.74877457292
"2015-03-29 13:49:03";392.74877457292
"2015-03-29 13:49:12";392.74877457292
"2015-03-29 13:49:52";392.74877457292
"2015-03-29 13:50:14";392.74877457292
"2015-03-29 13:50:23";392.74877457292
"2015-03-29 13:50:35";392.74877457292
"2015-03-29 13:50:56";392.74877457292
"2015-03-29 13:51:13";366.944204900631
"2015-03-29 13:51:39";513.583686711933
"2015-03-29 13:51:53";392.74877457292
"2015-03-29 13:52:21";392.74877457292
"2015-03-29 13:52:37";392.74877457292
"2015-03-29 13:52:46";392.74877457292
"2015-03-29 13:53:53";366.944204900631
"2015-03-29 13:53:57";392.74877457292
"2015-03-29 13:54:02";366.944204900631
"2015-03-29 13:54:04";366.944204900631
"2015-03-29 13:54:06";366.944204900631
"2015-03-29 13:54:14";366.944204900631
"2015-03-29 13:54:27";366.944204900631
"2015-03-29 13:54:37";366.944204900631
"2015-03-29 13:54:53";366.944204900631
"2015-03-29 13:54:59";366.944204900631
"2015-03-29 13:55:15";366.944204900631
"2015-03-29 13:55:47";366.944204900631
"2015-03-29 13:56:21";366.944204900631
"2015-03-29 13:56:40";366.944204900631
"2015-03-29 13:56:43";366.944204900631
"2015-03-29 13:56:50";366.944204900631
"2015-03-29 13:56:58";297.083417577463
"2015-03-29 13:57:09";366.944204900631
"2015-03-29 13:57:50";366.944204900631
"2015-03-29 13:58:05";366.944204900631
"2015-03-29 13:58:12";366.944204900631
"2015-03-29 13:58:17";366.944204900631
"2015-03-29 13:58:31";366.944204900631
"2015-03-29 13:58:51";366.944204900631
"2015-03-29 13:59:17";366.944204900631
"2015-03-29 13:59:43";366.944204900631
"2015-03-29 13:59:45";366.944204900631
"2015-03-29 13:59:47";366.944204900631
"2015-03-29 13:59:49";366.944204900631
"2015-03-29 13:59:52";366.944204900631
"2015-03-29 13:59:53";366.944204900631
"2015-03-29 13:59:57";297.083417577463
"2015-03-29 13:59:57";297.083417577463
"2015-03-29 14:00:15";297.083417577463
"2015-03-29 14:00:19";297.083417577463
"2015-03-29 14:00:22";297.083417577463
"2015-03-29 14:00:24";297.083417577463
"2015-03-29 14:00:37";297.083417577463
"2015-03-29 14:00:51";297.083417577463
"2015-03-29 14:00:54";297.083417577463
"2015-03-29 14:01:04";297.083417577463
"2015-03-29 14:01:05";297.083417577463
"2015-03-29 14:01:09";297.083417577463
"2015-03-29 14:01:11";297.083417577463
"2015-03-29 14:01:23";297.083417577463
"2015-03-29 14:01:36";513.583686711933
"2015-03-29 14:01:41";392.74877457292
"2015-03-29 14:02:28";392.74877457292
"2015-03-29 14:02:31";392.74877457292
"2015-03-29 14:02:34";392.74877457292
"2015-03-29 14:02:43";392.74877457292
"2015-03-29 14:02:46";366.944204900631
"2015-03-29 14:03:40";513.583686711933
"2015-03-29 14:04:14";392.74877457292
"2015-03-29 14:04:22";392.74877457292
"2015-03-29 14:04:36";392.74877457292
"2015-03-29 14:04:45";392.74877457292
"2015-03-29 14:04:47";366.944204900631
"2015-03-29 14:05:00";366.944204900631
"2015-03-29 14:05:20";366.944204900631
"2015-03-29 14:05:24";366.944204900631
"2015-03-29 14:05:40";513.583686711933
"2015-03-29 14:06:16";392.74877457292
"2015-03-29 14:06:24";392.74877457292
"2015-03-29 14:07:11";392.74877457292
"2015-03-29 14:07:11";392.74877457292
"2015-03-29 14:07:43";551.487787900862
"2015-03-29 14:08:43";513.583686711933
"2015-03-29 14:09:03";392.74877457292
"2015-03-29 14:09:13";392.74877457292
"2015-03-29 14:09:20";392.74877457292
"2015-03-29 14:09:42";392.74877457292
"2015-03-29 14:09:54";392.74877457292
"2015-03-29 14:10:07";392.74877457292
"2015-03-29 14:10:11";392.74877457292
"2015-03-29 14:10:17";392.74877457292
"2015-03-29 14:10:25";392.74877457292
"2015-03-29 14:10:37";551.487787900862
"2015-03-29 14:10:42";513.583686711933
"2015-03-29 14:10:44";392.74877457292
"2015-03-29 14:10:52";392.74877457292
"2015-03-29 14:11:00";392.74877457292
"2015-03-29 14:11:09";392.74877457292
"2015-03-29 14:11:18";551.487787900862
"2015-03-29 14:11:33";392.74877457292
"2015-03-29 14:11:56";392.74877457292
"2015-03-29 14:12:12";392.74877457292
"2015-03-29 14:12:16";392.74877457292
"2015-03-29 14:12:33";392.74877457292
"2015-03-29 14:12:56";392.74877457292
"2015-03-29 14:12:58";392.74877457292
"2015-03-29 14:13:07";392.74877457292
"2015-03-29 14:13:16";392.74877457292
"2015-03-29 14:13:21";392.74877457292
"2015-03-29 14:13:50";392.74877457292
"2015-03-29 14:13:52";392.74877457292
"2015-03-29 14:13:58";551.487787900862
"2015-03-29 14:13:59";392.74877457292
"2015-03-29 14:14:13";392.74877457292
"2015-03-29 14:14:16";392.74877457292
"2015-03-29 14:14:21";392.74877457292
"2015-03-29 14:14:23";392.74877457292
"2015-03-29 14:14:44";392.74877457292
"2015-03-29 14:15:12";392.74877457292
"2015-03-29 14:15:18";392.74877457292
"2015-03-29 14:15:22";392.74877457292
"2015-03-29 14:15:38";392.74877457292
"2015-03-29 14:16:14";392.74877457292
"2015-03-29 14:16:21";392.74877457292
"2015-03-29 14:16:24";392.74877457292
"2015-03-29 14:16:46";392.74877457292
"2015-03-29 14:16:48";392.74877457292
"2015-03-29 14:17:04";392.74877457292
"2015-03-29 14:17:07";392.74877457292
"2015-03-29 14:17:08";551.487787900862
"2015-03-29 14:17:32";513.583686711933
"2015-03-29 14:17:46";392.74877457292
"2015-03-29 14:17:53";392.74877457292
"2015-03-29 14:18:04";392.74877457292
"2015-03-29 14:18:47";392.74877457292
"2015-03-29 14:18:49";392.74877457292
"2015-03-29 14:18:56";392.74877457292
"2015-03-29 14:18:58";392.74877457292
"2015-03-29 14:19:25";392.74877457292
"2015-03-29 14:19:27";392.74877457292
"2015-03-29 14:19:29";392.74877457292
"2015-03-29 14:20:17";392.74877457292
"2015-03-29 14:20:31";392.74877457292
"2015-03-29 14:20:37";392.74877457292
"2015-03-29 14:20:59";392.74877457292
"2015-03-29 14:21:03";392.74877457292
"2015-03-29 14:21:47";392.74877457292
"2015-03-29 14:21:56";392.74877457292
"2015-03-29 14:22:00";392.74877457292
"2015-03-29 14:22:37";392.74877457292
"2015-03-29 14:22:39";392.74877457292
"2015-03-29 14:22:41";392.74877457292
"2015-03-29 14:22:42";392.74877457292
"2015-03-29 14:23:19";392.74877457292
"2015-03-29 14:23:47";392.74877457292
"2015-03-29 14:23:50";392.74877457292
"2015-03-29 14:23:55";392.74877457292
"2015-03-29 14:24:00";392.74877457292
"2015-03-29 14:24:06";392.74877457292
"2015-03-29 14:24:08";392.74877457292
"2015-03-29 14:24:12";392.74877457292
"2015-03-29 14:24:22";366.944204900631
"2015-03-29 14:24:46";366.944204900631
"2015-03-29 14:24:49";366.944204900631
"2015-03-29 14:24:52";513.583686711933
"2015-03-29 14:24:59";392.74877457292
"2015-03-29 14:25:07";392.74877457292
"2015-03-29 14:25:14";392.74877457292
"2015-03-29 14:25:16";392.74877457292
"2015-03-29 14:25:29";392.74877457292
"2015-03-29 14:25:32";366.944204900631
"2015-03-29 14:25:37";366.944204900631
"2015-03-29 14:25:43";366.944204900631
"2015-03-29 14:25:48";366.944204900631
"2015-03-29 14:26:00";366.944204900631
"2015-03-29 14:26:07";366.944204900631
"2015-03-29 14:26:18";366.944204900631
"2015-03-29 14:26:26";366.944204900631
"2015-03-29 14:26:34";366.944204900631
"2015-03-29 14:26:52";366.944204900631
"2015-03-29 14:26:59";366.944204900631
"2015-03-29 14:27:03";366.944204900631
"2015-03-29 14:27:06";366.944204900631
"2015-03-29 14:27:11";366.944204900631
"2015-03-29 14:27:35";366.944204900631
"2015-03-29 14:27:38";366.944204900631
"2015-03-29 14:27:49";366.944204900631
"2015-03-29 14:27:56";366.944204900631
"2015-03-29 14:28:00";366.944204900631
"2015-03-29 14:28:13";366.944204900631
"2015-03-29 14:28:23";366.944204900631
"2015-03-29 14:28:28";366.944204900631
"2015-03-29 14:28:47";297.083417577463
"2015-03-29 14:29:00";297.083417577463
"2015-03-29 14:29:05";366.944204900631
"2015-03-29 14:29:32";392.74877457292
"2015-03-29 14:29:42";392.74877457292
"2015-03-29 14:30:01";392.74877457292
"2015-03-29 14:30:02";392.74877457292
"2015-03-29 14:30:10";366.944204900631
"2015-03-29 14:30:21";366.944204900631
"2015-03-29 14:30:23";366.944204900631
"2015-03-29 14:30:34";366.944204900631
"2015-03-29 14:31:36";366.944204900631
"2015-03-29 14:31:41";366.944204900631
"2015-03-29 14:31:46";366.944204900631
"2015-03-29 14:31:51";366.944204900631
"2015-03-29 14:31:56";392.74877457292
"2015-03-29 14:32:40";392.74877457292
"2015-03-29 14:32:56";392.74877457292
"2015-03-29 14:33:39";366.944204900631
"2015-03-29 14:34:25";366.944204900631
"2015-03-29 14:34:34";513.583686711933
"2015-03-29 14:34:38";392.74877457292
"2015-03-29 14:35:02";392.74877457292
"2015-03-29 14:35:15";392.74877457292
"2015-03-29 14:35:24";392.74877457292
"2015-03-29 14:35:26";392.74877457292
"2015-03-29 14:35:40";392.74877457292
"2015-03-29 14:35:49";392.74877457292
"2015-03-29 14:35:52";392.74877457292
"2015-03-29 14:36:49";366.944204900631
"2015-03-29 14:36:56";392.74877457292
"2015-03-29 14:37:00";392.74877457292
"2015-03-29 14:37:02";366.944204900631
"2015-03-29 14:37:19";366.944204900631
"2015-03-29 14:37:21";366.944204900631
"2015-03-29 14:37:23";366.944204900631
"2015-03-29 14:37:35";366.944204900631
"2015-03-29 14:38:06";392.74877457292
"2015-03-29 14:38:15";392.74877457292
"2015-03-29 14:38:26";392.74877457292
"2015-03-29 14:38:42";392.74877457292
"2015-03-29 14:39:12";392.74877457292
"2015-03-29 14:39:55";392.74877457292
"2015-03-29 14:41:17";392.74877457292
"2015-03-29 14:41:19";392.74877457292
"2015-03-29 14:42:21";392.74877457292
"2015-03-29 14:42:36";392.74877457292
"2015-03-29 14:42:57";366.944204900631
"2015-03-29 14:43:06";366.944204900631
"2015-03-29 14:43:33";366.944204900631
"2015-03-29 14:43:36";392.74877457292
"2015-03-29 14:43:40";392.74877457292
"2015-03-29 14:44:02";392.74877457292
"2015-03-29 14:44:17";366.944204900631
"2015-03-29 14:44:20";392.74877457292
"2015-03-29 14:44:30";392.74877457292
"2015-03-29 14:44:43";392.74877457292
"2015-03-29 14:44:59";366.944204900631
"2015-03-29 14:45:05";366.944204900631
"2015-03-29 14:45:07";366.944204900631
"2015-03-29 14:45:16";366.944204900631
"2015-03-29 14:46:10";366.944204900631
"2015-03-29 14:46:13";366.944204900631
"2015-03-29 14:46:28";392.74877457292
"2015-03-29 14:46:56";513.583686711933
"2015-03-29 14:47:06";392.74877457292
"2015-03-29 14:47:08";392.74877457292
"2015-03-29 14:47:23";392.74877457292
"2015-03-29 14:47:46";392.74877457292
"2015-03-29 14:47:50";392.74877457292
"2015-03-29 14:48:05";392.74877457292
"2015-03-29 14:48:08";392.74877457292
"2015-03-29 14:48:16";392.74877457292
"2015-03-29 14:48:21";366.944204900631
"2015-03-29 14:48:23";366.944204900631
"2015-03-29 14:48:30";366.944204900631
"2015-03-29 14:48:44";366.944204900631
"2015-03-29 14:48:50";366.944204900631
"2015-03-29 14:48:56";366.944204900631
"2015-03-29 14:49:01";366.944204900631
"2015-03-29 14:49:05";366.944204900631
"2015-03-29 14:49:08";366.944204900631
"2015-03-29 14:49:31";366.944204900631
"2015-03-29 14:49:33";366.944204900631
"2015-03-29 14:49:35";366.944204900631
"2015-03-29 14:49:45";366.944204900631
"2015-03-29 14:50:06";366.944204900631
"2015-03-29 14:50:46";366.944204900631
"2015-03-29 14:50:50";366.944204900631
"2015-03-29 14:51:33";366.944204900631
"2015-03-29 14:52:21";392.74877457292
"2015-03-29 14:53:06";366.944204900631
"2015-03-29 14:53:14";366.944204900631
"2015-03-29 14:53:25";366.944204900631
"2015-03-29 14:53:26";513.583686711933
"2015-03-29 14:53:40";513.583686711933
"2015-03-29 14:53:58";392.74877457292
"2015-03-29 14:54:00";392.74877457292
"2015-03-29 14:54:05";392.74877457292
"2015-03-29 14:54:21";392.74877457292
"2015-03-29 14:54:23";392.74877457292
"2015-03-29 14:54:35";392.74877457292
"2015-03-29 14:55:16";392.74877457292
"2015-03-29 14:55:59";392.74877457292
"2015-03-29 14:56:05";392.74877457292
"2015-03-29 14:56:36";392.74877457292
"2015-03-29 14:56:39";392.74877457292
"2015-03-29 14:57:06";392.74877457292
"2015-03-29 14:58:15";392.74877457292
"2015-03-29 14:58:35";392.74877457292
"2015-03-29 14:58:37";392.74877457292
"2015-03-29 14:58:44";392.74877457292
"2015-03-29 14:58:50";392.74877457292
"2015-03-29 14:59:34";392.74877457292
"2015-03-29 15:00:18";392.74877457292
"2015-03-29 15:00:24";392.74877457292
"2015-03-29 15:00:28";392.74877457292
"2015-03-29 15:00:39";392.74877457292
"2015-03-29 15:01:04";392.74877457292
"2015-03-29 15:01:09";392.74877457292
"2015-03-29 15:01:35";392.74877457292
"2015-03-29 15:01:39";366.944204900631
"2015-03-29 15:01:50";366.944204900631
"2015-03-29 15:02:13";366.944204900631
"2015-03-29 15:02:20";366.944204900631
"2015-03-29 15:02:26";366.944204900631
"2015-03-29 15:02:34";513.583686711933
"2015-03-29 15:02:57";392.74877457292
"2015-03-29 15:03:02";392.74877457292
"2015-03-29 15:03:04";392.74877457292
"2015-03-29 15:03:06";392.74877457292
"2015-03-29 15:03:48";392.74877457292
"2015-03-29 15:03:52";392.74877457292
"2015-03-29 15:03:54";392.74877457292
"2015-03-29 15:04:03";392.74877457292
"2015-03-29 15:04:21";392.74877457292
"2015-03-29 15:04:34";392.74877457292
"2015-03-29 15:04:46";392.74877457292
"2015-03-29 15:04:59";392.74877457292
"2015-03-29 15:05:14";366.944204900631
"2015-03-29 15:05:31";366.944204900631
"2015-03-29 15:05:51";366.944204900631
"2015-03-29 15:05:53";392.74877457292
"2015-03-29 15:06:12";392.74877457292
"2015-03-29 15:06:15";366.944204900631
"2015-03-29 15:06:41";366.944204900631
"2015-03-29 15:06:57";366.944204900631
"2015-03-29 15:06:59";366.944204900631
"2015-03-29 15:07:10";366.944204900631
"2015-03-29 15:07:16";366.944204900631
"2015-03-29 15:07:24";366.944204900631
"2015-03-29 15:07:49";366.944204900631
"2015-03-29 15:08:08";366.944204900631
"2015-03-29 15:09:06";366.944204900631
"2015-03-29 15:09:14";366.944204900631
"2015-03-29 15:09:57";366.944204900631
"2015-03-29 15:10:27";297.083417577463
"2015-03-29 15:10:30";366.944204900631
"2015-03-29 15:10:40";366.944204900631
"2015-03-29 15:11:07";366.944204900631
"2015-03-29 15:12:59";392.74877457292
"2015-03-29 15:14:30";366.944204900631
"2015-03-29 15:14:41";366.944204900631
"2015-03-29 15:14:48";366.944204900631
"2015-03-29 15:15:09";366.944204900631
"2015-03-29 15:15:48";366.944204900631
"2015-03-29 15:16:03";366.944204900631
"2015-03-29 15:16:25";366.944204900631
"2015-03-29 15:17:39";366.944204900631
"2015-03-29 15:18:08";366.944204900631
"2015-03-29 15:18:41";366.944204900631
"2015-03-29 15:18:50";366.944204900631
"2015-03-29 15:19:04";366.944204900631
"2015-03-29 15:19:19";366.944204900631
"2015-03-29 15:20:09";366.944204900631
"2015-03-29 15:20:35";366.944204900631
"2015-03-29 15:21:00";366.944204900631
"2015-03-29 15:21:13";392.74877457292
"2015-03-29 15:21:14";392.74877457292
"2015-03-29 15:21:40";392.74877457292
"2015-03-29 15:22:11";392.74877457292
"2015-03-29 15:22:25";392.74877457292
"2015-03-29 15:22:34";392.74877457292
"2015-03-29 15:22:39";392.74877457292
"2015-03-29 15:22:44";551.487787900862
"2015-03-29 15:22:46";366.944204900631
"2015-03-29 15:23:21";551.487787900862
"2015-03-29 15:23:25";513.583686711933
"2015-03-29 15:23:39";392.74877457292
"2015-03-29 15:23:59";392.74877457292
"2015-03-29 15:24:13";392.74877457292
"2015-03-29 15:24:15";392.74877457292
"2015-03-29 15:24:32";392.74877457292
"2015-03-29 15:24:34";392.74877457292
"2015-03-29 15:24:49";392.74877457292
"2015-03-29 15:25:01";392.74877457292
"2015-03-29 15:25:43";392.74877457292
"2015-03-29 15:25:44";366.944204900631
"2015-03-29 15:25:48";366.944204900631
"2015-03-29 15:25:55";366.944204900631
"2015-03-29 15:25:57";366.944204900631
"2015-03-29 15:26:04";366.944204900631
"2015-03-29 15:26:12";366.944204900631
"2015-03-29 15:26:20";366.944204900631
"2015-03-29 15:26:34";366.944204900631
"2015-03-29 15:26:55";366.944204900631
"2015-03-29 15:27:14";366.944204900631
"2015-03-29 15:27:23";366.944204900631
"2015-03-29 15:27:26";366.944204900631
"2015-03-29 15:27:32";366.944204900631
"2015-03-29 15:27:36";366.944204900631
"2015-03-29 15:27:49";513.583686711933
"2015-03-29 15:27:52";392.74877457292
"2015-03-29 15:28:08";392.74877457292
"2015-03-29 15:28:26";392.74877457292
"2015-03-29 15:28:29";392.74877457292
"2015-03-29 15:28:31";392.74877457292
"2015-03-29 15:28:34";392.74877457292
"2015-03-29 15:28:37";392.74877457292
"2015-03-29 15:28:47";392.74877457292
"2015-03-29 15:28:52";392.74877457292
"2015-03-29 15:29:02";392.74877457292
"2015-03-29 15:29:09";392.74877457292
"2015-03-29 15:29:14";392.74877457292
"2015-03-29 15:29:18";392.74877457292
"2015-03-29 15:29:45";392.74877457292
"2015-03-29 15:29:59";392.74877457292
"2015-03-29 15:30:07";392.74877457292
"2015-03-29 15:30:09";392.74877457292
"2015-03-29 15:30:11";392.74877457292
"2015-03-29 15:30:15";392.74877457292
"2015-03-29 15:31:01";392.74877457292
"2015-03-29 15:31:03";392.74877457292
"2015-03-29 15:32:58";392.74877457292
"2015-03-29 15:33:05";392.74877457292
"2015-03-29 15:33:25";392.74877457292
"2015-03-29 15:33:34";392.74877457292
"2015-03-29 15:34:22";513.583686711933
"2015-03-29 15:34:41";392.74877457292
"2015-03-29 15:34:48";392.74877457292
"2015-03-29 15:34:51";392.74877457292
"2015-03-29 15:35:00";392.74877457292
"2015-03-29 15:36:15";392.74877457292
"2015-03-29 15:36:17";392.74877457292
"2015-03-29 15:36:23";392.74877457292
"2015-03-29 15:36:29";392.74877457292
"2015-03-29 15:36:42";392.74877457292
"2015-03-29 15:36:45";392.74877457292
"2015-03-29 15:36:47";392.74877457292
"2015-03-29 15:37:27";392.74877457292
"2015-03-29 15:37:30";392.74877457292
"2015-03-29 15:37:36";392.74877457292
"2015-03-29 15:38:24";392.74877457292
"2015-03-29 15:38:49";392.74877457292
"2015-03-29 15:38:55";392.74877457292
"2015-03-29 15:39:09";392.74877457292
"2015-03-29 15:39:27";392.74877457292
"2015-03-29 15:39:29";392.74877457292
"2015-03-29 15:40:09";392.74877457292
"2015-03-29 15:40:15";392.74877457292
"2015-03-29 15:40:22";392.74877457292
"2015-03-29 15:41:06";392.74877457292
"2015-03-29 15:41:10";392.74877457292
"2015-03-29 15:41:18";392.74877457292
"2015-03-29 15:41:27";392.74877457292
"2015-03-29 15:42:18";392.74877457292
"2015-03-29 15:42:26";366.944204900631
"2015-03-29 15:42:46";366.944204900631
"2015-03-29 15:42:50";366.944204900631
"2015-03-29 15:42:54";366.944204900631
"2015-03-29 15:42:56";513.583686711933
"2015-03-29 15:43:13";392.74877457292
"2015-03-29 15:43:19";392.74877457292
"2015-03-29 15:43:24";392.74877457292
"2015-03-29 15:43:54";392.74877457292
"2015-03-29 15:44:10";392.74877457292
"2015-03-29 15:44:27";392.74877457292
"2015-03-29 15:44:31";392.74877457292
"2015-03-29 15:44:43";392.74877457292
"2015-03-29 15:44:54";392.74877457292
"2015-03-29 15:44:59";392.74877457292
"2015-03-29 15:45:02";392.74877457292
"2015-03-29 15:45:12";392.74877457292
"2015-03-29 15:45:14";392.74877457292
"2015-03-29 15:45:21";392.74877457292
"2015-03-29 15:45:38";392.74877457292
"2015-03-29 15:45:42";392.74877457292
"2015-03-29 15:45:54";392.74877457292
"2015-03-29 15:46:05";392.74877457292
"2015-03-29 15:46:14";392.74877457292
"2015-03-29 15:46:27";392.74877457292
"2015-03-29 15:46:30";392.74877457292
"2015-03-29 15:46:41";392.74877457292
"2015-03-29 15:46:43";392.74877457292
"2015-03-29 15:46:53";392.74877457292
"2015-03-29 15:46:56";392.74877457292
"2015-03-29 15:47:10";392.74877457292
"2015-03-29 15:47:20";392.74877457292
"2015-03-29 15:47:25";392.74877457292
"2015-03-29 15:47:27";392.74877457292
"2015-03-29 15:47:35";392.74877457292
"2015-03-29 15:48:14";392.74877457292
"2015-03-29 15:49:11";551.487787900862
"2015-03-29 15:49:52";513.583686711933
"2015-03-29 15:50:12";392.74877457292
"2015-03-29 15:50:48";392.74877457292
"2015-03-29 15:50:54";392.74877457292
"2015-03-29 15:52:45";392.74877457292
"2015-03-29 15:53:01";392.74877457292
"2015-03-29 15:53:46";392.74877457292
"2015-03-29 15:54:13";392.74877457292
"2015-03-29 15:55:03";392.74877457292
"2015-03-29 15:55:12";392.74877457292
"2015-03-29 15:55:54";392.74877457292
"2015-03-29 15:56:04";392.74877457292
"2015-03-29 15:56:07";392.74877457292
"2015-03-29 15:56:10";392.74877457292
"2015-03-29 15:56:34";392.74877457292
"2015-03-29 15:56:40";392.74877457292
"2015-03-29 15:56:48";392.74877457292
"2015-03-29 15:57:22";392.74877457292
"2015-03-29 15:57:31";392.74877457292
"2015-03-29 15:58:11";392.74877457292
"2015-03-29 15:58:11";392.74877457292
"2015-03-29 15:58:16";392.74877457292
"2015-03-29 15:58:44";392.74877457292
"2015-03-29 15:59:01";392.74877457292
"2015-03-29 15:59:18";392.74877457292
"2015-03-29 15:59:26";392.74877457292
"2015-03-29 16:00:20";392.74877457292
"2015-03-29 16:00:23";392.74877457292
"2015-03-29 16:00:48";392.74877457292
"2015-03-29 16:00:57";392.74877457292
"2015-03-29 16:01:04";392.74877457292
"2015-03-29 16:01:06";392.74877457292
"2015-03-29 16:01:14";366.944204900631
"2015-03-29 16:01:24";366.944204900631
"2015-03-29 16:01:26";366.944204900631
"2015-03-29 16:01:34";366.944204900631
"2015-03-29 16:01:40";366.944204900631
"2015-03-29 16:01:42";366.944204900631
"2015-03-29 16:01:52";366.944204900631
"2015-03-29 16:02:02";513.583686711933
"2015-03-29 16:03:28";392.74877457292
"2015-03-29 16:03:36";392.74877457292
"2015-03-29 16:03:55";392.74877457292
"2015-03-29 16:03:57";392.74877457292
"2015-03-29 16:03:59";392.74877457292
"2015-03-29 16:04:01";392.74877457292
"2015-03-29 16:04:08";392.74877457292
"2015-03-29 16:04:14";392.74877457292
"2015-03-29 16:04:29";392.74877457292
"2015-03-29 16:04:32";366.944204900631
"2015-03-29 16:04:44";366.944204900631
"2015-03-29 16:05:01";513.583686711933
"2015-03-29 16:05:14";392.74877457292
"2015-03-29 16:05:34";392.74877457292
"2015-03-29 16:05:39";392.74877457292
"2015-03-29 16:06:10";392.74877457292
"2015-03-29 16:07:06";392.74877457292
"2015-03-29 16:07:09";392.74877457292
"2015-03-29 16:08:18";392.74877457292
"2015-03-29 16:08:22";392.74877457292
"2015-03-29 16:08:25";392.74877457292
"2015-03-29 16:08:27";392.74877457292
"2015-03-29 16:09:05";392.74877457292
"2015-03-29 16:09:28";392.74877457292
"2015-03-29 16:09:46";392.74877457292
"2015-03-29 16:09:48";392.74877457292
"2015-03-29 16:09:55";392.74877457292
"2015-03-29 16:09:57";366.944204900631
"2015-03-29 16:10:08";392.74877457292
"2015-03-29 16:10:19";366.944204900631
"2015-03-29 16:10:46";513.583686711933
"2015-03-29 16:11:04";392.74877457292
"2015-03-29 16:11:11";392.74877457292
"2015-03-29 16:11:19";392.74877457292
"2015-03-29 16:11:36";392.74877457292
"2015-03-29 16:11:41";392.74877457292
"2015-03-29 16:12:24";392.74877457292
"2015-03-29 16:12:41";392.74877457292
"2015-03-29 16:12:53";392.74877457292
"2015-03-29 16:13:01";392.74877457292
"2015-03-29 16:13:45";392.74877457292
"2015-03-29 16:14:00";513.583686711933
"2015-03-29 16:14:02";392.74877457292
"2015-03-29 16:14:04";392.74877457292
"2015-03-29 16:14:09";392.74877457292
"2015-03-29 16:14:58";392.74877457292
"2015-03-29 16:15:17";392.74877457292
"2015-03-29 16:15:18";392.74877457292
"2015-03-29 16:15:42";392.74877457292
"2015-03-29 16:15:54";366.944204900631
"2015-03-29 16:16:00";366.944204900631
"2015-03-29 16:16:17";366.944204900631
"2015-03-29 16:16:50";366.944204900631
"2015-03-29 16:16:56";366.944204900631
"2015-03-29 16:17:04";366.944204900631
"2015-03-29 16:17:07";366.944204900631
"2015-03-29 16:17:12";366.944204900631
"2015-03-29 16:18:15";366.944204900631
"2015-03-29 16:18:17";366.944204900631
"2015-03-29 16:18:46";366.944204900631
"2015-03-29 16:18:49";366.944204900631
"2015-03-29 16:19:22";366.944204900631
"2015-03-29 16:19:58";297.083417577463
"2015-03-29 16:20:34";297.083417577463
"2015-03-29 16:20:37";297.083417577463
"2015-03-29 16:20:39";297.083417577463
"2015-03-29 16:20:47";513.583686711933
"2015-03-29 16:20:52";392.74877457292
"2015-03-29 16:21:02";392.74877457292
"2015-03-29 16:21:16";392.74877457292
"2015-03-29 16:21:24";366.944204900631
"2015-03-29 16:21:26";366.944204900631
"2015-03-29 16:21:51";366.944204900631
"2015-03-29 16:23:32";513.583686711933
"2015-03-29 16:23:58";392.74877457292
"2015-03-29 16:24:00";392.74877457292
"2015-03-29 16:24:11";392.74877457292
"2015-03-29 16:24:13";392.74877457292
"2015-03-29 16:25:14";392.74877457292
"2015-03-29 16:25:27";392.74877457292
"2015-03-29 16:25:41";366.944204900631
"2015-03-29 16:25:43";366.944204900631
"2015-03-29 16:25:46";366.944204900631
"2015-03-29 16:26:00";366.944204900631
"2015-03-29 16:26:01";366.944204900631
"2015-03-29 16:26:33";366.944204900631
"2015-03-29 16:27:28";366.944204900631
"2015-03-29 16:27:36";366.944204900631
"2015-03-29 16:27:48";366.944204900631
"2015-03-29 16:28:21";366.944204900631
"2015-03-29 16:28:29";366.944204900631
"2015-03-29 16:28:41";366.944204900631
"2015-03-29 16:28:54";392.74877457292
"2015-03-29 16:28:57";392.74877457292
"2015-03-29 16:28:59";392.74877457292
"2015-03-29 16:29:01";392.74877457292
"2015-03-29 16:29:05";392.74877457292
"2015-03-29 16:29:13";366.944204900631
"2015-03-29 16:29:29";513.583686711933
"2015-03-29 16:29:39";392.74877457292
"2015-03-29 16:29:41";392.74877457292
"2015-03-29 16:30:05";392.74877457292
"2015-03-29 16:30:08";392.74877457292
"2015-03-29 16:30:14";392.74877457292
"2015-03-29 16:30:16";392.74877457292
"2015-03-29 16:30:20";392.74877457292
"2015-03-29 16:30:22";392.74877457292
"2015-03-29 16:30:31";513.583686711933
"2015-03-29 16:30:40";392.74877457292
"2015-03-29 16:31:11";392.74877457292
"2015-03-29 16:33:04";392.74877457292
"2015-03-29 16:33:17";392.74877457292
"2015-03-29 16:33:26";392.74877457292
"2015-03-29 16:33:28";392.74877457292
"2015-03-29 16:33:31";392.74877457292
"2015-03-29 16:33:44";392.74877457292
"2015-03-29 16:34:23";366.944204900631
"2015-03-29 16:34:40";366.944204900631
"2015-03-29 16:34:51";366.944204900631
"2015-03-29 16:34:53";366.944204900631
"2015-03-29 16:35:44";366.944204900631
"2015-03-29 16:36:02";366.944204900631
"2015-03-29 16:36:03";366.944204900631
"2015-03-29 16:36:04";366.944204900631
"2015-03-29 16:36:18";366.944204900631
"2015-03-29 16:36:29";366.944204900631
"2015-03-29 16:36:39";366.944204900631
"2015-03-29 16:37:06";366.944204900631
"2015-03-29 16:37:52";366.944204900631
"2015-03-29 16:38:25";366.944204900631
"2015-03-29 16:38:30";366.944204900631
"2015-03-29 16:38:46";366.944204900631
"2015-03-29 16:39:19";366.944204900631
"2015-03-29 16:39:33";366.944204900631
"2015-03-29 16:39:40";366.944204900631
"2015-03-29 16:39:47";366.944204900631
"2015-03-29 16:40:13";366.944204900631
"2015-03-29 16:40:22";366.944204900631
"2015-03-29 16:40:59";366.944204900631
"2015-03-29 16:41:03";366.944204900631
"2015-03-29 16:41:05";366.944204900631
"2015-03-29 16:41:07";366.944204900631
"2015-03-29 16:41:10";366.944204900631
"2015-03-29 16:41:20";366.944204900631
"2015-03-29 16:41:31";366.944204900631
"2015-03-29 16:41:34";366.944204900631
"2015-03-29 16:41:35";366.944204900631
"2015-03-29 16:41:43";392.74877457292
"2015-03-29 16:41:47";392.74877457292
"2015-03-29 16:42:13";392.74877457292
"2015-03-29 16:42:21";392.74877457292
"2015-03-29 16:42:31";392.74877457292
"2015-03-29 16:42:37";366.944204900631
"2015-03-29 16:42:42";513.583686711933
"2015-03-29 16:42:50";392.74877457292
"2015-03-29 16:43:01";392.74877457292
"2015-03-29 16:43:04";392.74877457292
"2015-03-29 16:43:07";392.74877457292
"2015-03-29 16:43:23";392.74877457292
"2015-03-29 16:43:28";392.74877457292
"2015-03-29 16:43:42";392.74877457292
"2015-03-29 16:43:44";392.74877457292
"2015-03-29 16:43:47";392.74877457292
"2015-03-29 16:43:49";392.74877457292
"2015-03-29 16:43:58";392.74877457292
"2015-03-29 16:44:32";392.74877457292
"2015-03-29 16:44:52";392.74877457292
"2015-03-29 16:44:59";392.74877457292
"2015-03-29 16:45:23";392.74877457292
"2015-03-29 16:45:32";392.74877457292
"2015-03-29 16:45:35";392.74877457292
"2015-03-29 16:45:38";366.944204900631
"2015-03-29 16:45:55";366.944204900631
"2015-03-29 16:46:07";366.944204900631
"2015-03-29 16:46:45";366.944204900631
"2015-03-29 16:47:14";392.74877457292
"2015-03-29 16:47:24";366.944204900631
"2015-03-29 16:47:38";366.944204900631
"2015-03-29 16:49:22";366.944204900631
"2015-03-29 16:49:29";366.944204900631
"2015-03-29 16:49:59";366.944204900631
"2015-03-29 16:50:39";366.944204900631
"2015-03-29 16:51:03";366.944204900631
"2015-03-29 16:51:07";366.944204900631
"2015-03-29 16:51:24";366.944204900631
"2015-03-29 16:51:25";366.944204900631
"2015-03-29 16:51:46";297.083417577463
"2015-03-29 16:52:41";297.083417577463
"2015-03-29 16:53:26";297.083417577463
"2015-03-29 16:53:37";297.083417577463
"2015-03-29 16:53:43";297.083417577463
"2015-03-29 16:55:09";297.083417577463
"2015-03-29 16:55:15";297.083417577463
"2015-03-29 16:55:17";297.083417577463
"2015-03-29 16:55:40";297.083417577463
"2015-03-29 16:56:28";297.083417577463
"2015-03-29 16:56:38";297.083417577463
"2015-03-29 16:57:38";297.083417577463
"2015-03-29 16:58:15";297.083417577463
"2015-03-29 16:58:51";513.583686711933
"2015-03-29 16:58:58";513.583686711933
"2015-03-29 16:59:02";392.74877457292
"2015-03-29 16:59:36";392.74877457292
"2015-03-29 16:59:40";392.74877457292
"2015-03-29 16:59:43";392.74877457292
"2015-03-29 16:59:47";392.74877457292
"2015-03-29 16:59:51";392.74877457292
"2015-03-29 17:00:13";392.74877457292
"2015-03-29 17:00:26";392.74877457292
"2015-03-29 17:01:01";392.74877457292
"2015-03-29 17:01:07";392.74877457292
"2015-03-29 17:01:15";392.74877457292
"2015-03-29 17:01:39";392.74877457292
"2015-03-29 17:01:40";392.74877457292
"2015-03-29 17:01:57";392.74877457292
"2015-03-29 17:02:06";392.74877457292
"2015-03-29 17:02:28";366.944204900631
"2015-03-29 17:02:59";366.944204900631
"2015-03-29 17:03:02";366.944204900631
"2015-03-29 17:03:14";366.944204900631
"2015-03-29 17:03:17";392.74877457292
"2015-03-29 17:03:18";366.944204900631
"2015-03-29 17:03:20";366.944204900631
"2015-03-29 17:03:35";366.944204900631
"2015-03-29 17:03:51";366.944204900631
"2015-03-29 17:03:55";366.944204900631
"2015-03-29 17:04:15";366.944204900631
"2015-03-29 17:04:17";366.944204900631
"2015-03-29 17:04:27";513.583686711933
"2015-03-29 17:04:37";392.74877457292
"2015-03-29 17:04:42";392.74877457292
"2015-03-29 17:04:44";392.74877457292
"2015-03-29 17:04:46";392.74877457292
"2015-03-29 17:04:58";392.74877457292
"2015-03-29 17:05:01";392.74877457292
"2015-03-29 17:05:03";392.74877457292
"2015-03-29 17:05:05";392.74877457292
"2015-03-29 17:05:13";392.74877457292
"2015-03-29 17:05:16";392.74877457292
"2015-03-29 17:05:18";392.74877457292
"2015-03-29 17:05:29";392.74877457292
"2015-03-29 17:05:34";392.74877457292
"2015-03-29 17:05:36";392.74877457292
"2015-03-29 17:05:43";392.74877457292
"2015-03-29 17:05:59";392.74877457292
"2015-03-29 17:06:17";392.74877457292
"2015-03-29 17:06:18";366.944204900631
"2015-03-29 17:06:25";366.944204900631
"2015-03-29 17:06:29";366.944204900631
"2015-03-29 17:06:31";392.74877457292
"2015-03-29 17:06:51";308.982608647673
"2015-03-29 17:06:58";392.74877457292
"2015-03-29 17:07:07";392.74877457292
"2015-03-29 17:07:11";392.74877457292
"2015-03-29 17:07:12";392.74877457292
"2015-03-29 17:07:27";392.74877457292
"2015-03-29 17:07:37";392.74877457292
"2015-03-29 17:07:58";392.74877457292
"2015-03-29 17:08:21";392.74877457292
"2015-03-29 17:08:24";392.74877457292
"2015-03-29 17:08:40";513.583686711933
"2015-03-29 17:08:45";392.74877457292
"2015-03-29 17:09:20";392.74877457292
"2015-03-29 17:09:44";392.74877457292
"2015-03-29 17:09:58";392.74877457292
"2015-03-29 17:10:02";392.74877457292
"2015-03-29 17:10:06";392.74877457292
"2015-03-29 17:10:40";392.74877457292
"2015-03-29 17:11:36";392.74877457292
"2015-03-29 17:12:25";392.74877457292
"2015-03-29 17:13:12";308.982608647673
"2015-03-29 17:13:12";308.982608647673
"2015-03-29 17:13:41";392.74877457292
"2015-03-29 17:13:46";551.487787900862
"2015-03-29 17:13:54";392.74877457292
"2015-03-29 17:13:56";392.74877457292
"2015-03-29 17:14:00";392.74877457292
"2015-03-29 17:14:04";392.74877457292
"2015-03-29 17:14:17";392.74877457292
"2015-03-29 17:15:36";392.74877457292
"2015-03-29 17:16:25";392.74877457292
"2015-03-29 17:16:27";392.74877457292
"2015-03-29 17:16:29";392.74877457292
"2015-03-29 17:17:04";392.74877457292
"2015-03-29 17:17:18";392.74877457292
"2015-03-29 17:17:28";392.74877457292
"2015-03-29 17:17:33";551.487787900862
"2015-03-29 17:17:36";513.583686711933
"2015-03-29 17:17:38";392.74877457292
"2015-03-29 17:20:26";392.74877457292
"2015-03-29 17:20:54";392.74877457292
"2015-03-29 17:21:27";392.74877457292
"2015-03-29 17:21:34";392.74877457292
"2015-03-29 17:22:04";392.74877457292
"2015-03-29 17:22:53";551.487787900862
"2015-03-29 17:23:10";513.583686711933
"2015-03-29 17:23:14";392.74877457292
"2015-03-29 17:23:18";392.74877457292
"2015-03-29 17:23:18";551.487787900862
"2015-03-29 17:23:50";513.583686711933
"2015-03-29 17:24:25";392.74877457292
"2015-03-29 17:24:36";392.74877457292
"2015-03-29 17:24:44";392.74877457292
"2015-03-29 17:25:05";392.74877457292
"2015-03-29 17:25:11";392.74877457292
"2015-03-29 17:25:20";392.74877457292
"2015-03-29 17:25:23";551.487787900862
"2015-03-29 17:25:28";392.74877457292
"2015-03-29 17:25:36";392.74877457292
"2015-03-29 17:25:38";392.74877457292
"2015-03-29 17:25:47";1576
"2015-03-29 17:27:19";392.74877457292
"2015-03-29 17:27:35";551.487787900862
"2015-03-29 17:28:01";513.583686711933
"2015-03-29 17:28:04";392.74877457292
"2015-03-29 17:28:13";551.487787900862
"2015-03-29 17:28:14";551.487787900862
"2015-03-29 17:28:22";392.74877457292
"2015-03-29 17:28:27";392.74877457292
"2015-03-29 17:28:30";392.74877457292
"2015-03-29 17:28:32";392.74877457292
"2015-03-29 17:28:34";392.74877457292
"2015-03-29 17:28:41";392.74877457292
"2015-03-29 17:28:42";392.74877457292
"2015-03-29 17:28:44";392.74877457292
"2015-03-29 17:29:01";392.74877457292
"2015-03-29 17:29:19";392.74877457292
"2015-03-29 17:29:35";392.74877457292
"2015-03-29 17:29:40";392.74877457292
"2015-03-29 17:29:48";392.74877457292
"2015-03-29 17:29:52";392.74877457292
"2015-03-29 17:30:05";392.74877457292
"2015-03-29 17:30:18";392.74877457292
"2015-03-29 17:30:57";392.74877457292
"2015-03-29 17:31:10";366.944204900631
"2015-03-29 17:31:14";366.944204900631
"2015-03-29 17:31:25";366.944204900631
"2015-03-29 17:31:38";366.944204900631
"2015-03-29 17:31:50";366.944204900631
"2015-03-29 17:33:10";366.944204900631
"2015-03-29 17:33:13";366.944204900631
"2015-03-29 17:33:16";366.944204900631
"2015-03-29 17:33:18";366.944204900631
"2015-03-29 17:33:21";366.944204900631
"2015-03-29 17:33:29";366.944204900631
"2015-03-29 17:33:31";366.944204900631
"2015-03-29 17:33:49";366.944204900631
"2015-03-29 17:34:40";366.944204900631
"2015-03-29 17:35:06";366.944204900631
"2015-03-29 17:35:24";366.944204900631
"2015-03-29 17:35:29";366.944204900631
"2015-03-29 17:35:31";366.944204900631
"2015-03-29 17:35:45";366.944204900631
"2015-03-29 17:35:48";366.944204900631
"2015-03-29 17:36:24";366.944204900631
"2015-03-29 17:36:25";366.944204900631
"2015-03-29 17:36:57";366.944204900631
"2015-03-29 17:37:29";513.583686711933
"2015-03-29 17:37:34";392.74877457292
"2015-03-29 17:37:36";392.74877457292
"2015-03-29 17:38:40";392.74877457292
"2015-03-29 17:39:41";392.74877457292
"2015-03-29 17:39:48";366.944204900631
"2015-03-29 17:40:03";392.74877457292
"2015-03-29 17:41:14";392.74877457292
"2015-03-29 17:41:26";392.74877457292
"2015-03-29 17:42:22";392.74877457292
"2015-03-29 17:43:15";392.74877457292
"2015-03-29 17:43:27";392.74877457292
"2015-03-29 17:43:48";392.74877457292
"2015-03-29 17:44:08";392.74877457292
"2015-03-29 17:44:10";392.74877457292
"2015-03-29 17:44:22";392.74877457292
"2015-03-29 17:44:28";392.74877457292
"2015-03-29 17:44:30";366.944204900631
"2015-03-29 17:44:32";392.74877457292
"2015-03-29 17:44:47";392.74877457292
"2015-03-29 17:45:08";392.74877457292
"2015-03-29 17:45:51";392.74877457292
"2015-03-29 17:45:55";392.74877457292
"2015-03-29 17:45:58";392.74877457292
"2015-03-29 17:46:33";366.944204900631
"2015-03-29 17:46:46";366.944204900631
"2015-03-29 17:46:48";366.944204900631
"2015-03-29 17:47:14";297.083417577463
"2015-03-29 17:47:17";297.083417577463
"2015-03-29 17:47:23";297.083417577463
"2015-03-29 17:47:32";297.083417577463
"2015-03-29 17:48:35";297.083417577463
"2015-03-29 17:48:36";297.083417577463
"2015-03-29 17:49:17";297.083417577463
"2015-03-29 17:49:27";297.083417577463
"2015-03-29 17:49:46";297.083417577463
"2015-03-29 17:50:52";297.083417577463
"2015-03-29 17:51:12";297.083417577463
"2015-03-29 17:51:26";297.083417577463
"2015-03-29 17:52:20";297.083417577463
"2015-03-29 17:52:27";297.083417577463
"2015-03-29 17:53:14";297.083417577463
"2015-03-29 17:54:16";366.944204900631
"2015-03-29 17:55:46";513.583686711933
"2015-03-29 17:56:26";513.583686711933
"2015-03-29 17:57:15";392.74877457292
"2015-03-29 17:57:17";392.74877457292
"2015-03-29 17:57:28";392.74877457292
"2015-03-29 17:57:31";392.74877457292
"2015-03-29 17:57:44";392.74877457292
"2015-03-29 17:57:49";392.74877457292
"2015-03-29 17:59:14";392.74877457292
"2015-03-29 17:59:46";513.583686711933
"2015-03-29 18:00:13";392.74877457292
"2015-03-29 18:00:21";392.74877457292
"2015-03-29 18:00:34";392.74877457292
"2015-03-29 18:00:36";392.74877457292
"2015-03-29 18:00:45";392.74877457292
"2015-03-29 18:00:57";392.74877457292
"2015-03-29 18:01:35";392.74877457292
"2015-03-29 18:02:37";392.74877457292
"2015-03-29 18:02:58";392.74877457292
"2015-03-29 18:03:06";392.74877457292
"2015-03-29 18:03:14";392.74877457292
"2015-03-29 18:03:51";392.74877457292
"2015-03-29 18:04:03";392.74877457292
"2015-03-29 18:04:07";392.74877457292
"2015-03-29 18:04:10";392.74877457292
"2015-03-29 18:04:23";392.74877457292
"2015-03-29 18:04:30";392.74877457292
"2015-03-29 18:04:49";392.74877457292
"2015-03-29 18:05:10";392.74877457292
"2015-03-29 18:05:33";392.74877457292
"2015-03-29 18:05:40";392.74877457292
"2015-03-29 18:05:45";392.74877457292
"2015-03-29 18:05:48";392.74877457292
"2015-03-29 18:05:54";392.74877457292
"2015-03-29 18:05:57";392.74877457292
"2015-03-29 18:06:02";392.74877457292
"2015-03-29 18:06:04";392.74877457292
"2015-03-29 18:06:07";392.74877457292
"2015-03-29 18:06:10";392.74877457292
"2015-03-29 18:06:29";392.74877457292
"2015-03-29 18:07:05";392.74877457292
"2015-03-29 18:07:12";366.944204900631
"2015-03-29 18:07:14";366.944204900631
"2015-03-29 18:07:26";513.583686711933
"2015-03-29 18:07:36";392.74877457292
"2015-03-29 18:07:44";392.74877457292
"2015-03-29 18:07:47";366.944204900631
"2015-03-29 18:07:51";366.944204900631
"2015-03-29 18:07:55";366.944204900631
"2015-03-29 18:07:56";366.944204900631
"2015-03-29 18:08:21";366.944204900631
"2015-03-29 18:09:03";366.944204900631
"2015-03-29 18:09:04";366.944204900631
"2015-03-29 18:09:12";513.583686711933
"2015-03-29 18:09:46";392.74877457292
"2015-03-29 18:09:50";392.74877457292
"2015-03-29 18:09:56";392.74877457292
"2015-03-29 18:10:14";392.74877457292
"2015-03-29 18:10:18";392.74877457292
"2015-03-29 18:10:20";392.74877457292
"2015-03-29 18:10:24";392.74877457292
"2015-03-29 18:10:28";392.74877457292
"2015-03-29 18:10:57";392.74877457292
"2015-03-29 18:11:46";366.944204900631
"2015-03-29 18:12:04";513.583686711933
"2015-03-29 18:12:52";392.74877457292
"2015-03-29 18:13:18";392.74877457292
"2015-03-29 18:13:53";392.74877457292
"2015-03-29 18:14:41";392.74877457292
"2015-03-29 18:14:50";392.74877457292
"2015-03-29 18:16:02";392.74877457292
"2015-03-29 18:16:14";392.74877457292
"2015-03-29 18:16:26";392.74877457292
"2015-03-29 18:16:32";392.74877457292
"2015-03-29 18:16:34";392.74877457292
"2015-03-29 18:16:41";366.944204900631
"2015-03-29 18:17:47";366.944204900631
"2015-03-29 18:18:16";366.944204900631
"2015-03-29 18:18:21";392.74877457292
"2015-03-29 18:19:18";366.944204900631
"2015-03-29 18:19:22";366.944204900631
"2015-03-29 18:19:57";366.944204900631
"2015-03-29 18:20:02";366.944204900631
"2015-03-29 18:20:46";366.944204900631
"2015-03-29 18:21:15";366.944204900631
"2015-03-29 18:21:24";392.74877457292
"2015-03-29 18:22:19";366.944204900631
"2015-03-29 18:22:21";366.944204900631
"2015-03-29 18:22:43";366.944204900631
"2015-03-29 18:23:01";366.944204900631
"2015-03-29 18:23:14";366.944204900631
"2015-03-29 18:23:22";366.944204900631
"2015-03-29 18:23:24";366.944204900631
"2015-03-29 18:24:04";297.083417577463
"2015-03-29 18:24:07";297.083417577463
"2015-03-29 18:24:18";297.083417577463
"2015-03-29 18:24:29";297.083417577463
"2015-03-29 18:24:35";297.083417577463
"2015-03-29 18:24:40";297.083417577463
"2015-03-29 18:24:44";297.083417577463
"2015-03-29 18:25:16";297.083417577463
"2015-03-29 18:25:23";297.083417577463
"2015-03-29 18:25:33";297.083417577463
"2015-03-29 18:25:34";297.083417577463
"2015-03-29 18:25:45";297.083417577463
"2015-03-29 18:25:51";297.083417577463
"2015-03-29 18:26:31";297.083417577463
"2015-03-29 18:26:43";297.083417577463
"2015-03-29 18:26:49";297.083417577463
"2015-03-29 18:26:51";297.083417577463
"2015-03-29 18:27:04";297.083417577463
"2015-03-29 18:28:05";297.083417577463
"2015-03-29 18:28:10";297.083417577463
"2015-03-29 18:28:20";297.083417577463
"2015-03-29 18:28:33";297.083417577463
"2015-03-29 18:28:35";297.083417577463
"2015-03-29 18:29:00";297.083417577463
"2015-03-29 18:29:02";297.083417577463
"2015-03-29 18:30:28";297.083417577463
"2015-03-29 18:30:36";297.083417577463
"2015-03-29 18:30:53";297.083417577463
"2015-03-29 18:30:56";297.083417577463
"2015-03-29 18:30:58";297.083417577463
"2015-03-29 18:31:24";297.083417577463
"2015-03-29 18:31:27";297.083417577463
"2015-03-29 18:32:28";297.083417577463
"2015-03-29 18:32:30";297.083417577463
"2015-03-29 18:32:33";297.083417577463
"2015-03-29 18:32:58";297.083417577463
"2015-03-29 18:33:01";297.083417577463
"2015-03-29 18:33:16";297.083417577463
"2015-03-29 18:33:35";297.083417577463
"2015-03-29 18:33:49";297.083417577463
"2015-03-29 18:33:51";297.083417577463
"2015-03-29 18:34:10";366.944204900631
"2015-03-29 18:34:13";366.944204900631
"2015-03-29 18:34:18";297.083417577463
"2015-03-29 18:35:49";297.083417577463
"2015-03-29 18:35:51";297.083417577463
"2015-03-29 18:35:56";297.083417577463
"2015-03-29 18:35:58";297.083417577463
"2015-03-29 18:36:36";366.944204900631
"2015-03-29 18:36:48";366.944204900631
"2015-03-29 18:37:10";366.944204900631
"2015-03-29 18:37:25";366.944204900631
"2015-03-29 18:37:45";366.944204900631
"2015-03-29 18:38:03";366.944204900631
"2015-03-29 18:38:08";366.944204900631
"2015-03-29 18:38:24";366.944204900631
"2015-03-29 18:38:33";366.944204900631
"2015-03-29 18:38:35";366.944204900631
"2015-03-29 18:38:41";366.944204900631
"2015-03-29 18:38:56";366.944204900631
"2015-03-29 18:39:08";366.944204900631
"2015-03-29 18:39:45";366.944204900631
"2015-03-29 18:39:54";513.583686711933
"2015-03-29 18:40:04";392.74877457292
"2015-03-29 18:40:15";392.74877457292
"2015-03-29 18:40:25";392.74877457292
"2015-03-29 18:40:33";392.74877457292
"2015-03-29 18:40:41";392.74877457292
"2015-03-29 18:40:52";392.74877457292
"2015-03-29 18:40:56";392.74877457292
"2015-03-29 18:41:00";392.74877457292
"2015-03-29 18:41:04";392.74877457292
"2015-03-29 18:41:09";392.74877457292
"2015-03-29 18:41:20";392.74877457292
"2015-03-29 18:41:23";392.74877457292
"2015-03-29 18:41:30";392.74877457292
"2015-03-29 18:41:44";392.74877457292
"2015-03-29 18:41:52";392.74877457292
"2015-03-29 18:42:08";392.74877457292
"2015-03-29 18:42:11";392.74877457292
"2015-03-29 18:42:14";392.74877457292
"2015-03-29 18:42:29";392.74877457292
"2015-03-29 18:42:34";392.74877457292
"2015-03-29 18:43:18";392.74877457292
"2015-03-29 18:43:22";392.74877457292
"2015-03-29 18:43:46";392.74877457292
"2015-03-29 18:44:05";392.74877457292
"2015-03-29 18:44:33";392.74877457292
"2015-03-29 18:44:55";392.74877457292
"2015-03-29 18:45:19";392.74877457292
"2015-03-29 18:46:29";392.74877457292
"2015-03-29 18:46:37";392.74877457292
"2015-03-29 18:46:57";392.74877457292
"2015-03-29 18:47:13";366.944204900631
"2015-03-29 18:47:59";366.944204900631
"2015-03-29 18:49:32";366.944204900631
"2015-03-29 18:49:37";366.944204900631
"2015-03-29 18:49:52";513.583686711933
"2015-03-29 18:50:29";392.74877457292
"2015-03-29 18:50:31";366.944204900631
"2015-03-29 18:50:37";366.944204900631
"2015-03-29 18:50:45";366.944204900631
"2015-03-29 18:51:41";366.944204900631
"2015-03-29 18:51:57";366.944204900631
"2015-03-29 18:52:57";366.944204900631
"2015-03-29 18:53:52";366.944204900631
"2015-03-29 18:54:34";366.944204900631
"2015-03-29 18:54:43";366.944204900631
"2015-03-29 18:55:04";366.944204900631
"2015-03-29 18:55:06";366.944204900631
"2015-03-29 18:56:02";297.083417577463
"2015-03-29 18:56:14";297.083417577463
"2015-03-29 18:56:31";297.083417577463
"2015-03-29 18:56:59";297.083417577463
"2015-03-29 18:57:07";297.083417577463
"2015-03-29 18:57:21";297.083417577463
"2015-03-29 18:57:26";297.083417577463
"2015-03-29 18:57:40";297.083417577463
"2015-03-29 18:58:21";297.083417577463
"2015-03-29 18:58:31";297.083417577463
"2015-03-29 18:58:41";297.083417577463
"2015-03-29 19:00:05";297.083417577463
"2015-03-29 19:00:28";297.083417577463
"2015-03-29 19:01:16";297.083417577463
"2015-03-29 19:01:19";297.083417577463
"2015-03-29 19:01:26";297.083417577463
"2015-03-29 19:01:41";297.083417577463
"2015-03-29 19:02:04";297.083417577463
"2015-03-29 19:02:06";297.083417577463
"2015-03-29 19:02:08";297.083417577463
"2015-03-29 19:02:43";297.083417577463
"2015-03-29 19:02:53";297.083417577463
"2015-03-29 19:02:57";366.944204900631
"2015-03-29 19:03:01";366.944204900631
"2015-03-29 19:03:03";366.944204900631
"2015-03-29 19:03:06";366.944204900631
"2015-03-29 19:03:08";366.944204900631
"2015-03-29 19:03:36";366.944204900631
"2015-03-29 19:03:37";366.944204900631
"2015-03-29 19:04:20";366.944204900631
"2015-03-29 19:04:27";366.944204900631
"2015-03-29 19:05:17";366.944204900631
"2015-03-29 19:05:23";366.944204900631
"2015-03-29 19:05:31";366.944204900631
"2015-03-29 19:05:35";297.083417577463
"2015-03-29 19:05:46";297.083417577463
"2015-03-29 19:05:57";297.083417577463
"2015-03-29 19:05:59";513.583686711933
"2015-03-29 19:06:00";392.74877457292
"2015-03-29 19:06:13";366.944204900631
"2015-03-29 19:06:26";366.944204900631
"2015-03-29 19:06:45";366.944204900631
"2015-03-29 19:06:54";366.944204900631
"2015-03-29 19:07:30";366.944204900631
"2015-03-29 19:07:44";366.944204900631
"2015-03-29 19:08:42";366.944204900631
"2015-03-29 19:08:57";366.944204900631
"2015-03-29 19:09:05";366.944204900631
"2015-03-29 19:09:09";366.944204900631
"2015-03-29 19:09:12";366.944204900631
"2015-03-29 19:09:22";366.944204900631
"2015-03-29 19:10:56";366.944204900631
"2015-03-29 19:11:02";366.944204900631
"2015-03-29 19:11:19";392.74877457292
"2015-03-29 19:12:05";392.74877457292
"2015-03-29 19:12:07";366.944204900631
"2015-03-29 19:12:11";513.583686711933
"2015-03-29 19:12:13";392.74877457292
"2015-03-29 19:12:28";392.74877457292
"2015-03-29 19:12:39";392.74877457292
"2015-03-29 19:12:50";392.74877457292
"2015-03-29 19:13:02";392.74877457292
"2015-03-29 19:13:12";392.74877457292
"2015-03-29 19:13:37";392.74877457292
"2015-03-29 19:13:48";392.74877457292
"2015-03-29 19:13:51";392.74877457292
"2015-03-29 19:14:26";392.74877457292
"2015-03-29 19:14:44";392.74877457292
"2015-03-29 19:14:57";392.74877457292
"2015-03-29 19:15:05";392.74877457292
"2015-03-29 19:15:48";392.74877457292
"2015-03-29 19:16:20";392.74877457292
"2015-03-29 19:16:31";392.74877457292
"2015-03-29 19:17:31";392.74877457292
"2015-03-29 19:17:36";392.74877457292
"2015-03-29 19:17:54";392.74877457292
"2015-03-29 19:17:57";392.74877457292
"2015-03-29 19:18:38";392.74877457292
"2015-03-29 19:19:31";392.74877457292
"2015-03-29 19:19:34";392.74877457292
"2015-03-29 19:20:18";392.74877457292
"2015-03-29 19:20:23";513.583686711933
"2015-03-29 19:20:34";392.74877457292
"2015-03-29 19:20:39";308.982608647673
"2015-03-29 19:20:45";392.74877457292
"2015-03-29 19:20:55";308.982608647673
"2015-03-29 19:21:01";392.74877457292
"2015-03-29 19:21:09";392.74877457292
"2015-03-29 19:21:46";392.74877457292
"2015-03-29 19:21:49";392.74877457292
"2015-03-29 19:21:52";392.74877457292
"2015-03-29 19:22:00";392.74877457292
"2015-03-29 19:22:17";392.74877457292
"2015-03-29 19:22:19";392.74877457292
"2015-03-29 19:22:23";392.74877457292
"2015-03-29 19:22:25";392.74877457292
"2015-03-29 19:22:36";392.74877457292
"2015-03-29 19:22:40";366.944204900631
"2015-03-29 19:22:46";366.944204900631
"2015-03-29 19:23:02";392.74877457292
"2015-03-29 19:24:07";392.74877457292
"2015-03-29 19:24:09";392.74877457292
"2015-03-29 19:24:11";392.74877457292
"2015-03-29 19:24:14";392.74877457292
"2015-03-29 19:24:35";392.74877457292
"2015-03-29 19:24:46";392.74877457292
"2015-03-29 19:24:50";392.74877457292
"2015-03-29 19:24:51";513.583686711933
"2015-03-29 19:24:55";392.74877457292
"2015-03-29 19:25:03";392.74877457292
"2015-03-29 19:25:04";392.74877457292
"2015-03-29 19:25:06";392.74877457292
"2015-03-29 19:25:28";392.74877457292
"2015-03-29 19:25:38";392.74877457292
"2015-03-29 19:25:53";392.74877457292
"2015-03-29 19:25:55";392.74877457292
"2015-03-29 19:26:44";392.74877457292
"2015-03-29 19:26:51";551.487787900862
"2015-03-29 19:26:56";392.74877457292
"2015-03-29 19:27:11";392.74877457292
"2015-03-29 19:27:18";392.74877457292
"2015-03-29 19:27:20";392.74877457292
"2015-03-29 19:27:27";392.74877457292
"2015-03-29 19:28:03";392.74877457292
"2015-03-29 19:28:05";392.74877457292
"2015-03-29 19:28:12";392.74877457292
"2015-03-29 19:28:23";392.74877457292
"2015-03-29 19:28:34";392.74877457292
"2015-03-29 19:28:59";392.74877457292
"2015-03-29 19:30:27";392.74877457292
"2015-03-29 19:30:54";392.74877457292
"2015-03-29 19:31:54";392.74877457292
"2015-03-29 19:32:29";392.74877457292
"2015-03-29 19:34:01";392.74877457292
"2015-03-29 19:34:05";392.74877457292
"2015-03-29 19:34:38";392.74877457292
"2015-03-29 19:35:17";392.74877457292
"2015-03-29 19:35:19";392.74877457292
"2015-03-29 19:35:35";392.74877457292
"2015-03-29 19:35:40";392.74877457292
"2015-03-29 19:35:50";392.74877457292
"2015-03-29 19:36:45";366.944204900631
"2015-03-29 19:36:47";366.944204900631
"2015-03-29 19:36:48";366.944204900631
"2015-03-29 19:37:21";366.944204900631
"2015-03-29 19:37:29";366.944204900631
"2015-03-29 19:38:24";366.944204900631
"2015-03-29 19:38:41";366.944204900631
"2015-03-29 19:38:42";366.944204900631
"2015-03-29 19:38:43";366.944204900631
"2015-03-29 19:39:28";366.944204900631
"2015-03-29 19:39:35";366.944204900631
"2015-03-29 19:39:38";392.74877457292
"2015-03-29 19:39:42";513.583686711933
"2015-03-29 19:40:40";392.74877457292
"2015-03-29 19:41:02";392.74877457292
"2015-03-29 19:41:07";392.74877457292
"2015-03-29 19:41:09";392.74877457292
"2015-03-29 19:41:12";392.74877457292
"2015-03-29 19:42:04";392.74877457292
"2015-03-29 19:42:25";392.74877457292
"2015-03-29 19:42:34";392.74877457292
"2015-03-29 19:42:36";392.74877457292
"2015-03-29 19:42:37";392.74877457292
"2015-03-29 19:42:40";366.944204900631
"2015-03-29 19:42:44";366.944204900631
"2015-03-29 19:42:48";366.944204900631
"2015-03-29 19:43:01";297.083417577463
"2015-03-29 19:43:40";297.083417577463
"2015-03-29 19:43:43";297.083417577463
"2015-03-29 19:44:09";297.083417577463
"2015-03-29 19:44:47";297.083417577463
"2015-03-29 19:44:58";297.083417577463
"2015-03-29 19:44:58";297.083417577463
"2015-03-29 19:45:00";297.083417577463
"2015-03-29 19:45:02";297.083417577463
"2015-03-29 19:45:03";297.083417577463
"2015-03-29 19:45:05";297.083417577463
"2015-03-29 19:46:43";297.083417577463
"2015-03-29 19:46:49";297.083417577463
"2015-03-29 19:46:50";366.944204900631
"2015-03-29 19:47:26";392.74877457292
"2015-03-29 19:48:19";366.944204900631
"2015-03-29 19:48:32";366.944204900631
"2015-03-29 19:48:39";366.944204900631
"2015-03-29 19:48:57";366.944204900631
"2015-03-29 19:49:30";366.944204900631
"2015-03-29 19:50:46";366.944204900631
"2015-03-29 19:50:48";366.944204900631
"2015-03-29 19:51:00";366.944204900631
"2015-03-29 19:51:29";513.583686711933
"2015-03-29 19:51:36";392.74877457292
"2015-03-29 19:51:42";392.74877457292
"2015-03-29 19:53:09";392.74877457292
"2015-03-29 19:53:11";392.74877457292
"2015-03-29 19:53:19";392.74877457292
"2015-03-29 19:53:23";392.74877457292
"2015-03-29 19:53:27";392.74877457292
"2015-03-29 19:55:41";392.74877457292
"2015-03-29 19:56:08";392.74877457292
"2015-03-29 19:57:03";392.74877457292
"2015-03-29 19:57:06";392.74877457292
"2015-03-29 19:57:17";392.74877457292
"2015-03-29 19:58:43";392.74877457292
"2015-03-29 19:58:58";392.74877457292
"2015-03-29 19:59:36";392.74877457292
"2015-03-29 19:59:38";392.74877457292
"2015-03-29 20:00:47";366.944204900631
"2015-03-29 20:00:49";366.944204900631
"2015-03-29 20:00:53";366.944204900631
"2015-03-29 20:01:02";513.583686711933
"2015-03-29 20:01:05";392.74877457292
"2015-03-29 20:01:14";366.944204900631
"2015-03-29 20:01:15";366.944204900631
"2015-03-29 20:01:25";366.944204900631
"2015-03-29 20:02:52";366.944204900631
"2015-03-29 20:03:00";366.944204900631
"2015-03-29 20:03:14";366.944204900631
"2015-03-29 20:03:18";366.944204900631
"2015-03-29 20:03:21";366.944204900631
"2015-03-29 20:03:34";366.944204900631
"2015-03-29 20:03:36";366.944204900631
"2015-03-29 20:03:44";297.083417577463
"2015-03-29 20:04:24";297.083417577463
"2015-03-29 20:05:08";297.083417577463
"2015-03-29 20:05:14";366.944204900631
"2015-03-29 20:05:18";366.944204900631
"2015-03-29 20:05:20";366.944204900631
"2015-03-29 20:05:44";366.944204900631
"2015-03-29 20:05:48";297.083417577463
"2015-03-29 20:05:54";297.083417577463
"2015-03-29 20:06:51";297.083417577463
"2015-03-29 20:07:00";297.083417577463
"2015-03-29 20:07:13";297.083417577463
"2015-03-29 20:07:24";297.083417577463
"2015-03-29 20:07:34";297.083417577463
"2015-03-29 20:07:37";366.944204900631
"2015-03-29 20:07:40";366.944204900631
"2015-03-29 20:07:51";366.944204900631
"2015-03-29 20:08:04";366.944204900631
"2015-03-29 20:08:09";366.944204900631
"2015-03-29 20:08:12";366.944204900631
"2015-03-29 20:08:25";366.944204900631
"2015-03-29 20:09:13";366.944204900631
"2015-03-29 20:10:20";366.944204900631
"2015-03-29 20:10:35";366.944204900631
"2015-03-29 20:10:42";366.944204900631
"2015-03-29 20:11:48";297.083417577463
"2015-03-29 20:13:44";297.083417577463
"2015-03-29 20:13:49";297.083417577463
"2015-03-29 20:14:06";366.944204900631
"2015-03-29 20:14:18";297.083417577463
"2015-03-29 20:14:46";297.083417577463
"2015-03-29 20:14:53";297.083417577463
"2015-03-29 20:16:14";297.083417577463
"2015-03-29 20:16:21";297.083417577463
"2015-03-29 20:17:55";297.083417577463
"2015-03-29 20:19:32";297.083417577463
"2015-03-29 20:19:34";297.083417577463
"2015-03-29 20:20:45";297.083417577463
"2015-03-29 20:20:55";513.583686711933
"2015-03-29 20:21:59";392.74877457292
"2015-03-29 20:22:41";366.944204900631
"2015-03-29 20:22:43";366.944204900631
"2015-03-29 20:23:09";366.944204900631
"2015-03-29 20:23:30";366.944204900631
"2015-03-29 20:24:15";366.944204900631
"2015-03-29 20:24:34";366.944204900631
"2015-03-29 20:24:43";366.944204900631
"2015-03-29 20:24:45";392.74877457292
"2015-03-29 20:24:50";392.74877457292
"2015-03-29 20:24:52";392.74877457292
"2015-03-29 20:25:11";392.74877457292
"2015-03-29 20:25:13";392.74877457292
"2015-03-29 20:25:27";392.74877457292
"2015-03-29 20:25:34";392.74877457292
"2015-03-29 20:25:47";392.74877457292
"2015-03-29 20:25:50";392.74877457292
"2015-03-29 20:25:54";392.74877457292
"2015-03-29 20:25:56";392.74877457292
"2015-03-29 20:26:04";392.74877457292
"2015-03-29 20:26:23";392.74877457292
"2015-03-29 20:26:28";392.74877457292
"2015-03-29 20:26:52";392.74877457292
"2015-03-29 20:26:59";392.74877457292
"2015-03-29 20:27:01";392.74877457292
"2015-03-29 20:27:21";392.74877457292
"2015-03-29 20:27:29";392.74877457292
"2015-03-29 20:27:32";392.74877457292
"2015-03-29 20:27:40";392.74877457292
"2015-03-29 20:27:42";392.74877457292
"2015-03-29 20:27:45";366.944204900631
"2015-03-29 20:27:47";513.583686711933
"2015-03-29 20:27:52";392.74877457292
"2015-03-29 20:27:57";392.74877457292
"2015-03-29 20:28:05";392.74877457292
"2015-03-29 20:28:08";392.74877457292
"2015-03-29 20:29:19";392.74877457292
"2015-03-29 20:29:43";392.74877457292
"2015-03-29 20:29:52";392.74877457292
"2015-03-29 20:29:54";392.74877457292
"2015-03-29 20:29:57";513.583686711933
"2015-03-29 20:30:03";392.74877457292
"2015-03-29 20:30:45";392.74877457292
"2015-03-29 20:31:38";392.74877457292
"2015-03-29 20:31:43";392.74877457292
"2015-03-29 20:32:07";392.74877457292
"2015-03-29 20:32:33";392.74877457292
"2015-03-29 20:33:41";392.74877457292
"2015-03-29 20:33:56";392.74877457292
"2015-03-29 20:34:13";392.74877457292
"2015-03-29 20:34:31";392.74877457292
"2015-03-29 20:35:11";392.74877457292
"2015-03-29 20:35:13";392.74877457292
"2015-03-29 20:35:53";392.74877457292
"2015-03-29 20:36:13";366.944204900631
"2015-03-29 20:36:27";392.74877457292
"2015-03-29 20:39:05";366.944204900631
"2015-03-29 20:39:08";366.944204900631
"2015-03-29 20:39:41";366.944204900631
"2015-03-29 20:39:56";366.944204900631
"2015-03-29 20:40:42";366.944204900631
"2015-03-29 20:40:56";366.944204900631
"2015-03-29 20:41:01";366.944204900631
"2015-03-29 20:41:23";366.944204900631
"2015-03-29 20:41:27";366.944204900631
"2015-03-29 20:43:09";366.944204900631
"2015-03-29 20:44:06";366.944204900631
"2015-03-29 20:44:08";366.944204900631
"2015-03-29 20:44:10";366.944204900631
"2015-03-29 20:44:16";297.083417577463
"2015-03-29 20:44:50";297.083417577463
"2015-03-29 20:44:56";297.083417577463
"2015-03-29 20:46:02";297.083417577463
"2015-03-29 20:46:09";297.083417577463
"2015-03-29 20:46:10";297.083417577463
"2015-03-29 20:46:13";297.083417577463
"2015-03-29 20:47:31";297.083417577463
"2015-03-29 20:47:34";297.083417577463
"2015-03-29 20:47:36";297.083417577463
"2015-03-29 20:48:23";513.583686711933
"2015-03-29 20:48:33";392.74877457292
"2015-03-29 20:48:47";392.74877457292
"2015-03-29 20:48:51";392.74877457292
"2015-03-29 20:50:31";392.74877457292
"2015-03-29 20:50:33";366.944204900631
"2015-03-29 20:50:36";366.944204900631
"2015-03-29 20:50:38";366.944204900631
"2015-03-29 20:50:49";392.74877457292
"2015-03-29 20:51:11";513.583686711933
"2015-03-29 20:51:59";392.74877457292
"2015-03-29 20:53:01";392.74877457292
"2015-03-29 20:53:03";392.74877457292
"2015-03-29 20:53:47";392.74877457292
"2015-03-29 20:54:17";392.74877457292
"2015-03-29 20:54:33";366.944204900631
"2015-03-29 20:55:01";366.944204900631
"2015-03-29 20:55:33";392.74877457292
"2015-03-29 20:55:34";366.944204900631
"2015-03-29 20:56:42";366.944204900631
"2015-03-29 20:56:43";513.583686711933
"2015-03-29 20:57:40";392.74877457292
"2015-03-29 20:59:43";392.74877457292
"2015-03-29 21:01:09";392.74877457292
"2015-03-29 21:01:49";392.74877457292
"2015-03-29 21:02:32";392.74877457292
"2015-03-29 21:02:34";366.944204900631
"2015-03-29 21:02:41";392.74877457292
"2015-03-29 21:02:48";366.944204900631
"2015-03-29 21:02:54";392.74877457292
"2015-03-29 21:02:59";366.944204900631
"2015-03-29 21:04:59";366.944204900631
"2015-03-29 21:05:14";366.944204900631
"2015-03-29 21:05:19";366.944204900631
"2015-03-29 21:05:22";366.944204900631
"2015-03-29 21:05:26";366.944204900631
"2015-03-29 21:05:38";366.944204900631
"2015-03-29 21:05:42";366.944204900631
"2015-03-29 21:05:52";366.944204900631
"2015-03-29 21:05:53";366.944204900631
"2015-03-29 21:05:57";366.944204900631
"2015-03-29 21:06:44";366.944204900631
"2015-03-29 21:06:47";366.944204900631
"2015-03-29 21:06:49";366.944204900631
"2015-03-29 21:07:01";366.944204900631
"2015-03-29 21:07:25";366.944204900631
"2015-03-29 21:07:26";366.944204900631
"2015-03-29 21:07:31";513.583686711933
"2015-03-29 21:07:33";392.74877457292
"2015-03-29 21:07:37";392.74877457292
"2015-03-29 21:09:46";392.74877457292
"2015-03-29 21:10:40";392.74877457292
"2015-03-29 21:11:43";366.944204900631
"2015-03-29 21:14:29";392.74877457292
"2015-03-29 21:17:10";366.944204900631
"2015-03-29 21:17:13";551.487787900862
"2015-03-29 21:17:22";513.583686711933
"2015-03-29 21:17:33";392.74877457292
"2015-03-29 21:18:49";392.74877457292
"2015-03-29 21:19:05";392.74877457292
"2015-03-29 21:19:26";392.74877457292
"2015-03-29 21:20:17";392.74877457292
"2015-03-29 21:20:20";392.74877457292
"2015-03-29 21:21:00";392.74877457292
"2015-03-29 21:21:13";366.944204900631
"2015-03-29 21:21:18";366.944204900631
"2015-03-29 21:21:22";366.944204900631
"2015-03-29 21:22:35";392.74877457292
"2015-03-29 21:22:43";392.74877457292
"2015-03-29 21:23:16";366.944204900631
"2015-03-29 21:23:18";366.944204900631
"2015-03-29 21:23:20";366.944204900631
"2015-03-29 21:23:31";392.74877457292
"2015-03-29 21:24:06";392.74877457292
"2015-03-29 21:24:07";392.74877457292
"2015-03-29 21:24:09";392.74877457292
"2015-03-29 21:24:13";392.74877457292
"2015-03-29 21:24:19";366.944204900631
"2015-03-29 21:24:29";366.944204900631
"2015-03-29 21:24:31";308.982608647673
"2015-03-29 21:26:08";392.74877457292
"2015-03-29 21:26:18";392.74877457292
"2015-03-29 21:27:01";392.74877457292
"2015-03-29 21:27:54";392.74877457292
"2015-03-29 21:30:11";392.74877457292
"2015-03-29 21:32:47";366.944204900631
"2015-03-29 21:33:21";366.944204900631
"2015-03-29 21:33:23";366.944204900631
"2015-03-29 21:33:48";366.944204900631
"2015-03-29 21:33:50";366.944204900631
"2015-03-29 21:35:15";366.944204900631
"2015-03-29 21:36:22";366.944204900631
"2015-03-29 21:37:08";366.944204900631
"2015-03-29 21:37:59";366.944204900631
"2015-03-29 21:38:01";297.083417577463
"2015-03-29 21:38:08";297.083417577463
"2015-03-29 21:38:27";366.944204900631
"2015-03-29 21:38:39";366.944204900631
"2015-03-29 21:38:49";392.74877457292
"2015-03-29 21:39:00";366.944204900631
"2015-03-29 21:39:56";366.944204900631
"2015-03-29 21:40:16";366.944204900631
"2015-03-29 21:41:15";366.944204900631
"2015-03-29 21:41:25";366.944204900631
"2015-03-29 21:41:29";297.083417577463
"2015-03-29 21:41:41";297.083417577463
"2015-03-29 21:43:16";297.083417577463
"2015-03-29 21:43:20";297.083417577463
"2015-03-29 21:43:36";297.083417577463
"2015-03-29 21:43:51";297.083417577463
"2015-03-29 21:48:03";297.083417577463
"2015-03-29 21:49:25";297.083417577463
"2015-03-29 21:49:29";297.083417577463
"2015-03-29 21:49:36";297.083417577463
"2015-03-29 21:49:40";297.083417577463
"2015-03-29 21:50:50";297.083417577463
"2015-03-29 21:50:52";297.083417577463
"2015-03-29 21:51:15";297.083417577463
"2015-03-29 21:52:59";297.083417577463
"2015-03-29 21:52:59";297.083417577463
"2015-03-29 21:54:38";297.083417577463
"2015-03-29 21:55:03";297.083417577463
"2015-03-29 21:56:24";297.083417577463
"2015-03-29 21:56:52";297.083417577463
"2015-03-29 21:58:11";297.083417577463
"2015-03-29 21:59:42";297.083417577463
"2015-03-29 21:59:47";297.083417577463
"2015-03-29 21:59:59";297.083417577463
"2015-03-29 22:00:51";297.083417577463
"2015-03-29 22:01:27";297.083417577463
"2015-03-29 22:01:31";297.083417577463
"2015-03-29 22:01:32";297.083417577463
"2015-03-29 22:02:03";297.083417577463
"2015-03-29 22:02:56";297.083417577463
"2015-03-29 22:04:03";297.083417577463
"2015-03-29 22:04:51";297.083417577463
"2015-03-29 22:06:02";297.083417577463
"2015-03-29 22:08:52";297.083417577463
"2015-03-29 22:09:28";297.083417577463
"2015-03-29 22:09:58";297.083417577463
"2015-03-29 22:10:53";297.083417577463
"2015-03-29 22:11:48";297.083417577463
"2015-03-29 22:11:51";297.083417577463
"2015-03-29 22:12:23";297.083417577463
"2015-03-29 22:15:01";297.083417577463
"2015-03-29 22:21:15";297.083417577463
"2015-03-29 22:21:18";297.083417577463
"2015-03-29 22:21:20";297.083417577463
"2015-03-29 22:22:33";297.083417577463
"2015-03-29 22:23:22";297.083417577463
"2015-03-29 22:23:37";297.083417577463
"2015-03-29 22:24:23";297.083417577463
"2015-03-29 22:24:48";297.083417577463
"2015-03-29 22:24:50";297.083417577463
"2015-03-29 22:24:51";297.083417577463
"2015-03-29 22:24:58";297.083417577463
"2015-03-29 22:25:03";297.083417577463
"2015-03-29 22:26:13";297.083417577463
"2015-03-29 22:26:26";366.944204900631
"2015-03-29 22:26:29";366.944204900631
"2015-03-29 22:26:40";366.944204900631
"2015-03-29 22:27:05";366.944204900631
"2015-03-29 22:27:18";366.944204900631
"2015-03-29 22:27:22";366.944204900631
"2015-03-29 22:27:23";366.944204900631
"2015-03-29 22:27:33";366.944204900631
"2015-03-29 22:27:46";366.944204900631
"2015-03-29 22:28:10";297.083417577463
"2015-03-29 22:29:13";366.944204900631
"2015-03-29 22:32:52";366.944204900631
"2015-03-29 22:36:14";297.083417577463
"2015-03-29 22:37:22";297.083417577463
"2015-03-29 22:37:24";297.083417577463
"2015-03-29 22:40:56";297.083417577463
"2015-03-29 22:41:09";297.083417577463
"2015-03-29 22:41:11";297.083417577463
"2015-03-29 22:42:20";297.083417577463
"2015-03-29 22:43:21";297.083417577463
"2015-03-29 22:46:17";297.083417577463
"2015-03-29 22:46:39";366.944204900631
"2015-03-29 22:47:59";366.944204900631
"2015-03-29 22:48:58";366.944204900631
"2015-03-29 22:52:10";366.944204900631
"2015-03-29 22:53:05";366.944204900631
"2015-03-29 22:54:28";297.083417577463
"2015-03-29 22:56:09";297.083417577463
"2015-03-29 23:04:52";297.083417577463
"2015-03-29 23:04:54";297.083417577463
"2015-03-29 23:05:22";297.083417577463
"2015-03-29 23:05:24";297.083417577463
"2015-03-29 23:05:26";297.083417577463
"2015-03-29 23:05:51";297.083417577463
"2015-03-29 23:05:57";297.083417577463
"2015-03-29 23:06:00";297.083417577463
"2015-03-29 23:06:05";297.083417577463
"2015-03-29 23:06:12";297.083417577463
"2015-03-29 23:07:14";297.083417577463
"2015-03-29 23:07:21";297.083417577463
"2015-03-29 23:09:10";297.083417577463
"2015-03-29 23:10:08";297.083417577463
"2015-03-29 23:10:25";297.083417577463
"2015-03-29 23:13:08";297.083417577463
"2015-03-29 23:14:17";297.083417577463
"2015-03-29 23:19:17";297.083417577463
"2015-03-29 23:19:24";366.944204900631
"2015-03-29 23:24:03";366.944204900631
"2015-03-29 23:24:42";366.944204900631
"2015-03-29 23:27:08";297.083417577463
"2015-03-29 23:27:22";297.083417577463
"2015-03-29 23:30:18";297.083417577463
"2015-03-29 23:30:46";297.083417577463
"2015-03-29 23:32:33";297.083417577463
"2015-03-29 23:35:09";297.083417577463
"2015-03-29 23:35:15";366.944204900631
"2015-03-29 23:36:42";366.944204900631
"2015-03-29 23:38:16";366.944204900631
"2015-03-29 23:40:40";366.944204900631
"2015-03-29 23:40:43";297.083417577463
"2015-03-29 23:43:34";297.083417577463
"2015-03-29 23:44:58";297.083417577463
"2015-03-29 23:47:00";297.083417577463
"2015-03-29 23:47:01";297.083417577463
"2015-03-29 23:50:39";297.083417577463
"2015-03-29 23:52:33";297.083417577463
"2015-03-29 23:52:36";297.083417577463
"2015-03-29 23:53:03";297.083417577463
