dateAndTime;boostedSvrPrediction
2015-03-03 00:07:03;338.757717
2015-03-03 00:11:08;338.752285
2015-03-03 00:19:11;306.774490
2015-03-03 00:28:48;338.316657
2015-03-03 00:29:49;337.458468
2015-03-03 00:30:31;335.381436
2015-03-03 00:31:09;333.841945
2015-03-03 00:31:13;332.709271
2015-03-03 00:31:20;332.399477
2015-03-03 00:33:31;299.544360
2015-03-03 00:34:40;324.314168
2015-03-03 00:34:46;326.512483
2015-03-03 00:42:16;320.761122
2015-03-03 01:19:26;301.682639
2015-03-03 01:51:27;301.682639
2015-03-03 02:03:17;301.682639
2015-03-03 02:11:33;305.266271
2015-03-03 02:11:39;300.234283
2015-03-03 02:12:28;295.889245
2015-03-03 02:12:46;295.889245
2015-03-03 02:12:57;286.099960
2015-03-03 02:13:25;287.309239
2015-03-03 02:14:30;289.643860
2015-03-03 02:15:59;294.809378
2015-03-03 02:29:15;289.591227
2015-03-03 02:33:32;286.716814
2015-03-03 03:04:39;301.682639
2015-03-03 03:08:20;289.591227
2015-03-03 04:17:58;289.591227
2015-03-03 04:30:55;286.716814
2015-03-03 04:30:59;286.716814
2015-03-03 04:53:10;287.309239
2015-03-03 04:56:16;286.716814
2015-03-03 05:03:34;330.212940
2015-03-03 05:07:39;287.309239
2015-03-03 05:09:59;292.151169
2015-03-03 05:10:34;295.678243
2015-03-03 05:10:36;295.678243
2015-03-03 05:16:39;335.721447
2015-03-03 05:20:02;333.186198
2015-03-03 05:22:14;331.180553
2015-03-03 05:29:02;287.309239
2015-03-03 05:32:25;287.309239
2015-03-03 05:35:49;312.960595
2015-03-03 05:35:57;313.394955
2015-03-03 05:37:42;331.309767
2015-03-03 05:39:14;334.741259
2015-03-03 05:39:50;334.741259
2015-03-03 05:41:56;326.373877
2015-03-03 05:44:37;332.139257
2015-03-03 05:44:54;332.139257
2015-03-03 05:45:51;335.870347
2015-03-03 05:45:58;334.910290
2015-03-03 05:46:47;332.354890
2015-03-03 05:53:57;308.213463
2015-03-03 05:54:33;307.476574
2015-03-03 05:55:25;308.600644
2015-03-03 05:56:49;315.312503
2015-03-03 05:57:18;317.749868
2015-03-03 06:00:10;335.026543
2015-03-03 06:00:33;291.223284
2015-03-03 06:02:43;286.415520
2015-03-03 06:03:37;285.967734
2015-03-03 06:03:49;288.605182
2015-03-03 06:07:35;315.902546
2015-03-03 06:08:17;329.899919
2015-03-03 06:09:56;307.480685
2015-03-03 06:10:03;306.423187
2015-03-03 06:10:30;305.135008
2015-03-03 06:11:29;307.414408
2015-03-03 06:12:02;310.026468
2015-03-03 06:13:00;312.151593
2015-03-03 06:13:55;331.420324
2015-03-03 06:16:57;338.233136
2015-03-03 06:18:53;337.364014
2015-03-03 06:18:57;337.847310
2015-03-03 06:19:12;337.115581
2015-03-03 06:19:28;337.727919
2015-03-03 06:19:34;337.439986
2015-03-03 06:19:59;336.775828
2015-03-03 06:20:37;328.038250
2015-03-03 06:20:41;327.304982
2015-03-03 06:20:43;326.784281
2015-03-03 06:22:08;314.523845
2015-03-03 06:22:20;317.154342
2015-03-03 06:23:05;328.199954
2015-03-03 06:23:32;321.285342
2015-03-03 06:23:44;320.867454
2015-03-03 06:23:45;323.356540
2015-03-03 06:24:07;316.830870
2015-03-03 06:25:45;322.920034
2015-03-03 06:26:40;328.313684
2015-03-03 06:27:20;323.919323
2015-03-03 06:28:12;323.310333
2015-03-03 06:28:23;324.475396
2015-03-03 06:29:45;334.657723
2015-03-03 06:29:49;335.611550
2015-03-03 06:29:58;336.959171
2015-03-03 06:30:21;338.652251
2015-03-03 06:30:46;338.097861
2015-03-03 06:31:24;336.961050
2015-03-03 06:31:30;334.740546
2015-03-03 06:31:39;336.253682
2015-03-03 06:31:41;336.051291
2015-03-03 06:32:00;336.051291
2015-03-03 06:32:26;336.490759
2015-03-03 06:32:36;335.938447
2015-03-03 06:33:35;336.169169
2015-03-03 06:33:48;332.687419
2015-03-03 06:33:52;332.687419
2015-03-03 06:34:02;332.493172
2015-03-03 06:34:44;333.568107
2015-03-03 06:34:45;333.568107
2015-03-03 06:34:55;332.493172
2015-03-03 06:34:57;332.493172
2015-03-03 06:35:01;333.568107
2015-03-03 06:35:04;332.038093
2015-03-03 06:35:11;330.869814
2015-03-03 06:35:13;332.038093
2015-03-03 06:35:16;334.140446
2015-03-03 06:35:25;334.140446
2015-03-03 06:35:34;334.140446
2015-03-03 06:35:36;335.036470
2015-03-03 06:35:44;334.140446
2015-03-03 06:35:50;335.881666
2015-03-03 06:35:56;336.634459
2015-03-03 06:35:58;336.634459
2015-03-03 06:36:00;337.268438
2015-03-03 06:36:02;337.268438
2015-03-03 06:36:04;337.268438
2015-03-03 06:36:11;337.710819
2015-03-03 06:36:13;338.113749
2015-03-03 06:36:18;338.381544
2015-03-03 06:36:20;338.381544
2015-03-03 06:36:23;338.589382
2015-03-03 06:36:25;338.728166
2015-03-03 06:36:31;338.750285
2015-03-03 06:36:55;338.924038
2015-03-03 06:36:58;338.924038
2015-03-03 06:37:01;338.924038
2015-03-03 06:37:05;339.005799
2015-03-03 06:37:11;338.819518
2015-03-03 06:37:14;338.819518
2015-03-03 06:37:21;338.819518
2015-03-03 06:37:28;338.901747
2015-03-03 06:37:31;338.901747
2015-03-03 06:37:32;338.791701
2015-03-03 06:37:35;339.564891
2015-03-03 06:37:38;339.562476
2015-03-03 06:37:40;339.562476
2015-03-03 06:37:49;339.564891
2015-03-03 06:37:52;339.564891
2015-03-03 06:37:57;339.676145
2015-03-03 06:37:58;339.698016
2015-03-03 06:38:06;339.676145
2015-03-03 06:38:13;339.676145
2015-03-03 06:38:19;339.676145
2015-03-03 06:38:20;339.698016
2015-03-03 06:38:23;339.676145
2015-03-03 06:38:24;339.698016
2015-03-03 06:38:31;339.532743
2015-03-03 06:38:41;339.526761
2015-03-03 06:38:48;339.541403
2015-03-03 06:39:03;339.541403
2015-03-03 06:39:06;339.541403
2015-03-03 06:39:07;339.541403
2015-03-03 06:39:13;339.774522
2015-03-03 06:39:20;339.851842
2015-03-03 06:39:23;339.774522
2015-03-03 06:39:27;374.569812
2015-03-03 06:39:27;374.569812
2015-03-03 06:39:28;374.569812
2015-03-03 06:39:31;369.992434
2015-03-03 06:39:35;360.698521
2015-03-03 06:39:38;360.335020
2015-03-03 06:39:38;360.335020
2015-03-03 06:39:40;360.335020
2015-03-03 06:39:46;359.644859
2015-03-03 06:39:47;360.335020
2015-03-03 06:39:55;358.624795
2015-03-03 06:40:01;361.852557
2015-03-03 06:40:01;361.852557
2015-03-03 06:40:12;357.552301
2015-03-03 06:40:14;357.552301
2015-03-03 06:40:16;359.018184
2015-03-03 06:40:18;359.018184
2015-03-03 06:40:23;359.302738
2015-03-03 06:40:30;359.302738
2015-03-03 06:40:43;359.285742
2015-03-03 06:40:44;359.285742
2015-03-03 06:40:51;359.285742
2015-03-03 06:40:57;358.984242
2015-03-03 06:41:01;358.984242
2015-03-03 06:41:03;359.285742
2015-03-03 06:41:08;361.286401
2015-03-03 06:41:10;361.286401
2015-03-03 06:41:18;361.876212
2015-03-03 06:41:26;361.917741
2015-03-03 06:41:30;363.360973
2015-03-03 06:41:50;365.394819
2015-03-03 06:41:52;365.394819
2015-03-03 06:42:01;363.003714
2015-03-03 06:42:23;361.796198
2015-03-03 06:42:34;358.480934
2015-03-03 06:42:39;368.742337
2015-03-03 06:42:44;368.742337
2015-03-03 06:42:58;355.029467
2015-03-03 06:43:01;348.630917
2015-03-03 06:43:06;354.117810
2015-03-03 06:43:08;358.808746
2015-03-03 06:43:17;363.673696
2015-03-03 06:43:27;361.255969
2015-03-03 06:43:37;365.128151
2015-03-03 06:43:41;355.930842
2015-03-03 06:43:52;353.408376
2015-03-03 06:44:00;356.627396
2015-03-03 06:44:03;356.627396
2015-03-03 06:44:07;356.627396
2015-03-03 06:44:09;357.436629
2015-03-03 06:44:12;357.436629
2015-03-03 06:44:14;358.800881
2015-03-03 06:44:18;357.436629
2015-03-03 06:44:20;358.800881
2015-03-03 06:44:22;358.800881
2015-03-03 06:44:25;357.138278
2015-03-03 06:44:28;357.087178
2015-03-03 06:44:33;356.619016
2015-03-03 06:44:37;363.919658
2015-03-03 06:44:45;370.424484
2015-03-03 06:44:47;382.136021
2015-03-03 06:44:59;375.816720
2015-03-03 06:45:11;360.135358
2015-03-03 06:45:13;368.027030
2015-03-03 06:45:17;377.364971
2015-03-03 06:45:19;377.364971
2015-03-03 06:45:27;364.135831
2015-03-03 06:45:30;366.813245
2015-03-03 06:45:39;357.427798
2015-03-03 06:45:41;367.289169
2015-03-03 06:45:43;367.289169
2015-03-03 06:45:52;369.799303
2015-03-03 06:45:58;356.085572
2015-03-03 06:46:02;356.085572
2015-03-03 06:46:07;372.816641
2015-03-03 06:46:13;372.816641
2015-03-03 06:46:27;370.713990
2015-03-03 06:46:40;371.674465
2015-03-03 06:46:47;369.817671
2015-03-03 06:47:00;368.252505
2015-03-03 06:47:05;368.853852
2015-03-03 06:47:06;367.129859
2015-03-03 06:47:37;368.299453
2015-03-03 06:47:47;369.205764
2015-03-03 06:47:48;367.237355
2015-03-03 06:47:52;365.075959
2015-03-03 06:48:15;373.209711
2015-03-03 06:48:21;372.340822
2015-03-03 06:48:24;372.340822
2015-03-03 06:48:30;373.046972
2015-03-03 06:48:46;372.844108
2015-03-03 06:48:50;373.376943
2015-03-03 06:48:53;373.376943
2015-03-03 06:49:05;370.611701
2015-03-03 06:49:07;370.192257
2015-03-03 06:49:24;362.984979
2015-03-03 06:49:27;362.616101
2015-03-03 06:49:35;362.457858
2015-03-03 06:49:53;356.928595
2015-03-03 06:50:06;365.189611
2015-03-03 06:50:15;363.818538
2015-03-03 06:50:16;365.356282
2015-03-03 06:50:25;366.676331
2015-03-03 06:50:46;370.139708
2015-03-03 06:51:00;375.062591
2015-03-03 06:51:04;374.752028
2015-03-03 06:51:06;374.752028
2015-03-03 06:51:22;374.584071
2015-03-03 06:51:30;374.508806
2015-03-03 06:51:33;376.087969
2015-03-03 06:51:45;368.590232
2015-03-03 06:51:52;358.888606
2015-03-03 06:52:00;358.946903
2015-03-03 06:52:11;364.753966
2015-03-03 06:52:11;364.753966
2015-03-03 06:52:17;364.044707
2015-03-03 06:52:23;361.931198
2015-03-03 06:52:25;366.742716
2015-03-03 06:52:58;378.125809
2015-03-03 06:53:10;367.241129
2015-03-03 06:53:12;367.241129
2015-03-03 06:53:25;366.088117
2015-03-03 06:53:28;362.632461
2015-03-03 06:53:33;361.349826
2015-03-03 06:53:39;356.924017
2015-03-03 06:53:42;353.740549
2015-03-03 06:53:43;350.829215
2015-03-03 06:53:52;352.009083
2015-03-03 06:53:57;349.332436
2015-03-03 06:54:03;347.093208
2015-03-03 06:54:06;347.093208
2015-03-03 06:54:09;347.684116
2015-03-03 06:54:11;347.684116
2015-03-03 06:54:18;347.885128
2015-03-03 06:54:35;348.143695
2015-03-03 06:54:37;348.143695
2015-03-03 06:54:39;346.174711
2015-03-03 06:55:00;348.123291
2015-03-03 06:55:17;357.420484
2015-03-03 06:55:24;353.791006
2015-03-03 06:55:55;360.207494
2015-03-03 06:56:09;356.745898
2015-03-03 06:56:12;351.194019
2015-03-03 06:56:34;359.205166
2015-03-03 06:56:47;360.804147
2015-03-03 06:56:54;363.743096
2015-03-03 06:56:59;360.725001
2015-03-03 06:57:17;354.480998
2015-03-03 06:57:26;352.645839
2015-03-03 06:57:29;353.852142
2015-03-03 06:57:31;351.904927
2015-03-03 06:57:40;346.912290
2015-03-03 06:57:50;343.241290
2015-03-03 06:57:55;343.184863
2015-03-03 06:57:58;343.184863
2015-03-03 06:58:09;346.114483
2015-03-03 06:58:30;354.379622
2015-03-03 06:58:42;355.659013
2015-03-03 06:58:46;351.701117
2015-03-03 06:59:01;353.687752
2015-03-03 06:59:16;362.108286
2015-03-03 06:59:22;359.538222
2015-03-03 06:59:27;359.538222
2015-03-03 06:59:39;361.675609
2015-03-03 06:59:46;361.675609
2015-03-03 06:59:48;361.675609
2015-03-03 06:59:53;365.495078
2015-03-03 06:59:59;361.158046
2015-03-03 07:00:03;365.545193
2015-03-03 07:00:19;362.905621
2015-03-03 07:00:37;366.809065
2015-03-03 07:00:39;363.230405
2015-03-03 07:00:43;360.591885
2015-03-03 07:00:46;360.591885
2015-03-03 07:00:54;358.266362
2015-03-03 07:00:57;358.266362
2015-03-03 07:01:00;356.236983
2015-03-03 07:01:15;360.859071
2015-03-03 07:01:17;358.510898
2015-03-03 07:01:23;360.859071
2015-03-03 07:01:26;360.859071
2015-03-03 07:01:29;358.510898
2015-03-03 07:01:32;358.510898
2015-03-03 07:01:40;352.381837
2015-03-03 07:01:57;357.306590
2015-03-03 07:02:04;357.306590
2015-03-03 07:02:08;355.261839
2015-03-03 07:02:15;353.956902
2015-03-03 07:02:18;354.875127
2015-03-03 07:02:25;361.211764
2015-03-03 07:02:29;361.211764
2015-03-03 07:02:34;366.204383
2015-03-03 07:02:46;370.478963
2015-03-03 07:02:57;357.975893
2015-03-03 07:03:04;359.131868
2015-03-03 07:03:34;358.789781
2015-03-03 07:03:39;359.688219
2015-03-03 07:03:49;359.420640
2015-03-03 07:03:52;359.420640
2015-03-03 07:04:00;357.616072
2015-03-03 07:04:21;354.468045
2015-03-03 07:04:33;351.678614
2015-03-03 07:05:36;347.190670
2015-03-03 07:05:40;344.145910
2015-03-03 07:05:54;346.124734
2015-03-03 07:06:29;343.309320
2015-03-03 07:06:36;341.324580
2015-03-03 07:06:44;342.323331
2015-03-03 07:06:49;341.769475
2015-03-03 07:06:55;343.036022
2015-03-03 07:07:00;343.036022
2015-03-03 07:07:20;341.356758
2015-03-03 07:07:26;341.520266
2015-03-03 07:07:32;341.828737
2015-03-03 07:07:56;342.129437
2015-03-03 07:08:24;343.751624
2015-03-03 07:08:28;343.751624
2015-03-03 07:08:34;342.632100
2015-03-03 07:08:37;342.754555
2015-03-03 07:09:00;347.313906
2015-03-03 07:09:04;348.386027
2015-03-03 07:09:46;365.599260
2015-03-03 07:09:52;368.238602
2015-03-03 07:09:55;367.950257
2015-03-03 07:10:05;364.786369
2015-03-03 07:10:20;361.326502
2015-03-03 07:10:24;358.518314
2015-03-03 07:10:29;358.879947
2015-03-03 07:10:35;353.942708
2015-03-03 07:10:37;353.942708
2015-03-03 07:10:50;357.210985
2015-03-03 07:11:01;355.279714
2015-03-03 07:11:04;354.141083
2015-03-03 07:11:05;352.857003
2015-03-03 07:11:16;351.596779
2015-03-03 07:11:22;353.080031
2015-03-03 07:11:34;349.978500
2015-03-03 07:11:48;344.304394
2015-03-03 07:11:51;343.265578
2015-03-03 07:12:03;348.947741
2015-03-03 07:12:05;347.460230
2015-03-03 07:12:07;347.460230
2015-03-03 07:12:13;343.566290
2015-03-03 07:12:19;342.693030
2015-03-03 07:12:35;339.461519
2015-03-03 07:12:41;339.251537
2015-03-03 07:12:49;339.182943
2015-03-03 07:12:52;339.087233
2015-03-03 07:13:01;339.002358
2015-03-03 07:13:23;338.952103
2015-03-03 07:13:25;338.963042
2015-03-03 07:13:37;339.151385
2015-03-03 07:14:01;340.797691
2015-03-03 07:14:17;340.187895
2015-03-03 07:14:21;340.596564
2015-03-03 07:14:29;340.723644
2015-03-03 07:14:48;339.971390
2015-03-03 07:15:08;340.785735
2015-03-03 07:15:31;342.395707
2015-03-03 07:15:39;343.874978
2015-03-03 07:15:41;343.874978
2015-03-03 07:15:53;343.667157
2015-03-03 07:16:00;342.831709
2015-03-03 07:16:07;343.189295
2015-03-03 07:16:16;343.255941
2015-03-03 07:16:20;343.013642
2015-03-03 07:16:31;343.293504
2015-03-03 07:17:35;342.919195
2015-03-03 07:17:59;339.350695
2015-03-03 07:18:02;339.350695
2015-03-03 07:18:06;341.308125
2015-03-03 07:18:14;340.017415
2015-03-03 07:18:31;341.336222
2015-03-03 07:18:58;339.309018
2015-03-03 07:19:20;338.942399
2015-03-03 07:19:40;338.941937
2015-03-03 07:19:46;338.943526
2015-03-03 07:19:48;338.946162
2015-03-03 07:19:51;338.946162
2015-03-03 07:20:04;338.976530
2015-03-03 07:20:27;338.995238
2015-03-03 07:20:31;339.105516
2015-03-03 07:20:34;339.105516
2015-03-03 07:20:42;339.192289
2015-03-03 07:20:46;339.207636
2015-03-03 07:20:47;339.348239
2015-03-03 07:20:50;339.348239
2015-03-03 07:20:56;339.160504
2015-03-03 07:20:59;339.294864
2015-03-03 07:21:02;339.270366
2015-03-03 07:21:06;339.419819
2015-03-03 07:21:13;339.270366
2015-03-03 07:21:22;339.193475
2015-03-03 07:21:29;339.149186
2015-03-03 07:22:05;339.799857
2015-03-03 07:22:10;340.029325
2015-03-03 07:22:29;341.987710
2015-03-03 07:22:33;340.600126
2015-03-03 07:22:42;339.701930
2015-03-03 07:22:48;339.471522
2015-03-03 07:23:02;339.303923
2015-03-03 07:23:04;339.303923
2015-03-03 07:23:08;339.303923
2015-03-03 07:23:54;339.190544
2015-03-03 07:24:29;340.728822
2015-03-03 07:24:31;339.967300
2015-03-03 07:24:43;340.059382
2015-03-03 07:24:45;340.125645
2015-03-03 07:24:47;340.145010
2015-03-03 07:24:50;340.118575
2015-03-03 07:24:59;340.382642
2015-03-03 07:25:04;340.642526
2015-03-03 07:25:12;339.452892
2015-03-03 07:25:14;339.633646
2015-03-03 07:25:15;339.452892
2015-03-03 07:25:19;339.452892
2015-03-03 07:25:49;344.277812
2015-03-03 07:26:07;344.243775
2015-03-03 07:26:16;344.243775
2015-03-03 07:26:16;344.243775
2015-03-03 07:26:52;343.958413
2015-03-03 07:27:07;344.096596
2015-03-03 07:27:10;344.121108
2015-03-03 07:27:20;343.916227
2015-03-03 07:27:50;344.245166
2015-03-03 07:28:05;344.432993
2015-03-03 07:28:12;343.092339
2015-03-03 07:28:15;342.693031
2015-03-03 07:28:17;342.693031
2015-03-03 07:28:20;342.902294
2015-03-03 07:28:22;342.455750
2015-03-03 07:28:25;342.085017
2015-03-03 07:28:48;342.230514
2015-03-03 07:28:50;342.230514
2015-03-03 07:29:03;343.738293
2015-03-03 07:29:07;343.736234
2015-03-03 07:29:12;343.736234
2015-03-03 07:29:19;344.064591
2015-03-03 07:29:21;344.390064
2015-03-03 07:29:40;342.987239
2015-03-03 07:29:42;342.987239
2015-03-03 07:29:47;342.835138
2015-03-03 07:30:12;343.803212
2015-03-03 07:30:40;343.188160
2015-03-03 07:30:43;343.864744
2015-03-03 07:30:46;343.864744
2015-03-03 07:31:04;343.864744
2015-03-03 07:32:03;344.503823
2015-03-03 07:32:03;344.503823
2015-03-03 07:32:04;344.503823
2015-03-03 07:33:06;344.826779
2015-03-03 07:33:11;343.883590
2015-03-03 07:33:24;342.848315
2015-03-03 07:33:49;339.816348
2015-03-03 07:33:55;342.075701
2015-03-03 07:33:57;338.679979
2015-03-03 07:34:03;339.348476
2015-03-03 07:34:09;339.348476
2015-03-03 07:34:11;339.348476
2015-03-03 07:34:21;338.693910
2015-03-03 07:34:25;339.212924
2015-03-03 07:34:38;338.997473
2015-03-03 07:34:46;339.245311
2015-03-03 07:34:53;339.294278
2015-03-03 07:35:00;340.352950
2015-03-03 07:35:03;340.186602
2015-03-03 07:35:16;339.138889
2015-03-03 07:35:24;339.116063
2015-03-03 07:35:31;339.727420
2015-03-03 07:35:54;340.112105
2015-03-03 07:35:57;340.220375
2015-03-03 07:36:07;341.475593
2015-03-03 07:36:41;341.200014
2015-03-03 07:36:45;341.973935
2015-03-03 07:36:49;342.032524
2015-03-03 07:37:03;342.358016
2015-03-03 07:37:07;342.514595
2015-03-03 07:37:12;342.732192
2015-03-03 07:37:14;343.260822
2015-03-03 07:37:32;343.492674
2015-03-03 07:37:46;342.347654
2015-03-03 07:37:49;341.990280
2015-03-03 07:37:51;342.347654
2015-03-03 07:37:58;342.717613
2015-03-03 07:38:29;342.166974
2015-03-03 07:38:54;342.099034
2015-03-03 07:39:15;345.694417
2015-03-03 07:39:56;342.208475
2015-03-03 07:40:09;341.840098
2015-03-03 07:40:12;341.647022
2015-03-03 07:40:13;341.647022
2015-03-03 07:40:16;341.647022
2015-03-03 07:40:21;341.647022
2015-03-03 07:40:44;340.023624
2015-03-03 07:40:58;339.075429
2015-03-03 07:41:00;339.103892
2015-03-03 07:41:09;339.081571
2015-03-03 07:41:16;339.447507
2015-03-03 07:41:53;339.263021
2015-03-03 07:41:58;339.458341
2015-03-03 07:42:04;339.202296
2015-03-03 07:42:04;339.202296
2015-03-03 07:42:17;338.967907
2015-03-03 07:42:22;338.967907
2015-03-03 07:42:24;338.988225
2015-03-03 07:42:54;339.030729
2015-03-03 07:43:59;338.942321
2015-03-03 07:44:05;338.942321
2015-03-03 07:44:11;340.460364
2015-03-03 07:44:16;339.276613
2015-03-03 07:44:29;341.199433
2015-03-03 07:44:58;338.948704
2015-03-03 07:45:07;338.946646
2015-03-03 07:45:09;339.200990
2015-03-03 07:45:15;339.200990
2015-03-03 07:45:52;339.012432
2015-03-03 07:46:06;338.941665
2015-03-03 07:46:16;338.941651
2015-03-03 07:46:55;338.940625
2015-03-03 07:47:13;338.941675
2015-03-03 07:47:16;338.941675
2015-03-03 07:47:32;338.348284
2015-03-03 07:47:56;338.941675
2015-03-03 07:48:00;338.941675
2015-03-03 07:48:06;338.941675
2015-03-03 07:48:18;338.941675
2015-03-03 07:48:45;338.941931
2015-03-03 07:49:15;338.943358
2015-03-03 07:49:35;338.798198
2015-03-03 07:50:20;338.660844
2015-03-03 07:50:43;337.202354
2015-03-03 07:50:57;338.286809
2015-03-03 07:51:57;338.941673
2015-03-03 07:52:19;337.688218
2015-03-03 07:52:51;337.483728
2015-03-03 07:52:54;338.927894
2015-03-03 07:52:57;338.927894
2015-03-03 07:53:44;339.575447
2015-03-03 07:53:49;340.119956
2015-03-03 07:53:54;340.119956
2015-03-03 07:54:01;339.352269
2015-03-03 07:54:03;339.409001
2015-03-03 07:54:11;339.073399
2015-03-03 07:54:15;339.075496
2015-03-03 07:54:19;339.062880
2015-03-03 07:54:53;339.818829
2015-03-03 07:55:07;339.849790
2015-03-03 07:55:12;340.975323
2015-03-03 07:55:17;340.501919
2015-03-03 07:55:28;339.837725
2015-03-03 07:56:28;339.259331
2015-03-03 07:56:42;339.311246
2015-03-03 07:56:56;339.578366
2015-03-03 07:57:07;341.516513
2015-03-03 07:57:34;339.610686
2015-03-03 07:58:07;338.941675
2015-03-03 07:58:12;338.941905
2015-03-03 07:58:13;338.941905
2015-03-03 07:58:59;338.941676
2015-03-03 07:59:11;338.941675
2015-03-03 07:59:17;338.941675
2015-03-03 07:59:18;338.941675
2015-03-03 07:59:20;338.941675
2015-03-03 07:59:42;338.941675
2015-03-03 07:59:46;338.941675
2015-03-03 07:59:57;338.941675
2015-03-03 08:00:19;339.902917
2015-03-03 08:00:32;338.941675
2015-03-03 08:00:47;338.941675
2015-03-03 08:00:49;338.941675
2015-03-03 08:01:08;338.971963
2015-03-03 08:01:46;338.941675
2015-03-03 08:01:51;338.941675
2015-03-03 08:02:07;338.941675
2015-03-03 08:02:18;338.941675
2015-03-03 08:02:33;339.184268
2015-03-03 08:02:48;339.319290
2015-03-03 08:02:52;339.319290
2015-03-03 08:03:29;339.160150
2015-03-03 08:03:41;339.160150
2015-03-03 08:03:48;338.941679
2015-03-03 08:03:58;338.941675
2015-03-03 08:04:01;338.941675
2015-03-03 08:04:15;339.108958
2015-03-03 08:04:40;338.945387
2015-03-03 08:04:44;338.945387
2015-03-03 08:05:06;338.945946
2015-03-03 08:05:13;338.941675
2015-03-03 08:05:18;338.941675
2015-03-03 08:05:24;341.082964
2015-03-03 08:05:45;339.012093
2015-03-03 08:05:53;340.143140
2015-03-03 08:05:55;340.131967
2015-03-03 08:06:19;338.941675
2015-03-03 08:06:22;338.941675
2015-03-03 08:06:32;338.942882
2015-03-03 08:06:47;338.943669
2015-03-03 08:07:14;338.943669
2015-03-03 08:07:19;340.182185
2015-03-03 08:07:24;338.941676
2015-03-03 08:07:39;338.996387
2015-03-03 08:08:29;339.203862
2015-03-03 08:08:31;339.122317
2015-03-03 08:08:33;339.057262
2015-03-03 08:09:08;341.131590
2015-03-03 08:09:11;344.167088
2015-03-03 08:09:13;343.318056
2015-03-03 08:09:32;342.079744
2015-03-03 08:09:34;342.305212
2015-03-03 08:10:10;342.458825
2015-03-03 08:11:02;344.853443
2015-03-03 08:11:11;346.189270
2015-03-03 08:11:20;345.396865
2015-03-03 08:11:29;343.443470
2015-03-03 08:11:31;344.694619
2015-03-03 08:11:40;346.394273
2015-03-03 08:11:51;344.594800
2015-03-03 08:11:54;344.594800
2015-03-03 08:11:59;346.662077
2015-03-03 08:12:17;356.335401
2015-03-03 08:12:19;358.379720
2015-03-03 08:12:29;353.669430
2015-03-03 08:12:55;352.019159
2015-03-03 08:13:19;348.908858
2015-03-03 08:13:21;347.040372
2015-03-03 08:13:40;351.360207
2015-03-03 08:13:46;353.539142
2015-03-03 08:14:02;351.195664
2015-03-03 08:14:15;342.299609
2015-03-03 08:14:17;342.906378
2015-03-03 08:14:20;342.906378
2015-03-03 08:14:26;342.906378
2015-03-03 08:14:40;342.906378
2015-03-03 08:14:42;342.906378
2015-03-03 08:14:45;342.906378
2015-03-03 08:15:09;341.915753
2015-03-03 08:15:14;342.311983
2015-03-03 08:15:42;349.004354
2015-03-03 08:15:47;347.781836
2015-03-03 08:15:54;342.706097
2015-03-03 08:16:12;352.299447
2015-03-03 08:16:20;353.068828
2015-03-03 08:16:26;354.193701
2015-03-03 08:16:28;358.029714
2015-03-03 08:16:48;354.944363
2015-03-03 08:16:52;358.645775
2015-03-03 08:17:03;357.360212
2015-03-03 08:17:07;357.360212
2015-03-03 08:17:20;354.247862
2015-03-03 08:17:42;352.499739
2015-03-03 08:17:48;351.443381
2015-03-03 08:18:02;351.443381
2015-03-03 08:18:05;351.443381
2015-03-03 08:18:15;347.797477
2015-03-03 08:18:16;347.797477
2015-03-03 08:18:24;358.151035
2015-03-03 08:18:44;353.606093
2015-03-03 08:18:48;353.606093
2015-03-03 08:18:51;357.077436
2015-03-03 08:19:09;359.846863
2015-03-03 08:19:19;358.904275
2015-03-03 08:19:23;358.904275
2015-03-03 08:19:25;358.904275
2015-03-03 08:19:32;361.212056
2015-03-03 08:19:34;361.347230
2015-03-03 08:19:40;361.347230
2015-03-03 08:19:56;361.995429
2015-03-03 08:20:03;363.752245
2015-03-03 08:20:29;365.022693
2015-03-03 08:20:45;363.128691
2015-03-03 08:20:48;364.812134
2015-03-03 08:21:06;367.138286
2015-03-03 08:21:12;369.159672
2015-03-03 08:21:21;369.151171
2015-03-03 08:21:37;388.852246
2015-03-03 08:21:42;388.852246
2015-03-03 08:21:49;364.058767
2015-03-03 08:21:59;365.009369
2015-03-03 08:22:10;388.788185
2015-03-03 08:22:17;389.224770
2015-03-03 08:22:37;359.298699
2015-03-03 08:22:47;359.298699
2015-03-03 08:22:51;360.578677
2015-03-03 08:23:12;353.935817
2015-03-03 08:23:19;352.386072
2015-03-03 08:23:25;352.386072
2015-03-03 08:23:28;353.935817
2015-03-03 08:24:16;354.946336
2015-03-03 08:24:18;356.505056
2015-03-03 08:24:26;354.946336
2015-03-03 08:24:28;356.505056
2015-03-03 08:24:53;363.476991
2015-03-03 08:25:10;363.260481
2015-03-03 08:25:15;362.964782
2015-03-03 08:25:23;364.998324
2015-03-03 08:25:26;364.998324
2015-03-03 08:25:29;365.132510
2015-03-03 08:25:37;370.371732
2015-03-03 08:25:40;368.891055
2015-03-03 08:26:03;373.405121
2015-03-03 08:26:11;362.074419
2015-03-03 08:26:18;362.276189
2015-03-03 08:26:38;357.478221
2015-03-03 08:26:50;365.036210
2015-03-03 08:26:56;362.897051
2015-03-03 08:26:59;362.103099
2015-03-03 08:27:04;355.448564
2015-03-03 08:27:56;383.975271
2015-03-03 08:28:00;385.406907
2015-03-03 08:28:17;379.179567
2015-03-03 08:28:35;367.048493
2015-03-03 08:29:04;361.307742
2015-03-03 08:29:06;364.704206
2015-03-03 08:29:07;364.704206
2015-03-03 08:29:23;358.038448
2015-03-03 08:29:24;361.307742
2015-03-03 08:29:30;363.243388
2015-03-03 08:29:37;359.658133
2015-03-03 08:29:53;370.672769
2015-03-03 08:30:07;366.584658
2015-03-03 08:30:19;362.394945
2015-03-03 08:31:04;345.589448
2015-03-03 08:31:26;339.912079
2015-03-03 08:31:43;342.126268
2015-03-03 08:31:45;342.664012
2015-03-03 08:31:50;340.364194
2015-03-03 08:31:51;340.364194
2015-03-03 08:32:11;340.014776
2015-03-03 08:32:42;343.626338
2015-03-03 08:32:52;345.524223
2015-03-03 08:32:55;345.968200
2015-03-03 08:32:59;345.968200
2015-03-03 08:33:01;345.968200
2015-03-03 08:33:11;342.069151
2015-03-03 08:33:14;342.069151
2015-03-03 08:33:22;344.997106
2015-03-03 08:33:27;344.811774
2015-03-03 08:33:36;344.811774
2015-03-03 08:33:44;344.615232
2015-03-03 08:33:46;344.811774
2015-03-03 08:33:49;345.021642
2015-03-03 08:33:53;345.334289
2015-03-03 08:33:59;342.869895
2015-03-03 08:34:25;345.999057
2015-03-03 08:34:30;350.425721
2015-03-03 08:34:33;350.425721
2015-03-03 08:34:36;350.425721
2015-03-03 08:34:41;356.855887
2015-03-03 08:35:10;352.025804
2015-03-03 08:35:25;352.416926
2015-03-03 08:35:34;363.853901
2015-03-03 08:35:51;368.126201
2015-03-03 08:35:54;365.092257
2015-03-03 08:36:12;359.067068
2015-03-03 08:36:25;363.932810
2015-03-03 08:36:25;363.932810
2015-03-03 08:36:39;347.368918
2015-03-03 08:36:40;346.124564
2015-03-03 08:36:42;344.939411
2015-03-03 08:36:57;344.729591
2015-03-03 08:37:15;351.313579
2015-03-03 08:37:25;348.937791
2015-03-03 08:37:47;351.241141
2015-03-03 08:38:03;355.591115
2015-03-03 08:38:10;357.381173
2015-03-03 08:38:15;355.904462
2015-03-03 08:38:22;370.937489
2015-03-03 08:38:27;368.309319
2015-03-03 08:38:49;361.600855
2015-03-03 08:39:11;351.327222
2015-03-03 08:39:40;364.264640
2015-03-03 08:39:49;364.593226
2015-03-03 08:39:56;363.740139
2015-03-03 08:40:21;365.842300
2015-03-03 08:40:26;362.714257
2015-03-03 08:40:48;350.083452
2015-03-03 08:41:05;345.647588
2015-03-03 08:41:15;350.590402
2015-03-03 08:41:26;346.533394
2015-03-03 08:41:32;344.776404
2015-03-03 08:41:38;344.576712
2015-03-03 08:42:08;346.887832
2015-03-03 08:42:13;344.579114
2015-03-03 08:42:40;343.379880
2015-03-03 08:42:59;343.374568
2015-03-03 08:43:36;349.401457
2015-03-03 08:44:05;355.250716
2015-03-03 08:44:10;356.266194
2015-03-03 08:44:14;354.449298
2015-03-03 08:44:22;358.316463
2015-03-03 08:44:26;359.617909
2015-03-03 08:44:39;383.867623
2015-03-03 08:44:41;361.952137
2015-03-03 08:44:57;354.165831
2015-03-03 08:45:30;360.458641
2015-03-03 08:45:53;366.642921
2015-03-03 08:46:01;375.075852
2015-03-03 08:46:13;373.914595
2015-03-03 08:46:17;373.914595
2015-03-03 08:46:19;370.475318
2015-03-03 08:46:35;366.601467
2015-03-03 08:47:01;368.707805
2015-03-03 08:47:53;356.207060
2015-03-03 08:48:01;354.883055
2015-03-03 08:48:03;353.438272
2015-03-03 08:48:15;354.780979
2015-03-03 08:48:25;363.006166
2015-03-03 08:48:46;365.855150
2015-03-03 08:48:49;365.482926
2015-03-03 08:48:57;358.997669
2015-03-03 08:49:35;358.052844
2015-03-03 08:49:42;357.895227
2015-03-03 08:49:58;353.944692
2015-03-03 08:50:05;353.098830
2015-03-03 08:50:19;363.423164
2015-03-03 08:50:21;358.952796
2015-03-03 08:50:27;362.817437
2015-03-03 08:50:27;362.817437
2015-03-03 08:51:18;367.515500
2015-03-03 08:51:28;369.818054
2015-03-03 08:51:32;369.818054
2015-03-03 08:51:40;362.815718
2015-03-03 08:51:47;368.108412
2015-03-03 08:51:54;367.943417
2015-03-03 08:52:05;367.943417
2015-03-03 08:52:20;352.156191
2015-03-03 08:52:30;359.753822
2015-03-03 08:52:53;351.088182
2015-03-03 08:53:14;359.739778
2015-03-03 08:54:11;364.911799
2015-03-03 08:55:06;372.229562
2015-03-03 08:57:43;383.551847
2015-03-03 08:58:11;362.864493
2015-03-03 08:59:00;374.691097
2015-03-03 08:59:20;368.945424
2015-03-03 09:00:33;375.267408
2015-03-03 09:01:08;368.981933
2015-03-03 09:01:38;379.457493
2015-03-03 09:01:51;382.378843
2015-03-03 09:02:05;378.066257
2015-03-03 09:02:30;371.599356
2015-03-03 09:02:45;375.495251
2015-03-03 09:02:57;359.718220
2015-03-03 09:04:28;358.976829
2015-03-03 09:04:58;360.349018
2015-03-03 09:05:00;361.201669
2015-03-03 09:05:17;369.387462
2015-03-03 09:05:30;363.441468
2015-03-03 09:05:35;367.744629
2015-03-03 09:06:18;360.419272
2015-03-03 09:06:22;360.738362
2015-03-03 09:06:51;383.534731
2015-03-03 09:07:12;364.738042
2015-03-03 09:08:06;355.876028
2015-03-03 09:08:43;347.341175
2015-03-03 09:09:05;343.568776
2015-03-03 09:09:38;341.751348
2015-03-03 09:09:47;339.823706
2015-03-03 09:10:09;336.070716
2015-03-03 09:10:58;332.252244
2015-03-03 09:11:37;323.882513
2015-03-03 09:11:43;324.427015
2015-03-03 09:11:55;324.427015
2015-03-03 09:13:05;325.882282
2015-03-03 09:13:39;327.453578
2015-03-03 09:13:39;327.453578
2015-03-03 09:13:47;325.843418
2015-03-03 09:14:30;332.175313
2015-03-03 09:14:47;326.425688
2015-03-03 09:14:50;324.836508
2015-03-03 09:15:23;317.154390
2015-03-03 09:16:10;310.616760
2015-03-03 09:16:26;307.912321
2015-03-03 09:17:12;309.214003
2015-03-03 09:17:22;309.214003
2015-03-03 09:17:50;308.802898
2015-03-03 09:18:14;304.281799
2015-03-03 09:18:15;304.281799
2015-03-03 09:18:37;303.809608
2015-03-03 09:19:17;306.847440
2015-03-03 09:19:22;307.069982
2015-03-03 09:19:38;307.391948
2015-03-03 09:19:50;308.193631
2015-03-03 09:20:14;309.373811
2015-03-03 09:20:20;310.661058
2015-03-03 09:20:28;309.373811
2015-03-03 09:20:36;310.661058
2015-03-03 09:20:44;312.652678
2015-03-03 09:22:15;331.603681
2015-03-03 09:22:31;332.495938
2015-03-03 09:22:46;336.660980
2015-03-03 09:23:29;330.573248
2015-03-03 09:23:35;329.778061
2015-03-03 09:24:11;331.966967
2015-03-03 09:24:55;336.162816
2015-03-03 09:25:21;336.874297
2015-03-03 09:26:09;346.439990
2015-03-03 09:26:16;340.598269
2015-03-03 09:27:12;334.066146
2015-03-03 09:28:34;357.659369
2015-03-03 09:28:46;351.579909
2015-03-03 09:29:11;351.583040
2015-03-03 09:29:26;355.544367
2015-03-03 09:29:43;353.803206
2015-03-03 09:30:12;343.377803
2015-03-03 09:30:28;322.681912
2015-03-03 09:30:30;323.168577
2015-03-03 09:30:43;367.353036
2015-03-03 09:30:45;367.353036
2015-03-03 09:31:03;357.587785
2015-03-03 09:31:05;355.315712
2015-03-03 09:31:06;357.915110
2015-03-03 09:31:19;360.257886
2015-03-03 09:31:31;360.443448
2015-03-03 09:32:09;373.758377
2015-03-03 09:32:28;364.980855
2015-03-03 09:32:30;361.902477
2015-03-03 09:32:35;361.902477
2015-03-03 09:32:51;358.969937
2015-03-03 09:34:38;351.360130
2015-03-03 09:35:27;360.810938
2015-03-03 09:37:20;326.843944
2015-03-03 09:38:05;323.170442
2015-03-03 09:38:14;333.872493
2015-03-03 09:38:17;324.576398
2015-03-03 09:39:38;321.764309
2015-03-03 09:40:12;336.254895
2015-03-03 09:41:03;339.561306
2015-03-03 09:42:26;352.017223
2015-03-03 09:43:23;361.456462
2015-03-03 09:43:24;361.456462
2015-03-03 09:43:57;359.552631
2015-03-03 09:45:25;373.035005
2015-03-03 09:45:26;373.035005
2015-03-03 09:45:36;352.854043
2015-03-03 09:45:40;349.568396
2015-03-03 09:45:43;345.839454
2015-03-03 09:45:54;347.290595
2015-03-03 09:47:18;331.142258
2015-03-03 09:47:31;323.044692
2015-03-03 09:47:54;327.283494
2015-03-03 09:51:03;320.578894
2015-03-03 09:51:26;317.984993
2015-03-03 09:53:33;329.303473
2015-03-03 09:54:56;326.076853
2015-03-03 09:55:08;326.070972
2015-03-03 09:55:22;331.355329
2015-03-03 09:55:41;323.788408
2015-03-03 09:56:55;348.854708
2015-03-03 09:57:03;343.875785
2015-03-03 09:57:54;336.280131
2015-03-03 09:58:52;350.666934
2015-03-03 09:59:12;356.686860
2015-03-03 09:59:14;360.010051
2015-03-03 10:00:27;349.347615
2015-03-03 10:00:49;351.967599
2015-03-03 10:01:19;347.559584
2015-03-03 10:01:56;354.399805
2015-03-03 10:01:59;354.399805
2015-03-03 10:02:02;352.320991
2015-03-03 10:02:02;352.320991
2015-03-03 10:02:03;352.320991
2015-03-03 10:02:24;324.742874
2015-03-03 10:02:34;322.021062
2015-03-03 10:02:38;322.550252
2015-03-03 10:02:44;320.498897
2015-03-03 10:02:54;320.498897
2015-03-03 10:03:14;313.927527
2015-03-03 10:03:15;313.927527
2015-03-03 10:03:50;312.053770
2015-03-03 10:03:55;312.053770
2015-03-03 10:04:55;312.725458
2015-03-03 10:05:14;313.045281
2015-03-03 10:05:17;313.045281
2015-03-03 10:05:27;312.460812
2015-03-03 10:06:10;324.927617
2015-03-03 10:06:19;326.666955
2015-03-03 10:08:09;327.787170
2015-03-03 10:08:20;330.442139
2015-03-03 10:08:49;328.526303
2015-03-03 10:09:09;327.360906
2015-03-03 10:09:11;328.375462
2015-03-03 10:09:38;323.302712
2015-03-03 10:10:00;327.878355
2015-03-03 10:10:47;318.587141
2015-03-03 10:11:46;319.793469
2015-03-03 10:12:01;327.089100
2015-03-03 10:12:01;327.089100
2015-03-03 10:12:02;327.089100
2015-03-03 10:12:45;329.592594
2015-03-03 10:13:17;326.465246
2015-03-03 10:13:46;334.083353
2015-03-03 10:13:54;336.781077
2015-03-03 10:14:29;325.940584
2015-03-03 10:14:48;321.158490
2015-03-03 10:14:52;321.957087
2015-03-03 10:15:03;318.824618
2015-03-03 10:15:16;324.252096
2015-03-03 10:15:24;320.607869
2015-03-03 10:15:53;317.493505
2015-03-03 10:15:57;322.348985
2015-03-03 10:16:09;321.641784
2015-03-03 10:16:15;321.065576
2015-03-03 10:16:46;329.807944
2015-03-03 10:17:02;322.822706
2015-03-03 10:17:31;329.816511
2015-03-03 10:17:46;329.816511
2015-03-03 10:18:15;330.063742
2015-03-03 10:18:35;328.293794
2015-03-03 10:18:41;323.080931
2015-03-03 10:18:48;325.663131
2015-03-03 10:19:11;338.377293
2015-03-03 10:19:11;338.377293
2015-03-03 10:19:51;345.071845
2015-03-03 10:19:58;339.573923
2015-03-03 10:19:59;341.378523
2015-03-03 10:20:34;358.014004
2015-03-03 10:20:35;358.014004
2015-03-03 10:20:47;347.358807
2015-03-03 10:20:53;344.549409
2015-03-03 10:21:12;341.045991
2015-03-03 10:23:30;335.101630
2015-03-03 10:23:42;334.704084
2015-03-03 10:24:09;332.321931
2015-03-03 10:26:00;340.105726
2015-03-03 10:26:11;340.187103
2015-03-03 10:26:55;346.953567
2015-03-03 10:27:40;364.695527
2015-03-03 10:28:16;360.947877
2015-03-03 10:28:37;353.506881
2015-03-03 10:29:23;342.416816
2015-03-03 10:29:58;342.257397
2015-03-03 10:30:13;338.065886
2015-03-03 10:30:15;338.065886
2015-03-03 10:31:47;332.276422
2015-03-03 10:32:00;340.151366
2015-03-03 10:32:16;342.372335
2015-03-03 10:32:51;332.072010
2015-03-03 10:33:51;346.487350
2015-03-03 10:34:20;358.470531
2015-03-03 10:34:24;349.353403
2015-03-03 10:34:46;342.043540
2015-03-03 10:34:47;344.882314
2015-03-03 10:34:52;340.639866
2015-03-03 10:35:00;342.522343
2015-03-03 10:35:31;356.114101
2015-03-03 10:35:49;345.699475
2015-03-03 10:37:06;333.399540
2015-03-03 10:37:17;321.404563
2015-03-03 10:37:25;328.007014
2015-03-03 10:37:28;327.964426
2015-03-03 10:38:19;333.504299
2015-03-03 10:38:23;333.504299
2015-03-03 10:38:27;334.895223
2015-03-03 10:38:47;333.504299
2015-03-03 10:38:56;333.504299
2015-03-03 10:39:07;322.110045
2015-03-03 10:39:27;320.492638
2015-03-03 10:39:40;320.055546
2015-03-03 10:40:38;317.008599
2015-03-03 10:42:18;328.856254
2015-03-03 10:42:21;330.037962
2015-03-03 10:42:53;326.422385
2015-03-03 10:43:44;335.363669
2015-03-03 10:43:57;326.046017
2015-03-03 10:44:31;336.428040
2015-03-03 10:44:47;349.923335
2015-03-03 10:45:25;350.966808
2015-03-03 10:46:26;364.661065
2015-03-03 10:46:50;364.387300
2015-03-03 10:46:50;364.387300
2015-03-03 10:47:11;355.552506
2015-03-03 10:47:11;355.552506
2015-03-03 10:47:27;344.043573
2015-03-03 10:48:07;343.840682
2015-03-03 10:48:38;339.905724
2015-03-03 10:48:39;339.905724
2015-03-03 10:48:50;339.631847
2015-03-03 10:49:43;331.751894
2015-03-03 10:51:00;326.930533
2015-03-03 10:51:32;319.959787
2015-03-03 10:54:20;336.803574
2015-03-03 10:55:05;337.124170
2015-03-03 10:57:11;361.356200
2015-03-03 10:57:16;362.677417
2015-03-03 10:57:46;362.802669
2015-03-03 10:57:51;362.802669
2015-03-03 10:57:52;362.331590
2015-03-03 10:58:06;353.755493
2015-03-03 10:58:07;353.755493
2015-03-03 10:58:13;358.659903
2015-03-03 10:58:37;360.007834
2015-03-03 10:58:39;360.007834
2015-03-03 10:58:55;374.830613
2015-03-03 10:59:10;374.830613
2015-03-03 10:59:16;374.319031
2015-03-03 10:59:51;362.850920
2015-03-03 11:00:03;359.771474
2015-03-03 11:00:11;354.269186
2015-03-03 11:00:21;351.877346
2015-03-03 11:00:51;338.941675
2015-03-03 11:01:13;338.941675
2015-03-03 11:01:28;338.941665
2015-03-03 11:01:29;338.941648
2015-03-03 11:01:36;338.941605
2015-03-03 11:01:40;338.941502
2015-03-03 11:01:59;339.374455
2015-03-03 11:02:08;338.048118
2015-03-03 11:02:13;323.181915
2015-03-03 11:02:16;323.544853
2015-03-03 11:02:34;324.026336
2015-03-03 11:02:43;316.345356
2015-03-03 11:03:06;316.179412
2015-03-03 11:03:06;316.179412
2015-03-03 11:04:15;325.240204
2015-03-03 11:04:27;324.370540
2015-03-03 11:04:51;330.146022
2015-03-03 11:05:27;315.908067
2015-03-03 11:05:31;315.908067
2015-03-03 11:08:09;330.675878
2015-03-03 11:09:01;326.557118
2015-03-03 11:09:53;326.512822
2015-03-03 11:09:54;326.512822
2015-03-03 11:10:39;340.247127
2015-03-03 11:11:42;331.729361
2015-03-03 11:14:00;331.158817
2015-03-03 11:14:30;325.532467
2015-03-03 11:14:51;326.257571
2015-03-03 11:16:57;338.113356
2015-03-03 11:17:06;338.847145
2015-03-03 11:17:07;338.113356
2015-03-03 11:17:12;338.847145
2015-03-03 11:17:25;337.537726
2015-03-03 11:17:50;338.606706
2015-03-03 11:18:14;335.024892
2015-03-03 11:18:26;341.582017
2015-03-03 11:19:26;335.819867
2015-03-03 11:19:34;338.321587
2015-03-03 11:21:22;338.902333
2015-03-03 11:21:57;338.018412
2015-03-03 11:22:41;337.502892
2015-03-03 11:23:51;337.198207
2015-03-03 11:24:07;342.708853
2015-03-03 11:24:23;351.601669
2015-03-03 11:24:57;360.316181
2015-03-03 11:25:23;371.234969
2015-03-03 11:25:28;353.524749
2015-03-03 11:26:39;337.168423
2015-03-03 11:27:55;347.008190
2015-03-03 11:28:20;337.090127
2015-03-03 11:28:28;337.090127
2015-03-03 11:28:39;337.986071
2015-03-03 11:28:55;336.635663
2015-03-03 11:28:57;336.635663
2015-03-03 11:29:01;335.629806
2015-03-03 11:29:12;335.100399
2015-03-03 11:29:22;331.945059
2015-03-03 11:29:46;329.214554
2015-03-03 11:29:48;330.483038
2015-03-03 11:30:04;325.506954
2015-03-03 11:30:12;324.281364
2015-03-03 11:30:38;314.867443
2015-03-03 11:30:51;313.541550
2015-03-03 11:30:57;313.541550
2015-03-03 11:31:30;313.861954
2015-03-03 11:31:34;316.553748
2015-03-03 11:31:37;319.006757
2015-03-03 11:32:47;313.765506
2015-03-03 11:32:56;319.251758
2015-03-03 11:33:10;321.134309
2015-03-03 11:33:16;321.429656
2015-03-03 11:33:33;317.930298
2015-03-03 11:33:36;319.999931
2015-03-03 11:33:44;319.040824
2015-03-03 11:33:49;317.989186
2015-03-03 11:34:03;315.391860
2015-03-03 11:34:18;307.582942
2015-03-03 11:34:29;308.622108
2015-03-03 11:34:40;306.802691
2015-03-03 11:34:43;306.802691
2015-03-03 11:35:20;312.651011
2015-03-03 11:36:22;345.932897
2015-03-03 11:36:31;344.202491
2015-03-03 11:36:36;338.013752
2015-03-03 11:36:38;335.701762
2015-03-03 11:37:10;342.661426
2015-03-03 11:37:24;340.156972
2015-03-03 11:37:46;335.161611
2015-03-03 11:39:23;350.518382
2015-03-03 11:39:25;352.278731
2015-03-03 11:39:30;337.691029
2015-03-03 11:39:58;353.222824
2015-03-03 11:40:02;349.943160
2015-03-03 11:40:44;352.139657
2015-03-03 11:40:57;344.181901
2015-03-03 11:41:01;341.886973
2015-03-03 11:41:21;338.407754
2015-03-03 11:41:24;338.407754
2015-03-03 11:43:08;333.877247
2015-03-03 11:44:09;328.488846
2015-03-03 11:44:22;327.172393
2015-03-03 11:44:24;327.172393
2015-03-03 11:44:37;329.427872
2015-03-03 11:45:05;326.386003
2015-03-03 11:45:16;329.289621
2015-03-03 11:45:47;329.416556
2015-03-03 11:46:53;320.594829
2015-03-03 11:47:31;322.559397
2015-03-03 11:48:28;317.939122
2015-03-03 11:48:34;321.230128
2015-03-03 11:49:42;327.706250
2015-03-03 11:50:02;327.724402
2015-03-03 11:50:10;327.724402
2015-03-03 11:51:40;323.276363
2015-03-03 11:52:13;334.467697
2015-03-03 11:52:16;334.467697
2015-03-03 11:52:49;323.389331
2015-03-03 11:53:15;321.649288
2015-03-03 11:54:02;320.052074
2015-03-03 11:54:14;327.748262
2015-03-03 11:54:21;327.680105
2015-03-03 11:54:25;327.655375
2015-03-03 11:55:55;335.036547
2015-03-03 11:55:59;335.036547
2015-03-03 11:58:16;341.725855
2015-03-03 11:58:18;343.571533
2015-03-03 11:58:22;341.725855
2015-03-03 11:58:32;340.365634
2015-03-03 11:58:40;337.331687
2015-03-03 11:59:33;341.639959
2015-03-03 11:59:40;340.478330
2015-03-03 11:59:47;339.797520
2015-03-03 12:00:45;339.125914
2015-03-03 12:01:16;337.966574
2015-03-03 12:02:54;329.994143
2015-03-03 12:04:17;318.978596
2015-03-03 12:05:13;304.964758
2015-03-03 12:05:27;306.194485
2015-03-03 12:05:35;306.464878
2015-03-03 12:05:36;306.464878
2015-03-03 12:06:06;304.815228
2015-03-03 12:06:18;313.481401
2015-03-03 12:07:43;316.906820
2015-03-03 12:07:48;317.099930
2015-03-03 12:08:21;317.636920
2015-03-03 12:08:33;319.442830
2015-03-03 12:08:42;316.317652
2015-03-03 12:09:35;326.383307
2015-03-03 12:09:40;331.228110
2015-03-03 12:10:11;331.209051
2015-03-03 12:10:40;333.542863
2015-03-03 12:11:03;329.726772
2015-03-03 12:11:46;322.840274
2015-03-03 12:12:17;319.155609
2015-03-03 12:13:24;318.323849
2015-03-03 12:15:13;313.782224
2015-03-03 12:15:34;312.492075
2015-03-03 12:16:28;304.814949
2015-03-03 12:16:28;304.814949
2015-03-03 12:17:00;319.645965
2015-03-03 12:17:16;331.477861
2015-03-03 12:18:04;330.193682
2015-03-03 12:18:52;340.361782
2015-03-03 12:19:36;331.237555
2015-03-03 12:19:38;329.656310
2015-03-03 12:22:49;317.355066
2015-03-03 12:22:51;317.355066
2015-03-03 12:23:01;321.046370
2015-03-03 12:24:40;324.420718
2015-03-03 12:24:49;324.271755
2015-03-03 12:24:49;324.271755
2015-03-03 12:25:33;309.527374
2015-03-03 12:25:50;308.304682
2015-03-03 12:25:53;307.083156
2015-03-03 12:26:36;304.648675
2015-03-03 12:26:42;305.109568
2015-03-03 12:26:54;305.878556
2015-03-03 12:27:05;306.880321
2015-03-03 12:27:32;310.622162
2015-03-03 12:27:48;338.330834
2015-03-03 12:29:17;341.806076
2015-03-03 12:29:46;346.397803
2015-03-03 12:29:53;348.196013
2015-03-03 12:30:11;359.918841
2015-03-03 12:30:20;347.261203
2015-03-03 12:30:25;346.099214
2015-03-03 12:31:44;347.989935
2015-03-03 12:31:48;347.989935
2015-03-03 12:33:57;327.251516
2015-03-03 12:34:15;322.677593
2015-03-03 12:34:25;324.752099
2015-03-03 12:34:34;323.085197
2015-03-03 12:34:35;322.440785
2015-03-03 12:34:43;324.545302
2015-03-03 12:34:59;321.998724
2015-03-03 12:35:12;314.837335
2015-03-03 12:35:28;312.113424
2015-03-03 12:35:36;313.132495
2015-03-03 12:35:49;309.092825
2015-03-03 12:35:52;309.635727
2015-03-03 12:35:59;312.870880
2015-03-03 12:36:02;311.649264
2015-03-03 12:37:09;306.478812
2015-03-03 12:37:29;310.717950
2015-03-03 12:38:06;321.312389
2015-03-03 12:38:33;319.321072
2015-03-03 12:38:41;318.722104
2015-03-03 12:39:05;318.851738
2015-03-03 12:39:05;318.851738
2015-03-03 12:39:07;318.526402
2015-03-03 12:39:50;326.122012
2015-03-03 12:39:51;328.315321
2015-03-03 12:40:36;330.462882
2015-03-03 12:40:46;334.080665
2015-03-03 12:42:09;335.197677
2015-03-03 12:42:47;332.720972
2015-03-03 12:44:06;322.174791
2015-03-03 12:44:32;324.471014
2015-03-03 12:44:35;324.471014
2015-03-03 12:44:40;324.471014
2015-03-03 12:45:20;324.322159
2015-03-03 12:45:22;324.322159
2015-03-03 12:45:52;327.196039
2015-03-03 12:45:58;331.821664
2015-03-03 12:46:11;329.558389
2015-03-03 12:46:19;330.815532
2015-03-03 12:46:37;337.667819
2015-03-03 12:46:53;337.511433
2015-03-03 12:47:01;337.511433
2015-03-03 12:47:15;336.627283
2015-03-03 12:47:18;336.627283
2015-03-03 12:47:34;329.441006
2015-03-03 12:47:35;329.441006
2015-03-03 12:48:17;338.208561
2015-03-03 12:48:48;337.523640
2015-03-03 12:48:50;338.115591
2015-03-03 12:48:51;338.864518
2015-03-03 12:48:57;339.009288
2015-03-03 12:49:05;339.009288
2015-03-03 12:49:47;334.482132
2015-03-03 12:49:52;334.482132
2015-03-03 12:51:28;331.116675
2015-03-03 12:51:34;331.116675
2015-03-03 12:51:36;328.540558
2015-03-03 12:51:52;330.060856
2015-03-03 12:53:01;326.498473
2015-03-03 12:53:05;326.524409
2015-03-03 12:53:27;326.543362
2015-03-03 12:54:02;326.278539
2015-03-03 12:54:20;329.329829
2015-03-03 12:55:55;342.992989
2015-03-03 12:56:58;336.156776
2015-03-03 12:57:04;330.605948
2015-03-03 12:57:20;327.623159
2015-03-03 12:57:35;330.825266
2015-03-03 12:57:48;327.019049
2015-03-03 12:58:01;319.379836
2015-03-03 12:58:18;316.459054
2015-03-03 12:58:29;319.379836
2015-03-03 12:58:30;321.309931
2015-03-03 12:58:48;323.731028
2015-03-03 12:58:59;323.731028
2015-03-03 12:59:23;323.479471
2015-03-03 12:59:40;319.551622
2015-03-03 12:59:58;338.516326
2015-03-03 13:00:28;337.359589
2015-03-03 13:00:44;347.819619
2015-03-03 13:01:27;341.073836
2015-03-03 13:01:49;341.419656
2015-03-03 13:02:18;341.139324
2015-03-03 13:02:47;341.199482
2015-03-03 13:03:16;341.169388
2015-03-03 13:03:55;339.731278
2015-03-03 13:04:14;335.220979
2015-03-03 13:05:01;329.889335
2015-03-03 13:05:27;329.279962
2015-03-03 13:05:35;329.060909
2015-03-03 13:05:38;329.279962
2015-03-03 13:06:23;330.559673
2015-03-03 13:06:36;329.268396
2015-03-03 13:07:29;327.259635
2015-03-03 13:07:49;327.422169
2015-03-03 13:08:13;329.426271
2015-03-03 13:08:13;329.426271
2015-03-03 13:08:23;326.003290
2015-03-03 13:11:51;338.444305
2015-03-03 13:11:53;338.807756
2015-03-03 13:12:02;338.067057
2015-03-03 13:12:12;338.444305
2015-03-03 13:12:27;333.308194
2015-03-03 13:12:28;333.308194
2015-03-03 13:13:03;331.296361
2015-03-03 13:13:55;337.799632
2015-03-03 13:13:56;337.799632
2015-03-03 13:14:44;339.949526
2015-03-03 13:16:37;341.445701
2015-03-03 13:16:47;339.296808
2015-03-03 13:17:20;337.953528
2015-03-03 13:17:28;340.755572
2015-03-03 13:18:03;338.856299
2015-03-03 13:18:12;337.971101
2015-03-03 13:18:29;341.332468
2015-03-03 13:18:40;339.116671
2015-03-03 13:19:13;338.487805
2015-03-03 13:19:31;338.487805
2015-03-03 13:19:54;339.992899
2015-03-03 13:20:18;330.567111
2015-03-03 13:20:22;330.567111
2015-03-03 13:20:56;324.784925
2015-03-03 13:21:00;324.784925
2015-03-03 13:21:09;323.064128
2015-03-03 13:21:28;333.289624
2015-03-03 13:21:34;334.739490
2015-03-03 13:23:31;366.524446
2015-03-03 13:25:31;333.733668
2015-03-03 13:27:53;327.775881
2015-03-03 13:28:33;330.355164
2015-03-03 13:28:49;332.927170
2015-03-03 13:29:54;334.045335
2015-03-03 13:30:38;330.587408
2015-03-03 13:30:48;332.134917
2015-03-03 13:31:09;327.695451
2015-03-03 13:31:10;327.695451
2015-03-03 13:31:45;332.876214
2015-03-03 13:31:48;333.906580
2015-03-03 13:32:01;341.958686
2015-03-03 13:32:24;347.267325
2015-03-03 13:34:17;373.588599
2015-03-03 13:35:52;350.058590
2015-03-03 13:36:13;339.347998
2015-03-03 13:37:26;344.938515
2015-03-03 13:37:31;343.626257
2015-03-03 13:37:32;341.791582
2015-03-03 13:38:40;339.382349
2015-03-03 13:39:00;339.833476
2015-03-03 13:40:37;336.802939
2015-03-03 13:40:40;336.802939
2015-03-03 13:40:55;336.802939
2015-03-03 13:41:57;338.774093
2015-03-03 13:42:17;338.910531
2015-03-03 13:42:21;338.926531
2015-03-03 13:42:24;338.926531
2015-03-03 13:43:32;337.358202
2015-03-03 13:43:34;337.705369
2015-03-03 13:44:27;338.298933
2015-03-03 13:44:44;337.834631
2015-03-03 13:46:01;349.907291
2015-03-03 13:46:07;351.833508
2015-03-03 13:46:47;335.729336
2015-03-03 13:46:59;337.865549
2015-03-03 13:47:12;339.602284
2015-03-03 13:47:30;336.504310
2015-03-03 13:48:46;329.904517
2015-03-03 13:48:50;329.904517
2015-03-03 13:49:36;328.219735
2015-03-03 13:49:47;327.221758
2015-03-03 13:50:05;325.606232
2015-03-03 13:50:39;318.902286
2015-03-03 13:51:03;313.776180
2015-03-03 13:51:40;318.098401
2015-03-03 13:52:07;310.674960
2015-03-03 13:52:21;310.483284
2015-03-03 13:53:14;318.406784
2015-03-03 13:53:27;318.365111
2015-03-03 13:53:43;316.479855
2015-03-03 13:53:49;316.479855
2015-03-03 13:53:58;314.608245
2015-03-03 13:54:00;313.459796
2015-03-03 13:54:46;314.408539
2015-03-03 13:55:02;319.992919
2015-03-03 13:55:21;324.582571
2015-03-03 13:56:02;323.198157
2015-03-03 13:56:20;326.694252
2015-03-03 13:56:34;325.835684
2015-03-03 14:02:42;333.630201
2015-03-03 14:03:03;337.851066
2015-03-03 14:03:44;336.539747
2015-03-03 14:06:15;333.703093
2015-03-03 14:09:48;341.103341
2015-03-03 14:11:26;339.182197
2015-03-03 14:14:43;338.941675
2015-03-03 14:16:24;341.688455
2015-03-03 14:18:45;338.941675
2015-03-03 14:25:58;342.806291
2015-03-03 14:25:58;342.806291
2015-03-03 14:26:32;340.895530
2015-03-03 14:26:32;340.895530
2015-03-03 14:29:09;341.752751
2015-03-03 14:30:22;338.941641
2015-03-03 14:32:08;338.687180
2015-03-03 14:38:15;338.941675
2015-03-03 14:40:27;358.243249
2015-03-03 14:45:57;349.232456
2015-03-03 14:51:48;341.278670
2015-03-03 14:53:07;338.941675
2015-03-03 14:55:38;338.941774
2015-03-03 14:56:55;338.941879
2015-03-03 14:57:45;318.130340
2015-03-03 14:58:18;314.712347
2015-03-03 15:03:35;338.941929
2015-03-03 15:05:04;338.941983
2015-03-03 15:07:42;339.065944
2015-03-03 15:07:59;339.117110
2015-03-03 15:10:11;338.961254
2015-03-03 15:10:37;338.981262
2015-03-03 15:11:11;338.945754
2015-03-03 15:11:49;338.941675
2015-03-03 15:12:16;338.944922
2015-03-03 15:12:20;341.670242
2015-03-03 15:12:24;341.670242
2015-03-03 15:12:26;341.159194
2015-03-03 15:12:33;340.859996
2015-03-03 15:12:35;340.859996
2015-03-03 15:12:38;340.859996
2015-03-03 15:12:42;340.671080
2015-03-03 15:12:52;340.859996
2015-03-03 15:13:45;341.543909
2015-03-03 15:14:17;342.868229
2015-03-03 15:14:19;342.194545
2015-03-03 15:15:24;345.559467
2015-03-03 15:20:09;341.588178
2015-03-03 15:20:54;340.874467
2015-03-03 15:23:13;340.122818
2015-03-03 15:24:21;352.977950
2015-03-03 15:25:25;362.471896
2015-03-03 15:27:31;338.941675
2015-03-03 15:32:06;338.941675
2015-03-03 15:38:08;338.992469
2015-03-03 15:42:22;338.941664
2015-03-03 15:50:08;338.941679
2015-03-03 15:53:42;338.941673
2015-03-03 15:55:39;338.941675
2015-03-03 15:57:31;338.941675
2015-03-03 15:58:06;338.941675
2015-03-03 15:59:44;327.122996
2015-03-03 16:00:02;329.591393
2015-03-03 16:00:37;329.589191
2015-03-03 16:02:29;339.129649
2015-03-03 16:04:59;359.056417
2015-03-03 16:08:06;340.521667
2015-03-03 16:09:48;338.941675
2015-03-03 16:10:26;338.966910
2015-03-03 16:12:18;363.993283
2015-03-03 16:12:21;363.993283
2015-03-03 16:13:23;360.800008
2015-03-03 16:15:57;357.340387
2015-03-03 16:19:00;338.941676
2015-03-03 16:21:34;338.941675
2015-03-03 16:22:13;363.116887
2015-03-03 16:23:02;346.200079
2015-03-03 16:23:41;339.386652
2015-03-03 16:23:54;339.386652
2015-03-03 16:24:32;344.400403
2015-03-03 16:25:20;350.843958
2015-03-03 16:25:34;359.449725
2015-03-03 16:25:36;359.449725
2015-03-03 16:25:46;354.950276
2015-03-03 16:25:53;341.940428
2015-03-03 16:25:57;341.991035
2015-03-03 16:26:07;341.940428
2015-03-03 16:26:09;341.991035
2015-03-03 16:26:14;342.305695
2015-03-03 16:26:26;342.305695
2015-03-03 16:26:28;342.560478
2015-03-03 16:26:30;342.835947
2015-03-03 16:26:31;342.835947
2015-03-03 16:26:33;343.080826
2015-03-03 16:26:33;343.080826
2015-03-03 16:26:57;338.941675
2015-03-03 16:27:00;338.941675
2015-03-03 16:27:04;338.941675
2015-03-03 16:27:28;338.941675
2015-03-03 16:27:36;338.941675
2015-03-03 16:27:46;338.941675
2015-03-03 16:27:48;338.941675
2015-03-03 16:27:56;338.941675
2015-03-03 16:27:59;338.941675
2015-03-03 16:28:01;338.941674
2015-03-03 16:28:04;338.941674
2015-03-03 16:28:11;338.941674
2015-03-03 16:28:13;338.941674
2015-03-03 16:28:15;338.941675
2015-03-03 16:28:20;338.941675
2015-03-03 16:28:41;338.941675
2015-03-03 16:28:53;338.941675
2015-03-03 16:29:00;338.941675
2015-03-03 16:29:50;339.534010
2015-03-03 16:30:23;345.489094
2015-03-03 16:30:25;345.902272
2015-03-03 16:30:44;362.993032
2015-03-03 16:30:51;364.801317
2015-03-03 16:30:54;364.801317
2015-03-03 16:30:56;363.555415
2015-03-03 16:31:01;363.555415
2015-03-03 16:31:13;388.513624
2015-03-03 16:31:18;361.016988
2015-03-03 16:31:41;357.244998
2015-03-03 16:31:52;354.644601
2015-03-03 16:31:54;354.644601
2015-03-03 16:31:57;357.025741
2015-03-03 16:32:22;345.718967
2015-03-03 16:32:27;346.768868
2015-03-03 16:32:49;343.080769
2015-03-03 16:33:10;336.173688
2015-03-03 16:33:30;331.471412
2015-03-03 16:33:35;332.884087
2015-03-03 16:33:48;334.100219
2015-03-03 16:34:03;330.652176
2015-03-03 16:34:27;332.915942
2015-03-03 16:34:33;333.232790
2015-03-03 16:34:41;342.219628
2015-03-03 16:34:54;342.762813
2015-03-03 16:35:10;347.242414
2015-03-03 16:35:14;346.514904
2015-03-03 16:35:16;346.529547
2015-03-03 16:35:25;346.529547
2015-03-03 16:35:29;346.529547
2015-03-03 16:35:34;346.689215
2015-03-03 16:35:47;345.302135
2015-03-03 16:35:49;345.302135
2015-03-03 16:36:30;341.123599
2015-03-03 16:39:14;358.425993
2015-03-03 16:39:49;351.262266
2015-03-03 16:40:26;351.003553
2015-03-03 16:40:29;353.367020
2015-03-03 16:40:35;352.127159
2015-03-03 16:40:53;349.630196
2015-03-03 16:40:58;351.834486
2015-03-03 16:41:07;350.643745
2015-03-03 16:41:10;352.798756
2015-03-03 16:41:12;353.884585
2015-03-03 16:41:19;355.012987
2015-03-03 16:41:20;357.225566
2015-03-03 16:41:45;355.996029
2015-03-03 16:41:58;336.230779
2015-03-03 16:41:59;339.405775
2015-03-03 16:42:00;339.405775
2015-03-03 16:42:25;344.546363
2015-03-03 16:42:34;342.812694
2015-03-03 16:42:39;340.736315
2015-03-03 16:42:42;342.812694
2015-03-03 16:42:58;345.798522
2015-03-03 16:43:03;347.161188
2015-03-03 16:43:21;345.798522
2015-03-03 16:43:24;345.798522
2015-03-03 16:43:38;342.178350
2015-03-03 16:43:43;342.942368
2015-03-03 16:43:43;342.942368
2015-03-03 16:43:50;342.942368
2015-03-03 16:43:57;348.995757
2015-03-03 16:44:05;354.592776
2015-03-03 16:44:17;351.692775
2015-03-03 16:44:18;351.692775
2015-03-03 16:44:19;352.747736
2015-03-03 16:44:20;351.692775
2015-03-03 16:44:31;352.747736
2015-03-03 16:44:34;353.625577
2015-03-03 16:44:46;354.592776
2015-03-03 16:44:52;355.505042
2015-03-03 16:44:54;354.377726
2015-03-03 16:45:15;345.050740
2015-03-03 16:45:57;333.954353
2015-03-03 16:46:17;327.511713
2015-03-03 16:46:41;322.951551
2015-03-03 16:46:42;322.956048
2015-03-03 16:47:23;320.893192
2015-03-03 16:47:37;318.982803
2015-03-03 16:47:49;318.324996
2015-03-03 16:47:57;318.253258
2015-03-03 16:48:53;318.173856
2015-03-03 16:49:09;318.237618
2015-03-03 16:49:32;316.743011
2015-03-03 16:49:34;316.428696
2015-03-03 16:49:55;314.789511
2015-03-03 16:50:02;316.370520
2015-03-03 16:50:04;316.446751
2015-03-03 16:50:16;316.296829
2015-03-03 16:50:21;317.552447
2015-03-03 16:50:42;324.997350
2015-03-03 16:51:24;321.765636
2015-03-03 16:51:46;321.881124
2015-03-03 16:52:11;322.158537
2015-03-03 16:52:16;322.276772
2015-03-03 16:52:23;328.631357
2015-03-03 16:52:29;332.177500
2015-03-03 16:52:46;332.842504
2015-03-03 16:53:03;343.401088
2015-03-03 16:53:07;343.018313
2015-03-03 16:53:10;343.758093
2015-03-03 16:53:12;347.470349
2015-03-03 16:53:20;352.094043
2015-03-03 16:53:22;352.094043
2015-03-03 16:53:29;345.952525
2015-03-03 16:53:49;348.926139
2015-03-03 16:54:03;356.315196
2015-03-03 16:54:14;354.748691
2015-03-03 16:54:36;353.483471
2015-03-03 16:54:42;359.361050
2015-03-03 16:54:46;359.361050
2015-03-03 16:54:56;364.114486
2015-03-03 16:54:59;365.209475
2015-03-03 16:55:14;372.388376
2015-03-03 16:55:20;361.931665
2015-03-03 16:55:37;365.128261
2015-03-03 16:56:06;340.861951
2015-03-03 16:56:16;349.253347
2015-03-03 16:56:24;353.800267
2015-03-03 16:56:44;356.315196
2015-03-03 16:56:58;355.997823
2015-03-03 16:57:04;365.767980
2015-03-03 16:57:09;368.307135
2015-03-03 16:57:11;361.043095
2015-03-03 16:57:18;358.230230
2015-03-03 16:57:28;351.233626
2015-03-03 16:57:43;353.274840
2015-03-03 16:58:02;353.635485
2015-03-03 16:58:13;335.613757
2015-03-03 16:58:32;326.780815
2015-03-03 16:58:59;328.557969
2015-03-03 16:59:04;328.557969
2015-03-03 16:59:18;329.506325
2015-03-03 16:59:20;330.991039
2015-03-03 17:00:10;328.640185
2015-03-03 17:00:15;328.640185
2015-03-03 17:00:29;328.660058
2015-03-03 17:01:04;333.499691
2015-03-03 17:01:24;333.363145
2015-03-03 17:01:43;329.394403
2015-03-03 17:01:57;332.296433
2015-03-03 17:02:14;336.443346
2015-03-03 17:02:26;338.084277
2015-03-03 17:02:37;339.374621
2015-03-03 17:02:44;339.143258
2015-03-03 17:02:52;338.458924
2015-03-03 17:03:06;340.488639
2015-03-03 17:03:22;338.288071
2015-03-03 17:04:17;329.497026
2015-03-03 17:04:21;328.964315
2015-03-03 17:04:30;330.727404
2015-03-03 17:04:36;325.810468
2015-03-03 17:04:37;326.014430
2015-03-03 17:05:25;325.149937
2015-03-03 17:05:29;324.915119
2015-03-03 17:05:53;327.435436
2015-03-03 17:05:56;331.928432
2015-03-03 17:06:30;332.284880
2015-03-03 17:06:51;325.799163
2015-03-03 17:07:06;319.615916
2015-03-03 17:07:09;321.464537
2015-03-03 17:07:13;323.579029
2015-03-03 17:07:15;327.588172
2015-03-03 17:07:45;328.004572
2015-03-03 17:07:51;328.573325
2015-03-03 17:08:25;327.609193
2015-03-03 17:08:30;326.424208
2015-03-03 17:08:35;324.688788
2015-03-03 17:08:50;324.581518
2015-03-03 17:08:59;326.784229
2015-03-03 17:09:28;336.645067
2015-03-03 17:09:30;336.723712
2015-03-03 17:09:32;337.711434
2015-03-03 17:09:47;337.175789
2015-03-03 17:10:07;336.624910
2015-03-03 17:10:09;337.664586
2015-03-03 17:10:23;341.769820
2015-03-03 17:10:30;340.067175
2015-03-03 17:10:31;341.769820
2015-03-03 17:10:38;344.906213
2015-03-03 17:10:42;346.340680
2015-03-03 17:10:47;348.809636
2015-03-03 17:10:51;350.960315
2015-03-03 17:11:12;343.027396
2015-03-03 17:11:17;343.354377
2015-03-03 17:11:52;334.903007
2015-03-03 17:12:10;334.096072
2015-03-03 17:12:21;341.873689
2015-03-03 17:13:01;339.139151
2015-03-03 17:13:10;338.605656
2015-03-03 17:13:14;340.928106
2015-03-03 17:13:29;339.212738
2015-03-03 17:13:30;342.232749
2015-03-03 17:13:36;341.041951
2015-03-03 17:13:43;341.041951
2015-03-03 17:14:45;328.172478
2015-03-03 17:15:00;327.032131
2015-03-03 17:15:04;330.294823
2015-03-03 17:15:08;329.405123
2015-03-03 17:15:11;329.405123
2015-03-03 17:15:12;331.049466
2015-03-03 17:15:26;333.920888
2015-03-03 17:15:44;329.249129
2015-03-03 17:15:52;329.365682
2015-03-03 17:16:23;326.921297
2015-03-03 17:16:40;336.315813
2015-03-03 17:16:45;339.334811
2015-03-03 17:16:49;339.334811
2015-03-03 17:16:50;341.959299
2015-03-03 17:17:10;338.601963
2015-03-03 17:17:57;333.442384
2015-03-03 17:17:59;335.468294
2015-03-03 17:18:21;327.780915
2015-03-03 17:19:11;334.821390
2015-03-03 17:19:33;331.813902
2015-03-03 17:20:16;321.421572
2015-03-03 17:20:29;320.440161
2015-03-03 17:20:29;320.440161
2015-03-03 17:21:19;324.859594
2015-03-03 17:21:32;324.997293
2015-03-03 17:21:35;326.059052
2015-03-03 17:21:37;326.940211
2015-03-03 17:21:40;326.940211
2015-03-03 17:21:53;321.402943
2015-03-03 17:22:05;320.536073
2015-03-03 17:22:08;319.804495
2015-03-03 17:22:15;319.804495
2015-03-03 17:22:16;320.508787
2015-03-03 17:22:25;321.531324
2015-03-03 17:22:41;323.093349
2015-03-03 17:22:45;323.354573
2015-03-03 17:22:49;324.065166
2015-03-03 17:22:54;325.315554
2015-03-03 17:23:22;329.161320
2015-03-03 17:23:42;334.700119
2015-03-03 17:23:50;329.023248
2015-03-03 17:24:07;329.390765
2015-03-03 17:24:18;327.985858
2015-03-03 17:24:50;327.985858
2015-03-03 17:24:59;325.629204
2015-03-03 17:25:03;326.720471
2015-03-03 17:25:14;328.926465
2015-03-03 17:25:24;328.117407
2015-03-03 17:25:35;328.667217
2015-03-03 17:25:40;328.737494
2015-03-03 17:25:45;329.267803
2015-03-03 17:25:53;330.405959
2015-03-03 17:26:11;335.787017
2015-03-03 17:26:31;329.805610
2015-03-03 17:26:38;326.902625
2015-03-03 17:26:47;339.787521
2015-03-03 17:26:52;337.051613
2015-03-03 17:26:57;341.842741
2015-03-03 17:27:00;341.842741
2015-03-03 17:27:45;331.830264
2015-03-03 17:27:47;332.937903
2015-03-03 17:27:49;332.937903
2015-03-03 17:28:02;332.003771
2015-03-03 17:28:35;333.945005
2015-03-03 17:28:40;336.760005
2015-03-03 17:29:07;337.081264
2015-03-03 17:29:21;336.320821
2015-03-03 17:29:55;345.865092
2015-03-03 17:30:10;342.026974
2015-03-03 17:30:18;341.897679
2015-03-03 17:30:31;341.897679
2015-03-03 17:30:43;342.662831
2015-03-03 17:30:54;342.662831
2015-03-03 17:31:06;340.662759
2015-03-03 17:31:15;340.421387
2015-03-03 17:31:33;340.452316
2015-03-03 17:31:34;341.696127
2015-03-03 17:31:46;341.522698
2015-03-03 17:32:00;336.132528
2015-03-03 17:32:05;336.132528
2015-03-03 17:33:33;331.111533
2015-03-03 17:34:06;323.842821
2015-03-03 17:34:29;326.177302
2015-03-03 17:34:42;327.368465
2015-03-03 17:35:07;319.710210
2015-03-03 17:35:09;320.412208
2015-03-03 17:35:18;322.704303
2015-03-03 17:35:21;322.704303
2015-03-03 17:35:27;321.396814
2015-03-03 17:35:30;322.704303
2015-03-03 17:35:35;321.396814
2015-03-03 17:35:39;322.704303
2015-03-03 17:35:55;320.044516
2015-03-03 17:36:07;321.615685
2015-03-03 17:36:11;322.246910
2015-03-03 17:36:13;322.975903
2015-03-03 17:36:26;322.364773
2015-03-03 17:36:32;322.364773
2015-03-03 17:36:44;322.996520
2015-03-03 17:36:47;323.365246
2015-03-03 17:36:59;322.909887
2015-03-03 17:37:13;322.590738
2015-03-03 17:37:23;325.396340
2015-03-03 17:37:36;327.001981
2015-03-03 17:37:46;329.364732
2015-03-03 17:38:40;334.089577
2015-03-03 17:39:20;329.959520
2015-03-03 17:39:28;332.097813
2015-03-03 17:39:39;334.911612
2015-03-03 17:39:43;334.170099
2015-03-03 17:39:46;334.911612
2015-03-03 17:39:48;337.787896
2015-03-03 17:40:04;339.515979
2015-03-03 17:40:10;336.780482
2015-03-03 17:40:30;340.222173
2015-03-03 17:41:20;334.740874
2015-03-03 17:41:55;330.066416
2015-03-03 17:42:10;330.399896
2015-03-03 17:42:18;328.992875
2015-03-03 17:42:22;328.992875
2015-03-03 17:42:43;330.392714
2015-03-03 17:43:00;334.126541
2015-03-03 17:43:11;338.493275
2015-03-03 17:43:13;339.083172
2015-03-03 17:43:31;339.850765
2015-03-03 17:43:50;336.874931
2015-03-03 17:43:52;338.565495
2015-03-03 17:44:34;351.566081
2015-03-03 17:45:02;348.633148
2015-03-03 17:45:58;347.570989
2015-03-03 17:47:00;352.016321
2015-03-03 17:47:40;352.923039
2015-03-03 17:47:58;351.015346
2015-03-03 17:48:21;349.267407
2015-03-03 17:49:18;348.274706
2015-03-03 17:49:48;344.835976
2015-03-03 17:49:58;344.679643
2015-03-03 17:50:06;352.336400
2015-03-03 17:50:13;347.170761
2015-03-03 17:50:50;353.820424
2015-03-03 17:50:53;353.820424
2015-03-03 17:51:12;351.024490
2015-03-03 17:51:15;347.369848
2015-03-03 17:51:27;350.282320
2015-03-03 17:51:31;350.487171
2015-03-03 17:51:38;351.165988
2015-03-03 17:52:14;348.537495
2015-03-03 17:52:29;351.635791
2015-03-03 17:52:36;348.537495
2015-03-03 17:52:40;351.635791
2015-03-03 17:52:46;346.835590
2015-03-03 17:53:08;353.477969
2015-03-03 17:53:25;351.592799
2015-03-03 17:53:37;351.592799
2015-03-03 17:53:38;351.592799
2015-03-03 17:53:40;341.488958
2015-03-03 17:53:40;341.488958
2015-03-03 17:53:48;338.359388
2015-03-03 17:54:05;344.099737
2015-03-03 17:54:08;342.461910
2015-03-03 17:54:14;348.087321
2015-03-03 17:54:39;358.395634
2015-03-03 17:54:41;358.395634
2015-03-03 17:55:10;343.009244
2015-03-03 17:55:23;336.057827
2015-03-03 17:55:31;346.240478
2015-03-03 17:55:33;346.240478
2015-03-03 17:55:39;343.748761
2015-03-03 17:55:50;337.208942
2015-03-03 17:56:37;335.432006
2015-03-03 17:56:40;335.432006
2015-03-03 17:56:43;335.432006
2015-03-03 17:56:45;337.012019
2015-03-03 17:57:03;330.137416
2015-03-03 17:57:08;333.539092
2015-03-03 17:57:17;332.401442
2015-03-03 17:57:30;331.147279
2015-03-03 17:57:41;328.268483
2015-03-03 17:57:49;329.208047
2015-03-03 17:57:52;330.275966
2015-03-03 17:58:14;330.541828
2015-03-03 17:58:18;331.483049
2015-03-03 17:58:28;331.483049
2015-03-03 17:58:33;332.669500
2015-03-03 17:58:53;331.507792
2015-03-03 17:59:02;329.737105
2015-03-03 17:59:22;328.523712
2015-03-03 17:59:51;327.755606
2015-03-03 18:00:11;327.932882
2015-03-03 18:00:21;328.775482
2015-03-03 18:00:35;325.834808
2015-03-03 18:00:41;324.502999
2015-03-03 18:00:43;328.560872
2015-03-03 18:00:59;325.182995
2015-03-03 18:01:07;320.848693
2015-03-03 18:01:12;320.932888
2015-03-03 18:01:28;325.867126
2015-03-03 18:01:35;325.096484
2015-03-03 18:01:59;325.599337
2015-03-03 18:02:22;325.589684
2015-03-03 18:02:24;326.532529
2015-03-03 18:02:31;326.224890
2015-03-03 18:02:47;322.166038
2015-03-03 18:02:54;321.985288
2015-03-03 18:02:57;321.820635
2015-03-03 18:03:06;319.014076
2015-03-03 18:03:22;315.909758
2015-03-03 18:03:31;315.993569
2015-03-03 18:03:49;317.086711
2015-03-03 18:04:03;319.387411
2015-03-03 18:04:05;321.306721
2015-03-03 18:04:23;330.143732
2015-03-03 18:04:32;330.143732
2015-03-03 18:04:35;331.886852
2015-03-03 18:04:37;331.886852
2015-03-03 18:05:05;337.397715
2015-03-03 18:05:10;337.397715
2015-03-03 18:05:15;336.336928
2015-03-03 18:05:17;339.347743
2015-03-03 18:06:01;331.445923
2015-03-03 18:06:03;333.795750
2015-03-03 18:06:37;338.102025
2015-03-03 18:07:05;343.734777
2015-03-03 18:07:07;344.408516
2015-03-03 18:07:28;342.215415
2015-03-03 18:07:31;344.156807
2015-03-03 18:07:35;345.307162
2015-03-03 18:07:38;347.474026
2015-03-03 18:08:04;353.429075
2015-03-03 18:08:22;350.180559
2015-03-03 18:08:48;357.895630
2015-03-03 18:09:00;355.641319
2015-03-03 18:09:10;353.917071
2015-03-03 18:09:16;355.255671
2015-03-03 18:09:32;351.132840
2015-03-03 18:09:39;348.869569
2015-03-03 18:09:52;342.840212
2015-03-03 18:10:06;341.215077
2015-03-03 18:10:16;350.420933
2015-03-03 18:10:18;350.420933
2015-03-03 18:10:21;349.360650
2015-03-03 18:10:42;344.810965
2015-03-03 18:10:44;345.557152
2015-03-03 18:11:04;369.836450
2015-03-03 18:11:20;367.511895
2015-03-03 18:11:24;366.672901
2015-03-03 18:11:43;365.212328
2015-03-03 18:11:54;364.258564
2015-03-03 18:12:01;364.943563
2015-03-03 18:12:21;366.567014
2015-03-03 18:12:49;355.945223
2015-03-03 18:12:56;360.346827
2015-03-03 18:13:05;362.062866
2015-03-03 18:13:15;363.789291
2015-03-03 18:13:30;363.618264
2015-03-03 18:13:32;364.678511
2015-03-03 18:13:42;364.103062
2015-03-03 18:14:04;368.941134
2015-03-03 18:14:24;369.019003
2015-03-03 18:14:30;363.272617
2015-03-03 18:14:36;367.896635
2015-03-03 18:14:50;362.363325
2015-03-03 18:15:04;377.461463
2015-03-03 18:15:17;370.501897
2015-03-03 18:15:45;369.382340
2015-03-03 18:15:47;369.382340
2015-03-03 18:16:47;357.564370
2015-03-03 18:16:57;359.367173
2015-03-03 18:16:59;361.499977
2015-03-03 18:17:12;354.824702
2015-03-03 18:17:36;360.415461
2015-03-03 18:18:35;342.057466
2015-03-03 18:18:37;342.057466
2015-03-03 18:19:03;341.241010
2015-03-03 18:19:06;338.895359
2015-03-03 18:19:20;344.770903
2015-03-03 18:19:32;342.757030
2015-03-03 18:19:58;357.896214
2015-03-03 18:20:04;359.111176
2015-03-03 18:20:24;344.136871
2015-03-03 18:20:27;346.066265
2015-03-03 18:20:32;351.512275
2015-03-03 18:20:47;344.864812
2015-03-03 18:20:56;348.491701
2015-03-03 18:21:00;348.491701
2015-03-03 18:21:07;348.853347
2015-03-03 18:21:12;348.308703
2015-03-03 18:21:15;350.661808
2015-03-03 18:21:29;349.000765
2015-03-03 18:21:30;349.344832
2015-03-03 18:21:35;349.574205
2015-03-03 18:21:48;360.106345
2015-03-03 18:21:57;358.617673
2015-03-03 18:23:02;355.719215
2015-03-03 18:23:10;354.392960
2015-03-03 18:24:26;340.076216
2015-03-03 18:24:32;338.100602
2015-03-03 18:24:40;350.622528
2015-03-03 18:24:46;338.315216
2015-03-03 18:24:52;338.315216
2015-03-03 18:24:56;340.802559
2015-03-03 18:25:02;338.098160
2015-03-03 18:25:05;338.098160
2015-03-03 18:25:12;336.353530
2015-03-03 18:25:27;334.086088
2015-03-03 18:25:30;331.113589
2015-03-03 18:25:33;329.709728
2015-03-03 18:25:41;335.046369
2015-03-03 18:26:07;330.600286
2015-03-03 18:26:10;329.215171
2015-03-03 18:26:31;328.821565
2015-03-03 18:26:45;332.320196
2015-03-03 18:26:58;326.613103
2015-03-03 18:27:07;328.811753
2015-03-03 18:27:14;328.093627
2015-03-03 18:27:50;329.423799
2015-03-03 18:28:04;330.333734
2015-03-03 18:28:04;330.333734
2015-03-03 18:28:09;331.361781
2015-03-03 18:28:22;331.167840
2015-03-03 18:28:33;330.790785
2015-03-03 18:28:38;330.746661
2015-03-03 18:28:47;331.166479
2015-03-03 18:29:04;345.458538
2015-03-03 18:29:30;346.712076
2015-03-03 18:29:43;347.295360
2015-03-03 18:29:56;351.226372
2015-03-03 18:30:08;352.224166
2015-03-03 18:30:22;361.700023
2015-03-03 18:30:30;357.987279
2015-03-03 18:30:42;351.854531
2015-03-03 18:30:58;352.162895
2015-03-03 18:31:04;352.162895
2015-03-03 18:31:21;351.232887
2015-03-03 18:31:32;352.701637
2015-03-03 18:31:34;356.577365
2015-03-03 18:31:41;356.577365
2015-03-03 18:31:42;358.143857
2015-03-03 18:32:25;353.824210
2015-03-03 18:32:28;353.824210
2015-03-03 18:32:31;353.824210
2015-03-03 18:32:33;353.824210
2015-03-03 18:32:46;352.280069
2015-03-03 18:32:48;349.455479
2015-03-03 18:32:55;346.715066
2015-03-03 18:33:16;355.250207
2015-03-03 18:33:20;355.250207
2015-03-03 18:33:43;357.819895
2015-03-03 18:35:28;331.001689
2015-03-03 18:35:41;328.974088
2015-03-03 18:35:44;328.974088
2015-03-03 18:36:31;331.077505
2015-03-03 18:36:37;331.439246
2015-03-03 18:36:39;331.077505
2015-03-03 18:37:34;323.129947
2015-03-03 18:37:46;316.773707
2015-03-03 18:38:05;317.295093
2015-03-03 18:38:12;319.501271
2015-03-03 18:38:43;320.254746
2015-03-03 18:39:08;325.070208
2015-03-03 18:40:24;322.183210
2015-03-03 18:41:05;321.158430
2015-03-03 18:41:07;321.216674
2015-03-03 18:41:11;317.780488
2015-03-03 18:41:12;318.548643
2015-03-03 18:41:31;316.440010
2015-03-03 18:41:34;316.440010
2015-03-03 18:41:55;321.077691
2015-03-03 18:42:08;323.284914
2015-03-03 18:42:21;323.769564
2015-03-03 18:42:41;331.879638
2015-03-03 18:42:50;326.781155
2015-03-03 18:42:55;328.180634
2015-03-03 18:44:00;324.408389
2015-03-03 18:44:10;324.408389
2015-03-03 18:44:12;324.408389
2015-03-03 18:44:22;324.611442
2015-03-03 18:44:32;321.587768
2015-03-03 18:44:38;322.842196
2015-03-03 18:44:58;325.627087
2015-03-03 18:45:00;326.222368
2015-03-03 18:45:07;326.918313
2015-03-03 18:45:09;327.825022
2015-03-03 18:45:16;331.729386
2015-03-03 18:45:32;335.664317
2015-03-03 18:46:00;340.697759
2015-03-03 18:46:10;340.896972
2015-03-03 18:46:18;339.966771
2015-03-03 18:46:24;341.944245
2015-03-03 18:46:26;342.971843
2015-03-03 18:46:29;346.361869
2015-03-03 18:46:31;347.706771
2015-03-03 18:46:49;344.712570
2015-03-03 18:46:53;329.234094
2015-03-03 18:47:01;329.130078
2015-03-03 18:47:08;335.188086
2015-03-03 18:47:22;335.035248
2015-03-03 18:47:32;338.887000
2015-03-03 18:47:49;343.687069
2015-03-03 18:48:08;339.984403
2015-03-03 18:48:16;343.423105
2015-03-03 18:48:36;338.997237
2015-03-03 18:48:46;344.536613
2015-03-03 18:49:53;348.797411
2015-03-03 18:49:56;350.528688
2015-03-03 18:50:05;347.003574
2015-03-03 18:50:13;343.562041
2015-03-03 18:50:16;343.562041
2015-03-03 18:50:27;336.062417
2015-03-03 18:50:56;341.026355
2015-03-03 18:51:07;344.607727
2015-03-03 18:51:11;344.607727
2015-03-03 18:51:35;336.486211
2015-03-03 18:51:35;336.486211
2015-03-03 18:51:39;337.108904
2015-03-03 18:51:44;338.323154
2015-03-03 18:51:50;338.323154
2015-03-03 18:51:50;338.323154
2015-03-03 18:51:55;338.323154
2015-03-03 18:53:23;331.941076
2015-03-03 18:53:29;332.425600
2015-03-03 18:54:00;328.503044
2015-03-03 18:54:29;327.371692
2015-03-03 18:54:32;326.527583
2015-03-03 18:54:54;328.862420
2015-03-03 18:55:03;331.409415
2015-03-03 18:55:39;330.240345
2015-03-03 18:55:43;329.791477
2015-03-03 18:55:53;330.042840
2015-03-03 18:56:00;330.130943
2015-03-03 18:56:07;330.105206
2015-03-03 18:56:18;331.479148
2015-03-03 18:56:23;332.327007
2015-03-03 18:56:34;341.492097
2015-03-03 18:56:49;347.102649
2015-03-03 18:56:57;350.963222
2015-03-03 18:57:32;346.902412
2015-03-03 18:57:36;346.902412
2015-03-03 18:57:45;351.735782
2015-03-03 18:57:48;355.009339
2015-03-03 18:57:53;361.217431
2015-03-03 18:58:03;362.393031
2015-03-03 18:58:26;354.503790
2015-03-03 18:58:40;352.715217
2015-03-03 18:58:51;355.729404
2015-03-03 18:59:00;359.218753
2015-03-03 18:59:03;359.218753
2015-03-03 18:59:05;357.124108
2015-03-03 18:59:08;357.124108
2015-03-03 18:59:10;355.994542
2015-03-03 18:59:26;350.335541
2015-03-03 18:59:36;345.441920
2015-03-03 18:59:40;342.235071
2015-03-03 18:59:45;341.758531
2015-03-03 18:59:56;365.563442
2015-03-03 18:59:58;365.563442
2015-03-03 19:00:10;365.563442
2015-03-03 19:00:28;366.505538
2015-03-03 19:00:35;366.746226
2015-03-03 19:00:59;367.018659
2015-03-03 19:01:01;367.018659
2015-03-03 19:01:05;367.018659
2015-03-03 19:01:17;365.794778
2015-03-03 19:01:22;365.537850
2015-03-03 19:01:25;365.537850
2015-03-03 19:01:47;363.564682
2015-03-03 19:02:13;356.617468
2015-03-03 19:02:15;359.403666
2015-03-03 19:02:19;359.403666
2015-03-03 19:02:26;361.322087
2015-03-03 19:02:28;361.322087
2015-03-03 19:02:52;359.058480
2015-03-03 19:02:56;356.414194
2015-03-03 19:02:59;359.058480
2015-03-03 19:03:05;359.058480
2015-03-03 19:03:07;359.058480
2015-03-03 19:03:12;359.058480
2015-03-03 19:03:21;355.874676
2015-03-03 19:03:24;358.737462
2015-03-03 19:03:33;352.670947
2015-03-03 19:03:47;353.001218
2015-03-03 19:04:26;335.180926
2015-03-03 19:05:00;332.844112
2015-03-03 19:05:13;325.959224
2015-03-03 19:05:58;320.603471
2015-03-03 19:07:04;319.299839
2015-03-03 19:07:29;318.517966
2015-03-03 19:07:51;318.752586
2015-03-03 19:07:56;318.451128
2015-03-03 19:08:22;314.612537
2015-03-03 19:08:26;314.612537
2015-03-03 19:08:39;313.864692
2015-03-03 19:09:08;314.474837
2015-03-03 19:09:41;320.439692
2015-03-03 19:09:49;320.520841
2015-03-03 19:09:57;319.460736
2015-03-03 19:10:00;319.452584
2015-03-03 19:10:31;318.135777
2015-03-03 19:10:41;317.841028
2015-03-03 19:10:54;318.806060
2015-03-03 19:11:16;324.511529
2015-03-03 19:11:23;324.511529
2015-03-03 19:11:26;324.511529
2015-03-03 19:11:35;322.891601
2015-03-03 19:11:37;327.840352
2015-03-03 19:11:46;329.630836
2015-03-03 19:11:56;329.460262
2015-03-03 19:12:36;325.081309
2015-03-03 19:12:53;328.523114
2015-03-03 19:13:10;324.127224
2015-03-03 19:14:09;323.720950
2015-03-03 19:14:56;327.012869
2015-03-03 19:15:12;325.458650
2015-03-03 19:15:23;325.816126
2015-03-03 19:15:44;327.597548
2015-03-03 19:15:47;327.839451
2015-03-03 19:16:07;328.625097
2015-03-03 19:16:17;329.243214
2015-03-03 19:17:02;322.193824
2015-03-03 19:18:27;330.864620
2015-03-03 19:18:54;330.796710
2015-03-03 19:19:23;331.695779
2015-03-03 19:19:26;337.103234
2015-03-03 19:19:41;335.394087
2015-03-03 19:20:11;341.283882
2015-03-03 19:20:22;338.719110
2015-03-03 19:21:25;333.818537
2015-03-03 19:21:50;337.277184
2015-03-03 19:21:58;336.450583
2015-03-03 19:23:00;333.085996
2015-03-03 19:23:02;334.005296
2015-03-03 19:23:15;332.428035
2015-03-03 19:23:20;333.622088
2015-03-03 19:23:22;334.682314
2015-03-03 19:23:48;333.995765
2015-03-03 19:24:01;323.177366
2015-03-03 19:25:01;324.099820
2015-03-03 19:25:06;322.952152
2015-03-03 19:25:44;329.651629
2015-03-03 19:26:02;332.644559
2015-03-03 19:26:08;333.580748
2015-03-03 19:26:14;333.607820
2015-03-03 19:26:20;334.276771
2015-03-03 19:26:24;333.740760
2015-03-03 19:26:45;337.467701
2015-03-03 19:26:51;337.513298
2015-03-03 19:27:58;345.265189
2015-03-03 19:29:04;333.704025
2015-03-03 19:29:10;338.354761
2015-03-03 19:29:22;338.354761
2015-03-03 19:29:52;345.024256
2015-03-03 19:30:09;344.025500
2015-03-03 19:30:18;336.755558
2015-03-03 19:30:32;343.402615
2015-03-03 19:30:56;331.231089
2015-03-03 19:30:59;331.231089
2015-03-03 19:31:03;331.231089
2015-03-03 19:31:15;330.123465
2015-03-03 19:31:18;331.231089
2015-03-03 19:31:35;335.045938
2015-03-03 19:32:13;333.403343
2015-03-03 19:33:31;342.992719
2015-03-03 19:33:31;342.992719
2015-03-03 19:33:34;344.275515
2015-03-03 19:34:22;336.030750
2015-03-03 19:34:37;334.964350
2015-03-03 19:34:41;337.985811
2015-03-03 19:35:36;335.297305
2015-03-03 19:36:16;339.324552
2015-03-03 19:36:23;339.324552
2015-03-03 19:36:25;340.181376
2015-03-03 19:36:41;337.465800
2015-03-03 19:37:30;334.672041
2015-03-03 19:37:45;342.989915
2015-03-03 19:37:47;335.611019
2015-03-03 19:37:53;339.839923
2015-03-03 19:38:06;340.519073
2015-03-03 19:38:31;334.469540
2015-03-03 19:38:40;332.191783
2015-03-03 19:38:49;338.166910
2015-03-03 19:38:56;329.206808
2015-03-03 19:39:24;329.206808
2015-03-03 19:40:56;327.641296
2015-03-03 19:41:00;328.995719
2015-03-03 19:41:09;328.995719
2015-03-03 19:41:20;326.130450
2015-03-03 19:41:42;324.644250
2015-03-03 19:41:45;325.283323
2015-03-03 19:41:54;321.452060
2015-03-03 19:41:57;324.000827
2015-03-03 19:42:20;322.983183
2015-03-03 19:42:23;324.176291
2015-03-03 19:42:46;324.459964
2015-03-03 19:42:59;322.597424
2015-03-03 19:43:04;323.834568
2015-03-03 19:43:11;325.468506
2015-03-03 19:43:22;332.101175
2015-03-03 19:43:25;333.223849
2015-03-03 19:43:40;325.909188
2015-03-03 19:44:20;320.995281
2015-03-03 19:44:58;321.181830
2015-03-03 19:45:38;323.084350
2015-03-03 19:45:41;323.745941
2015-03-03 19:46:27;319.735101
2015-03-03 19:46:30;319.735101
2015-03-03 19:46:32;319.735101
2015-03-03 19:46:34;321.468762
2015-03-03 19:46:45;321.554421
2015-03-03 19:47:47;325.484207
2015-03-03 19:47:52;325.146326
2015-03-03 19:48:24;320.978084
2015-03-03 19:48:27;320.978084
2015-03-03 19:48:29;320.978084
2015-03-03 19:48:34;323.500589
2015-03-03 19:48:36;327.100074
2015-03-03 19:48:43;328.398964
2015-03-03 19:49:01;328.259314
2015-03-03 19:49:25;332.829904
2015-03-03 19:49:39;327.843485
2015-03-03 19:49:53;329.979819
2015-03-03 19:49:54;331.194699
2015-03-03 19:50:00;331.194699
2015-03-03 19:51:01;326.178343
2015-03-03 19:51:23;325.660041
2015-03-03 19:51:52;326.003874
2015-03-03 19:52:01;324.755939
2015-03-03 19:52:12;331.187087
2015-03-03 19:52:23;323.200420
2015-03-03 19:52:27;333.865500
2015-03-03 19:52:29;336.828160
2015-03-03 19:52:37;335.094622
2015-03-03 19:53:05;326.953900
2015-03-03 19:53:28;323.503343
2015-03-03 19:54:24;322.261408
2015-03-03 19:54:49;318.959292
2015-03-03 19:54:56;319.013094
2015-03-03 19:55:20;319.029903
2015-03-03 19:55:28;317.182297
2015-03-03 19:55:30;318.307540
2015-03-03 19:55:40;321.140589
2015-03-03 19:55:43;321.806223
2015-03-03 19:55:53;322.692865
2015-03-03 19:56:05;322.926686
2015-03-03 19:56:19;333.175788
2015-03-03 19:56:35;333.050120
2015-03-03 19:56:48;335.778052
2015-03-03 19:57:03;343.372520
2015-03-03 19:57:03;343.372520
2015-03-03 19:57:16;335.714657
2015-03-03 19:57:34;328.820039
2015-03-03 19:57:40;331.502289
2015-03-03 19:57:43;331.502289
2015-03-03 19:57:53;333.873958
2015-03-03 19:58:01;331.099323
2015-03-03 19:58:01;331.099323
2015-03-03 19:58:03;334.086443
2015-03-03 19:58:15;335.741854
2015-03-03 19:58:27;337.797779
2015-03-03 19:58:29;336.670365
2015-03-03 19:58:38;334.581256
2015-03-03 19:58:47;334.827205
2015-03-03 19:58:52;335.401361
2015-03-03 19:58:53;337.454339
2015-03-03 19:58:55;337.404445
2015-03-03 19:58:58;338.220172
2015-03-03 19:59:12;334.919291
2015-03-03 19:59:15;338.220172
2015-03-03 19:59:18;341.356804
2015-03-03 19:59:21;344.042719
2015-03-03 19:59:34;346.615040
2015-03-03 20:00:18;345.175028
2015-03-03 20:00:19;345.771557
2015-03-03 20:01:02;339.655998
2015-03-03 20:01:15;338.038613
2015-03-03 20:01:24;337.520468
2015-03-03 20:02:01;332.968062
2015-03-03 20:02:18;322.189897
2015-03-03 20:02:31;323.480035
2015-03-03 20:02:33;323.071846
2015-03-03 20:03:04;320.503637
2015-03-03 20:03:24;319.947149
2015-03-03 20:03:31;321.378052
2015-03-03 20:03:59;315.852238
2015-03-03 20:04:03;318.407066
2015-03-03 20:04:37;313.884747
2015-03-03 20:04:39;314.143407
2015-03-03 20:04:46;314.092157
2015-03-03 20:05:57;309.488765
2015-03-03 20:06:28;309.385446
2015-03-03 20:06:40;313.111113
2015-03-03 20:06:55;314.831980
2015-03-03 20:07:03;314.814640
2015-03-03 20:08:04;312.515526
2015-03-03 20:08:55;318.568112
2015-03-03 20:08:59;318.568112
2015-03-03 20:09:00;318.568112
2015-03-03 20:09:44;316.766710
2015-03-03 20:10:00;323.763720
2015-03-03 20:10:01;324.497315
2015-03-03 20:10:02;324.497315
2015-03-03 20:10:11;326.302994
2015-03-03 20:10:16;317.427164
2015-03-03 20:11:08;317.107151
2015-03-03 20:11:11;316.151641
2015-03-03 20:11:25;330.969042
2015-03-03 20:11:26;332.861498
2015-03-03 20:11:37;332.370209
2015-03-03 20:11:40;332.413564
2015-03-03 20:11:44;332.470566
2015-03-03 20:12:07;329.907959
2015-03-03 20:12:13;329.882264
2015-03-03 20:12:43;333.957673
2015-03-03 20:12:59;332.863502
2015-03-03 20:13:02;332.246009
2015-03-03 20:13:54;336.512741
2015-03-03 20:16:05;329.666027
2015-03-03 20:16:13;329.760434
2015-03-03 20:16:18;320.035517
2015-03-03 20:16:44;324.340986
2015-03-03 20:16:48;324.340986
2015-03-03 20:17:11;323.897276
2015-03-03 20:17:27;315.485023
2015-03-03 20:17:51;311.510392
2015-03-03 20:18:08;312.262889
2015-03-03 20:19:36;306.395764
2015-03-03 20:19:38;307.719481
2015-03-03 20:20:07;316.558194
2015-03-03 20:20:28;316.290485
2015-03-03 20:21:38;312.653324
2015-03-03 20:22:37;315.075697
2015-03-03 20:23:02;324.403674
2015-03-03 20:23:08;316.436861
2015-03-03 20:23:15;316.613480
2015-03-03 20:23:18;321.062473
2015-03-03 20:23:22;316.782946
2015-03-03 20:23:37;324.533268
2015-03-03 20:23:50;324.533268
2015-03-03 20:25:08;319.131762
2015-03-03 20:25:18;318.393794
2015-03-03 20:26:27;325.317248
2015-03-03 20:27:51;320.898575
2015-03-03 20:28:10;318.755941
2015-03-03 20:28:12;317.331767
2015-03-03 20:29:59;320.014732
2015-03-03 20:31:06;335.951637
2015-03-03 20:31:11;336.311395
2015-03-03 20:33:37;336.072621
2015-03-03 20:33:46;337.010416
2015-03-03 20:35:50;334.434136
2015-03-03 20:37:01;333.122575
2015-03-03 20:37:05;333.330102
2015-03-03 20:37:22;333.330102
2015-03-03 20:38:17;316.342286
2015-03-03 20:39:43;304.338147
2015-03-03 20:40:35;303.070685
2015-03-03 20:40:47;314.430213
2015-03-03 20:41:12;316.115703
2015-03-03 20:43:13;318.995220
2015-03-03 20:43:35;318.995220
2015-03-03 20:43:52;317.668426
2015-03-03 20:44:46;318.198909
2015-03-03 20:45:40;320.122073
2015-03-03 20:46:09;320.821199
2015-03-03 20:46:52;326.308670
2015-03-03 20:46:55;326.736319
2015-03-03 20:47:24;317.717510
2015-03-03 20:48:15;324.216728
2015-03-03 20:50:25;315.435889
2015-03-03 20:50:38;314.953301
2015-03-03 20:50:40;314.953301
2015-03-03 20:51:02;314.953301
2015-03-03 20:51:28;315.041165
2015-03-03 20:53:13;311.811323
2015-03-03 20:53:21;312.437616
2015-03-03 20:54:32;310.912846
2015-03-03 20:54:40;312.969951
2015-03-03 20:54:44;324.887120
2015-03-03 20:54:51;324.887120
2015-03-03 20:55:00;324.453951
2015-03-03 20:55:19;331.196918
2015-03-03 20:55:48;326.277921
2015-03-03 20:56:04;325.627342
2015-03-03 20:56:41;319.266454
2015-03-03 20:57:07;326.496744
2015-03-03 20:58:28;332.698839
2015-03-03 20:58:32;332.505776
2015-03-03 20:58:35;332.173081
2015-03-03 20:58:41;331.919484
2015-03-03 20:58:44;331.784562
2015-03-03 20:58:48;331.615926
2015-03-03 20:59:37;333.147422
2015-03-03 21:00:40;309.125299
2015-03-03 21:00:43;309.521533
2015-03-03 21:01:04;308.617394
2015-03-03 21:02:14;312.121012
2015-03-03 21:02:51;314.817442
2015-03-03 21:03:12;309.530998
2015-03-03 21:04:11;306.080767
2015-03-03 21:04:55;314.119233
2015-03-03 21:04:59;312.841576
2015-03-03 21:05:01;314.293342
2015-03-03 21:05:55;310.853258
2015-03-03 21:06:00;310.982116
2015-03-03 21:06:31;313.356088
2015-03-03 21:06:55;313.052233
2015-03-03 21:07:07;310.574941
2015-03-03 21:09:26;318.919160
2015-03-03 21:10:10;321.395428
2015-03-03 21:11:18;319.247767
2015-03-03 21:11:58;330.713420
2015-03-03 21:12:30;330.935104
2015-03-03 21:13:01;304.108585
2015-03-03 21:15:00;326.977432
2015-03-03 21:15:02;325.467372
2015-03-03 21:15:03;323.890126
2015-03-03 21:15:47;317.278493
2015-03-03 21:15:58;316.092279
2015-03-03 21:16:23;323.565731
2015-03-03 21:17:14;321.442922
2015-03-03 21:18:13;322.912805
2015-03-03 21:18:28;317.157808
2015-03-03 21:19:08;310.925593
2015-03-03 21:19:30;313.668037
2015-03-03 21:19:52;317.963528
2015-03-03 21:20:40;309.138990
2015-03-03 21:20:52;309.473583
2015-03-03 21:22:21;315.782067
2015-03-03 21:22:23;315.229679
2015-03-03 21:22:25;314.871486
2015-03-03 21:22:50;314.819490
2015-03-03 21:22:54;315.128440
2015-03-03 21:22:57;315.774083
2015-03-03 21:23:00;315.774083
2015-03-03 21:23:14;315.824727
2015-03-03 21:23:36;314.591185
2015-03-03 21:24:28;306.305286
2015-03-03 21:25:02;299.464410
2015-03-03 21:25:15;301.238666
2015-03-03 21:25:24;302.512799
2015-03-03 21:25:46;316.299657
2015-03-03 21:26:20;317.377769
2015-03-03 21:28:37;305.356301
2015-03-03 21:29:51;306.149822
2015-03-03 21:30:39;295.208459
2015-03-03 21:31:03;295.288289
2015-03-03 21:31:12;295.505667
2015-03-03 21:33:03;297.986025
2015-03-03 21:34:59;296.445292
2015-03-03 21:35:03;296.995409
2015-03-03 21:35:10;297.959705
2015-03-03 21:35:33;298.863272
2015-03-03 21:37:04;305.689453
2015-03-03 21:38:22;306.836180
2015-03-03 21:46:10;306.791872
2015-03-03 21:46:55;308.414890
2015-03-03 21:47:31;308.046632
2015-03-03 21:48:48;301.131906
2015-03-03 21:49:17;301.131906
2015-03-03 21:49:50;301.075083
2015-03-03 21:50:03;301.131906
2015-03-03 21:50:43;304.060757
2015-03-03 21:51:06;304.975720
2015-03-03 21:51:35;328.124105
2015-03-03 21:52:11;304.930262
2015-03-03 21:52:20;305.747897
2015-03-03 21:52:39;306.738066
2015-03-03 21:53:44;310.337102
2015-03-03 21:54:15;309.197207
2015-03-03 21:54:17;309.066443
2015-03-03 21:54:19;309.066443
2015-03-03 21:54:28;308.914588
2015-03-03 21:55:07;307.651905
2015-03-03 21:55:15;307.181212
2015-03-03 21:55:32;305.556051
2015-03-03 21:55:48;306.090727
2015-03-03 21:57:12;304.772408
2015-03-03 21:58:06;307.943094
2015-03-03 21:58:58;306.143808
2015-03-03 21:59:38;302.936149
2015-03-03 22:00:37;301.042614
2015-03-03 22:00:41;301.440810
2015-03-03 22:00:43;301.440810
2015-03-03 22:01:19;301.432950
2015-03-03 22:01:40;309.885949
2015-03-03 22:04:42;316.598879
2015-03-03 22:05:09;313.597871
2015-03-03 22:05:17;315.606238
2015-03-03 22:09:37;318.798332
2015-03-03 22:09:54;311.413782
2015-03-03 22:10:07;311.216469
2015-03-03 22:10:11;310.263906
2015-03-03 22:10:52;307.855242
2015-03-03 22:11:15;308.953889
2015-03-03 22:12:43;295.770897
2015-03-03 22:12:47;295.947460
2015-03-03 22:12:56;296.452999
2015-03-03 22:12:58;297.277787
2015-03-03 22:13:47;298.365186
2015-03-03 22:15:28;307.090711
2015-03-03 22:17:06;307.043462
2015-03-03 22:19:23;304.289867
2015-03-03 22:20:21;306.791872
2015-03-03 22:21:02;306.056019
2015-03-03 22:24:08;317.928160
2015-03-03 22:25:43;297.934317
2015-03-03 22:27:34;295.001784
2015-03-03 22:27:36;295.810210
2015-03-03 22:27:51;296.596124
2015-03-03 22:27:54;296.596124
2015-03-03 22:29:41;294.195996
2015-03-03 22:29:44;294.549570
2015-03-03 22:29:57;294.549570
2015-03-03 22:30:03;295.063088
2015-03-03 22:30:06;295.656506
2015-03-03 22:30:29;293.995457
2015-03-03 22:31:22;300.812520
2015-03-03 22:31:55;302.081941
2015-03-03 22:32:22;302.390040
2015-03-03 22:33:03;324.013397
2015-03-03 22:35:09;319.838031
2015-03-03 22:35:22;317.290814
2015-03-03 22:35:27;314.564818
2015-03-03 22:38:24;314.801342
2015-03-03 22:38:37;314.801342
2015-03-03 22:40:30;326.923616
2015-03-03 22:40:34;326.134102
2015-03-03 22:41:00;329.633443
2015-03-03 22:41:04;327.579736
2015-03-03 22:41:31;325.561247
2015-03-03 22:42:09;310.373688
2015-03-03 22:43:15;308.384051
2015-03-03 22:43:17;308.384051
2015-03-03 22:44:06;307.651118
2015-03-03 22:46:11;303.708503
2015-03-03 22:48:07;307.378960
2015-03-03 22:48:19;306.870850
2015-03-03 22:48:21;306.870850
2015-03-03 22:48:24;307.378960
2015-03-03 22:50:47;328.977872
2015-03-03 22:50:50;317.952418
2015-03-03 22:50:55;317.848247
2015-03-03 22:51:58;325.644884
2015-03-03 22:52:26;322.233028
2015-03-03 22:52:40;318.108323
2015-03-03 22:53:06;317.702915
2015-03-03 22:53:42;321.933177
2015-03-03 22:54:36;299.899546
2015-03-03 22:54:38;301.771528
2015-03-03 22:55:01;303.508229
2015-03-03 22:58:36;295.606722
2015-03-03 22:59:18;292.953445
2015-03-03 22:59:22;295.606722
2015-03-03 23:01:15;292.951410
2015-03-03 23:01:20;295.495206
2015-03-03 23:01:23;296.151218
2015-03-03 23:01:56;296.634160
2015-03-03 23:02:27;303.238395
2015-03-03 23:02:56;300.035775
2015-03-03 23:02:57;300.695207
2015-03-03 23:03:04;301.543976
2015-03-03 23:04:37;321.274430
2015-03-03 23:04:38;319.956870
2015-03-03 23:08:24;321.045011
2015-03-03 23:09:57;306.042447
2015-03-03 23:12:14;330.200631
2015-03-03 23:12:44;325.326928
2015-03-03 23:15:06;334.875359
2015-03-03 23:16:04;332.410135
2015-03-03 23:17:01;311.079316
2015-03-03 23:18:32;331.824357
2015-03-03 23:19:57;331.199376
2015-03-03 23:24:28;292.663931
2015-03-03 23:31:27;301.515248
2015-03-03 23:31:49;301.515248
2015-03-03 23:31:51;302.081941
2015-03-03 23:32:09;302.389958
2015-03-03 23:32:11;302.389958
2015-03-03 23:32:30;302.389958
2015-03-03 23:33:42;299.084949
2015-03-03 23:33:52;300.120685
2015-03-03 23:33:55;300.812520
2015-03-03 23:34:15;299.544360
2015-03-03 23:34:17;300.120685
2015-03-03 23:34:36;300.812520
2015-03-03 23:36:34;300.480371
2015-03-03 23:37:30;324.963008
2015-03-03 23:45:36;304.645813
2015-03-03 23:46:50;306.423949
2015-03-03 23:48:58;292.348123
2015-03-03 23:51:24;296.237457
2015-03-03 23:52:54;296.237457
2015-03-03 23:53:15;294.241083
