"dateAndTime";"fiveMinuteMean";"trafficVolume";"actualTravelTime"
"2015-02-21 00:03:51";775;4;293
"2015-02-21 00:06:47";1021.5;5;317
"2015-02-21 00:08:22";1021.5;9;1225
"2015-02-21 00:11:52";293;8;292
"2015-02-21 00:13:28";305;6;621
"2015-02-21 00:14:19";317;7;272
"2015-02-21 00:14:22";317;8;341
"2015-02-21 00:15:43";317;9;297
"2015-02-21 00:17:07";292;10;284
"2015-02-21 00:19:33";597.666666666667;7;287
"2015-02-21 00:20:32";533.5;8;260
"2015-02-21 00:22:22";298.5;4;349
"2015-02-21 00:23:40";298.5;6;287
"2015-02-21 00:27:16";972;6;298
"2015-02-21 00:27:17";972;7;290
"2015-02-21 00:28:38";754;6;294
"2015-02-21 00:30:16";620.333333333333;7;273
"2015-02-21 00:35:02";288.75;5;272
"2015-02-21 00:35:04";288.75;6;285
"2015-02-21 00:35:36";288.75;6;301
"2015-02-21 00:36:51";288.75;8;319
"2015-02-21 00:36:53";288.75;9;310
"2015-02-21 00:36:57";288.75;10;317
"2015-02-21 00:37:18";283.5;13;309
"2015-02-21 00:37:22";283.5;14;445
"2015-02-21 00:37:24";283.5;15;346
"2015-02-21 00:41:04";875.5;15;297
"2015-02-21 00:41:45";875.5;16;273
"2015-02-21 00:46:32";327;6;261
"2015-02-21 00:48:20";338.333333333333;5;249
"2015-02-21 00:49:26";338.333333333333;6;281
"2015-02-21 00:50:13";285;6;260
"2015-02-21 00:50:34";285;6;259
"2015-02-21 00:52:21";1486.5;5;296
"2015-02-21 00:53:54";1074;6;873
"2015-02-21 00:56:19";262.25;4;273
"2015-02-21 01:03:27";273;5;296
"2015-02-21 01:03:57";273;6;277
"2015-02-21 01:04:16";273;7;295
"2015-02-21 01:09:32";435.25;2;295
"2015-02-21 01:11:47";435.25;3;324
"2015-02-21 01:12:55";435.25;5;328
"2015-02-21 01:13:08";435.25;6;301
"2015-02-21 01:16:19";295;6;339
"2015-02-21 01:16:21";295;7;274
"2015-02-21 01:20:14";317.666666666667;5;279
"2015-02-21 01:23:48";306.5;4;302
"2015-02-21 01:23:49";306.5;5;298
"2015-02-21 01:25:10";297.333333333333;5;288
"2015-02-21 01:26:25";309;5;342
"2015-02-21 01:31:24";296;3;249
"2015-02-21 01:31:41";296;3;293
"2015-02-21 01:32:18";307.5;4;254
"2015-02-21 01:32:20";307.5;5;270
"2015-02-21 01:33:08";307.5;7;291
"2015-02-21 01:33:34";307.5;10;288
"2015-02-21 01:33:37";307.5;11;687
"2015-02-21 01:33:41";307.5;12;284
"2015-02-21 01:33:55";315;13;282
"2015-02-21 01:34:46";315;14;292
"2015-02-21 01:51:28";300;2;272
"2015-02-21 01:52:40";300;3;274
"2015-02-21 01:55:18";300;7;295
"2015-02-21 01:55:37";300;9;263
"2015-02-21 01:59:04";273;5;280
"2015-02-21 02:01:37";277.333333333333;4;301
"2015-02-21 02:03:18";279;4;267
"2015-02-21 02:07:54";282.666666666667;3;267
"2015-02-21 02:12:15";267;2;274
"2015-02-21 02:13:13";267;2;273
"2015-02-21 02:24:18";2845;3;280
"2015-02-21 02:26:30";300;5;240
"2015-02-21 02:26:37";300;6;231
"2015-02-21 02:26:57";300;7;284
"2015-02-21 02:27:39";300;7;338
"2015-02-21 02:27:45";300;8;314
"2015-02-21 02:46:00";300;2;270
"2015-02-21 02:47:29";300;3;1241
"2015-02-21 02:48:14";300;4;269
"2015-02-21 02:49:29";300;5;324
"2015-02-21 03:13:26";300;3;329
"2015-02-21 03:19:25";329;4;281
"2015-02-21 03:19:34";329;5;274
"2015-02-21 03:29:22";300;5;296
"2015-02-21 03:30:36";300;5;297
"2015-02-21 03:46:08";300;2;243
"2015-02-21 03:58:19";2100;2;277
"2015-02-21 04:02:55";300;2;268
"2015-02-21 04:07:13";277;1;1087
"2015-02-21 04:10:16";268;2;253
"2015-02-21 04:27:19";1718.5;1;268
"2015-02-21 04:42:16";300;1;281
"2015-02-21 04:45:46";300;3;276
"2015-02-21 04:48:57";281;2;244
"2015-02-21 04:49:04";281;3;275
"2015-02-21 04:50:12";281;4;268
"2015-02-21 04:50:33";278.5;5;296
"2015-02-21 05:14:43";300;2;1745
"2015-02-21 05:18:22";300;3;267
"2015-02-21 05:22:56";267;2;304
"2015-02-21 05:27:41";267;2;806
"2015-02-21 05:37:50";300;1;260
"2015-02-21 05:39:32";300;2;299
"2015-02-21 05:39:34";300;3;286
"2015-02-21 05:41:52";806;5;270
"2015-02-21 05:42:00";806;6;278
"2015-02-21 05:46:12";647.5;4;302
"2015-02-21 05:49:12";283.25;4;297
"2015-02-21 05:49:19";283.25;4;323
"2015-02-21 05:51:43";302;4;315
"2015-02-21 05:53:26";302;5;296
"2015-02-21 06:11:57";300;2;303
"2015-02-21 06:14:23";300;2;277
"2015-02-21 06:14:59";300;3;310
"2015-02-21 06:16:02";300;4;290
"2015-02-21 06:17:51";303;4;281
"2015-02-21 06:20:09";296.666666666667;3;1093
"2015-02-21 06:32:53";300;3;292
"2015-02-21 06:33:52";300;4;275
"2015-02-21 06:35:29";300;5;909
"2015-02-21 06:38:32";553.333333333333;5;274
"2015-02-21 06:41:03";553.333333333333;3;321
"2015-02-21 06:41:32";553.333333333333;4;238
"2015-02-21 06:44:56";274;6;257
"2015-02-21 06:45:59";256;8;269
"2015-02-21 06:48:15";938;8;338
"2015-02-21 06:50:04";767.75;7;268
"2015-02-21 06:53:07";478.333333333333;11;271
"2015-02-21 06:54:38";446;10;262
"2015-02-21 07:04:30";300;9;295
"2015-02-21 07:04:38";300;9;315
"2015-02-21 07:04:42";300;11;275
"2015-02-21 07:04:45";300;12;274
"2015-02-21 07:08:36";300;8;526
"2015-02-21 07:08:44";300;9;237
"2015-02-21 07:10:09";289.75;3;331
"2015-02-21 07:11:00";289.75;4;296
"2015-02-21 07:14:38";276;6;309
"2015-02-21 07:17:48";384.333333333333;4;282
"2015-02-21 07:18:03";384.333333333333;6;267
"2015-02-21 07:18:09";384.333333333333;7;272
"2015-02-21 07:18:16";384.333333333333;8;609
"2015-02-21 07:18:39";384.333333333333;10;310
"2015-02-21 07:19:26";384.333333333333;10;298
"2015-02-21 07:20:04";365.5;12;287
"2015-02-21 07:20:57";417.5;14;288
"2015-02-21 07:23:38";282.5;10;844
"2015-02-21 07:28:05";295.75;6;250
"2015-02-21 07:31:32";609;7;282
"2015-02-21 07:32:31";429.5;5;280
"2015-02-21 07:32:48";429.5;6;276
"2015-02-21 07:33:22";429.5;7;295
"2015-02-21 07:33:27";250;8;321
"2015-02-21 07:36:17";266;8;246
"2015-02-21 07:37:20";281;8;319
"2015-02-21 07:37:40";279.333333333333;8;266
"2015-02-21 07:38:54";383;6;283
"2015-02-21 07:39:49";383;7;269
"2015-02-21 07:39:56";383;8;267
"2015-02-21 07:43:28";288;6;283
"2015-02-21 07:44:20";276.6;6;300
"2015-02-21 07:46:55";280.8;10;264
"2015-02-21 07:47:22";284.5;12;261
"2015-02-21 07:47:52";273;14;268
"2015-02-21 07:50:22";291.5;13;245
"2015-02-21 07:51:15";291.5;13;278
"2015-02-21 07:52:43";275.2;10;309
"2015-02-21 07:52:56";275.2;9;288
"2015-02-21 07:54:49";259.5;9;306
"2015-02-21 07:55:10";259.5;10;281
"2015-02-21 07:58:41";280;13;1575
"2015-02-21 07:58:54";280;14;288
"2015-02-21 07:58:58";280;15;538
"2015-02-21 08:00:50";292.4;14;270
"2015-02-21 08:02:14";296;12;300
"2015-02-21 08:03:49";291.666666666667;11;1680
"2015-02-21 08:05:01";288;9;267
"2015-02-21 08:05:05";288;10;260
"2015-02-21 08:05:35";831.666666666667;9;247
"2015-02-21 08:06:22";831.666666666667;9;285
"2015-02-21 08:06:53";831.666666666667;13;257
"2015-02-21 08:07:05";831.666666666667;13;262
"2015-02-21 08:09:38";595.333333333333;11;244
"2015-02-21 08:09:54";545.571428571429;12;255
"2015-02-21 08:11:31";302;7;328
"2015-02-21 08:13:13";263;4;262
"2015-02-21 08:13:42";260.285714285714;5;279
"2015-02-21 08:15:16";260.6;4;274
"2015-02-21 08:16:19";253.666666666667;8;278
"2015-02-21 08:16:23";253.666666666667;9;256
"2015-02-21 08:17:09";275.666666666667;8;270
"2015-02-21 08:18:06";272.25;12;269
"2015-02-21 08:18:31";273.6;12;246
"2015-02-21 08:19:46";289.666666666667;12;296
"2015-02-21 08:20:21";285.75;15;521
"2015-02-21 08:21:07";279.5;14;303
"2015-02-21 08:21:19";279.5;14;292
"2015-02-21 08:21:47";278.142857142857;13;326
"2015-02-21 08:22:50";267.428571428571;14;329
"2015-02-21 08:22:52";267.428571428571;15;318
"2015-02-21 08:24:23";265.5;14;263
"2015-02-21 08:24:55";596.714285714286;14;286
"2015-02-21 08:25:42";785.142857142857;11;278
"2015-02-21 08:26:45";791.857142857143;12;274
"2015-02-21 08:27:02";791.857142857143;13;272
"2015-02-21 08:28:56";696;13;329
"2015-02-21 08:30:12";329.75;17;266
"2015-02-21 08:30:47";324;18;254
"2015-02-21 08:32:06";454.7;17;270
"2015-02-21 08:32:24";469;17;255
"2015-02-21 08:34:22";558;12;252
"2015-02-21 08:34:41";483.571428571429;12;310
"2015-02-21 08:36:56";274.8;11;295
"2015-02-21 08:37:58";274.8;9;266
"2015-02-21 08:38:01";274.8;10;265
"2015-02-21 08:38:33";274.8;11;519
"2015-02-21 08:40:08";271.75;10;271
"2015-02-21 08:41:06";271.75;12;290
"2015-02-21 08:41:07";271.75;13;273
"2015-02-21 08:44:04";284;9;357
"2015-02-21 08:44:21";284;10;316
"2015-02-21 08:46:08";276.666666666667;11;265
"2015-02-21 08:47:02";273;13;288
"2015-02-21 08:47:16";314;19;323
"2015-02-21 08:48:14";338.25;25;262
"2015-02-21 08:48:57";338.25;28;770
"2015-02-21 08:49:06";338.25;28;330
"2015-02-21 08:49:19";338.25;30;273
"2015-02-21 08:49:58";349.5;28;323
"2015-02-21 08:50:40";336.666666666667;29;317
"2015-02-21 08:50:42";349.4;30;295
"2015-02-21 08:50:49";349.4;32;302
"2015-02-21 08:50:58";364.25;33;290
"2015-02-21 08:51:01";364.25;34;282
"2015-02-21 08:51:08";364.25;35;279
"2015-02-21 08:52:31";306.5;27;276
"2015-02-21 08:52:35";306.5;28;280
"2015-02-21 08:52:57";301.833333333333;29;317
"2015-02-21 08:53:25";301.833333333333;23;330
"2015-02-21 08:53:57";297.714285714286;24;247
"2015-02-21 08:55:13";290.166666666667;24;265
"2015-02-21 08:56:14";297;20;285
"2015-02-21 08:58:12";291.166666666667;18;283
"2015-02-21 08:58:45";293.153846153846;20;329
"2015-02-21 08:58:49";293.153846153846;21;311
"2015-02-21 08:59:09";297.538461538462;17;319
"2015-02-21 08:59:14";297.538461538462;19;299
"2015-02-21 09:01:18";285.714285714286;16;264
"2015-02-21 09:01:53";346.25;18;264
"2015-02-21 09:02:10";356.285714285714;20;286
"2015-02-21 09:03:12";375;20;281
"2015-02-21 09:03:26";386.6;18;286
"2015-02-21 09:03:51";386.6;19;291
"2015-02-21 09:05:43";357.5;13;302
"2015-02-21 09:05:48";357.5;14;299
"2015-02-21 09:06:19";512.777777777778;14;274
"2015-02-21 09:06:49";480.625;15;272
"2015-02-21 09:07:09";459;14;537
"2015-02-21 09:07:27";459;16;311
"2015-02-21 09:07:55";441.2;17;285
"2015-02-21 09:09:11";647;16;282
"2015-02-21 09:10:07";771.25;17;285
"2015-02-21 09:11:20";790.111111111111;18;291
"2015-02-21 09:11:51";738.3;20;282
"2015-02-21 09:13:18";550.5;16;311
"2015-02-21 09:13:20";550.5;17;308
"2015-02-21 09:13:35";550.5;17;298
"2015-02-21 09:13:41";550.5;19;326
"2015-02-21 09:14:00";549.375;21;303
"2015-02-21 09:14:16";549.375;21;289
"2015-02-21 09:15:20";520;22;823
"2015-02-21 09:15:43";288.75;22;290
"2015-02-21 09:16:21";323.285714285714;21;270
"2015-02-21 09:17:59";591.833333333333;24;293
"2015-02-21 09:18:11";591.833333333333;26;304
"2015-02-21 09:18:13";591.833333333333;27;466
"2015-02-21 09:19:11";464;20;301
"2015-02-21 09:19:16";464;20;311
"2015-02-21 09:19:21";464;21;293
"2015-02-21 09:20:05";481.9;22;275
"2015-02-21 09:20:12";481.9;22;315
"2015-02-21 09:20:25";481.9;23;310
"2015-02-21 09:20:58";448.25;23;260
"2015-02-21 09:22:24";474.333333333333;20;282
"2015-02-21 09:22:35";474.333333333333;21;294
"2015-02-21 09:23:16";299.2;17;306
"2015-02-21 09:23:18";299.2;18;296
"2015-02-21 09:23:20";299.2;19;299
"2015-02-21 09:23:28";299.2;20;304
"2015-02-21 09:23:56";296.428571428571;27;282
"2015-02-21 09:24:09";289.25;30;312
"2015-02-21 09:24:11";289.25;31;278
"2015-02-21 09:24:13";291.6;31;275
"2015-02-21 09:24:43";292.125;30;309
"2015-02-21 09:24:55";292.125;34;287
"2015-02-21 09:25:08";292.125;35;310
"2015-02-21 09:26:09";481.181818181818;33;403
"2015-02-21 09:27:24";464.583333333333;35;335
"2015-02-21 09:27:33";451.461538461538;35;324
"2015-02-21 09:27:36";451.461538461538;37;318
"2015-02-21 09:27:46";451.461538461538;38;314
"2015-02-21 09:27:58";464.666666666667;42;321
"2015-02-21 09:31:01";332.642857142857;22;422
"2015-02-21 09:32:01";332.642857142857;25;391
"2015-02-21 09:33:20";343.8125;17;324
"2015-02-21 09:33:41";354.538461538462;16;302
"2015-02-21 09:33:45";354.538461538462;14;303
"2015-02-21 09:34:05";323.3;14;302
"2015-02-21 09:34:08";323.3;16;272
"2015-02-21 09:35:03";332.142857142857;19;297
"2015-02-21 09:35:15";332.142857142857;21;267
"2015-02-21 09:35:34";335.833333333333;21;464
"2015-02-21 09:35:52";335.833333333333;22;304
"2015-02-21 09:36:13";335.833333333333;22;313
"2015-02-21 09:37:25";335.833333333333;23;355
"2015-02-21 09:38:02";321;22;324
"2015-02-21 09:38:04";371.5;23;287
"2015-02-21 09:41:23";493.818181818182;37;1270
"2015-02-21 09:44:16";539.888888888889;46;275
"2015-02-21 09:44:34";539.888888888889;43;289
"2015-02-21 09:44:40";326.375;42;268
"2015-02-21 09:44:40";326.375;42;270
"2015-02-21 09:46:27";357.5;39;339
"2015-02-21 09:47:50";357.5;43;313
"2015-02-21 09:48:08";381;41;310
"2015-02-21 09:48:16";381;41;315
"2015-02-21 09:48:24";324;44;284
"2015-02-21 09:49:04";275;43;326
"2015-02-21 09:49:07";275;44;1174
"2015-02-21 09:49:10";271;44;306
"2015-02-21 09:49:20";271;44;314
"2015-02-21 09:50:03";275.5;39;294
"2015-02-21 09:50:24";275.5;36;303
"2015-02-21 09:50:25";275.5;37;304
"2015-02-21 09:50:31";275.5;39;1022
"2015-02-21 09:50:54";275.5;43;297
"2015-02-21 09:51:19";275.5;44;300
"2015-02-21 09:51:41";275.5;44;300
"2015-02-21 09:51:51";275.5;44;332
"2015-02-21 09:51:53";275.5;44;317
"2015-02-21 09:52:21";288.2;41;307
"2015-02-21 09:53:06";292.333333333333;42;310
"2015-02-21 09:53:09";291.142857142857;42;319
"2015-02-21 09:53:20";293.5;40;336
"2015-02-21 09:53:26";293.5;40;322
"2015-02-21 09:54:08";298.5;43;308
"2015-02-21 09:54:13";308.333333333333;43;333
"2015-02-21 09:54:20";308;45;321
"2015-02-21 09:54:27";311.166666666667;46;321
"2015-02-21 09:54:29";311.166666666667;47;303
"2015-02-21 09:54:31";313.285714285714;47;328
"2015-02-21 09:54:38";313.375;50;323
"2015-02-21 09:54:43";313.375;52;306
"2015-02-21 09:56:23";308.076923076923;44;300
"2015-02-21 09:56:26";308.076923076923;45;323
"2015-02-21 09:56:36";308.076923076923;48;324
"2015-02-21 09:56:42";307.5;49;301
"2015-02-21 09:56:51";307.5;49;356
"2015-02-21 09:56:56";307.5;48;354
"2015-02-21 09:57:05";307.5;49;326
"2015-02-21 09:57:06";307.5;50;312
"2015-02-21 09:57:13";305.928571428571;53;548
"2015-02-21 09:58:01";307.625;57;301
"2015-02-21 09:58:09";308.928571428571;55;305
"2015-02-21 09:58:11";308.928571428571;55;296
"2015-02-21 09:58:30";309.6;53;352
"2015-02-21 09:58:53";310.066666666667;53;313
"2015-02-21 09:59:39";310.133333333333;42;336
"2015-02-21 09:59:43";310.8125;41;534
"2015-02-21 09:59:53";312.263157894737;38;445
"2015-02-21 10:00:13";314.5;40;339
"2015-02-21 10:00:14";314.5;41;342
"2015-02-21 10:00:15";314.5;42;343
"2015-02-21 10:01:29";420.055555555556;40;332
"2015-02-21 10:01:45";420.111111111111;36;324
"2015-02-21 10:01:55";415;38;346
"2015-02-21 10:02:02";410.45;38;315
"2015-02-21 10:02:35";458.05;35;323
"2015-02-21 10:02:48";453.190476190476;32;284
"2015-02-21 10:03:02";442.260869565217;32;359
"2015-02-21 10:03:55";446.454545454545;32;346
"2015-02-21 10:04:01";451.714285714286;33;331
"2015-02-21 10:04:03";451.714285714286;34;326
"2015-02-21 10:04:48";467.684210526316;34;405
"2015-02-21 10:05:14";507.2;32;312
"2015-02-21 10:05:47";496.5;29;287
"2015-02-21 10:05:49";496.5;30;286
"2015-02-21 10:06:58";401.0625;24;1088
"2015-02-21 10:07:14";397;24;303
"2015-02-21 10:07:17";392.444444444444;25;303
"2015-02-21 10:07:29";399.833333333333;27;359
"2015-02-21 10:07:43";381.736842105263;28;291
"2015-02-21 10:08:35";397.6;27;298
"2015-02-21 10:08:52";451.294117647059;28;288
"2015-02-21 10:09:03";446.166666666667;28;284
"2015-02-21 10:09:06";446.166666666667;28;303
"2015-02-21 10:09:10";454;29;1418
"2015-02-21 10:09:14";454;29;299
"2015-02-21 10:11:40";430.611111111111;36;729
"2015-02-21 10:11:50";430.611111111111;38;300
"2015-02-21 10:12:56";398.571428571429;32;294
"2015-02-21 10:13:00";404.384615384615;32;271
"2015-02-21 10:13:06";404.384615384615;33;276
"2015-02-21 10:13:09";404.384615384615;34;287
"2015-02-21 10:13:14";404.384615384615;33;1534
"2015-02-21 10:13:30";401.142857142857;34;280
"2015-02-21 10:14:17";313.8125;28;280
"2015-02-21 10:15:03";309.076923076923;26;361
"2015-02-21 10:15:11";309.076923076923;23;339
"2015-02-21 10:15:42";313.3;24;321
"2015-02-21 10:16:15";313.3;23;289
"2015-02-21 10:16:20";313.3;24;303
"2015-02-21 10:16:59";302.8;23;311
"2015-02-21 10:17:08";302.8;24;305
"2015-02-21 10:17:43";297.555555555556;28;290
"2015-02-21 10:17:53";297.2;28;298
"2015-02-21 10:18:34";455.636363636364;23;291
"2015-02-21 10:19:11";490.777777777778;25;605
"2015-02-21 10:19:18";699.777777777778;25;306
"2015-02-21 10:19:20";699.777777777778;26;292
"2015-02-21 10:19:22";699.777777777778;27;291
"2015-02-21 10:19:48";699.777777777778;33;264
"2015-02-21 10:19:55";699.777777777778;34;310
"2015-02-21 10:20:37";699.777777777778;33;449
"2015-02-21 10:20:42";699.777777777778;34;320
"2015-02-21 10:20:43";699.777777777778;34;299
"2015-02-21 10:21:07";585.230769230769;37;318
"2015-02-21 10:21:11";585.230769230769;38;319
"2015-02-21 10:21:21";585.230769230769;37;313
"2015-02-21 10:21:24";565.071428571429;38;364
"2015-02-21 10:21:30";565.071428571429;39;302
"2015-02-21 10:21:32";565.071428571429;39;308
"2015-02-21 10:22:11";565.857142857143;40;321
"2015-02-21 10:22:20";548.466666666667;40;310
"2015-02-21 10:22:30";548.466666666667;42;305
"2015-02-21 10:22:45";569.285714285714;42;891
"2015-02-21 10:23:19";617.25;42;359
"2015-02-21 10:23:36";464;44;322
"2015-02-21 10:23:46";464;45;321
"2015-02-21 10:23:51";484.384615384615;47;319
"2015-02-21 10:23:57";484.384615384615;48;313
"2015-02-21 10:24:11";501.416666666667;50;1550
"2015-02-21 10:24:20";334.571428571429;49;368
"2015-02-21 10:24:27";332.666666666667;48;291
"2015-02-21 10:24:31";332.666666666667;48;297
"2015-02-21 10:24:38";332.666666666667;47;975
"2015-02-21 10:24:40";332.666666666667;48;321
"2015-02-21 10:24:45";332.666666666667;49;304
"2015-02-21 10:24:54";332.666666666667;50;488
"2015-02-21 10:25:26";375.764705882353;52;297
"2015-02-21 10:25:50";371.5;51;300
"2015-02-21 10:26:15";379.8;49;287
"2015-02-21 10:26:20";379.8;50;288
"2015-02-21 10:26:43";366;48;268
"2015-02-21 10:26:48";366;51;341
"2015-02-21 10:27:09";366;55;297
"2015-02-21 10:27:57";371.052631578947;49;297
"2015-02-21 10:28:02";470.45;50;310
"2015-02-21 10:28:06";469.428571428571;51;306
"2015-02-21 10:28:14";469.428571428571;54;288
"2015-02-21 10:28:32";478.35;53;841
"2015-02-21 10:28:59";458;48;311
"2015-02-21 10:29:01";458;49;1045
"2015-02-21 10:29:51";450.666666666667;40;319
"2015-02-21 10:30:01";445.48;39;267
"2015-02-21 10:30:04";445.48;40;296
"2015-02-21 10:30:57";416.2;38;285
"2015-02-21 10:31:26";408.076923076923;34;303
"2015-02-21 10:32:39";435.3;32;307
"2015-02-21 10:32:43";435.3;33;313
"2015-02-21 10:32:46";435.3;34;298
"2015-02-21 10:32:59";473.681818181818;34;304
"2015-02-21 10:33:23";375.208333333333;31;289
"2015-02-21 10:33:29";375.208333333333;32;307
"2015-02-21 10:33:46";375.208333333333;32;334
"2015-02-21 10:34:16";382.904761904762;34;315
"2015-02-21 10:34:38";458.210526315789;33;282
"2015-02-21 10:35:32";472.411764705882;36;371
"2015-02-21 10:35:32";472.411764705882;36;371
"2015-02-21 10:36:06";483.0625;37;311
"2015-02-21 10:36:54";498.4;41;309
"2015-02-21 10:37:05";498.4;43;278
"2015-02-21 10:37:27";512.785714285714;42;298
"2015-02-21 10:38:18";471.769230769231;40;329
"2015-02-21 10:38:37";460;40;308
"2015-02-21 10:38:56";531.6;43;582
"2015-02-21 10:39:12";547.357142857143;45;313
"2015-02-21 10:39:32";520.4375;47;300
"2015-02-21 10:39:34";520.4375;48;311
"2015-02-21 10:39:48";425.133333333333;49;287
"2015-02-21 10:40:03";434.357142857143;48;286
"2015-02-21 10:41:12";496.307692307692;40;320
"2015-02-21 10:41:27";483.071428571429;42;303
"2015-02-21 10:41:34";496.923076923077;44;291
"2015-02-21 10:41:40";496.923076923077;46;307
"2015-02-21 10:41:43";467.5;45;509
"2015-02-21 10:42:20";458.176470588235;43;344
"2015-02-21 10:42:42";446.5;41;321
"2015-02-21 10:42:44";446.5;42;533
"2015-02-21 10:43:45";502.076923076923;40;317
"2015-02-21 10:44:16";409.384615384615;35;297
"2015-02-21 10:45:13";392.533333333333;34;289
"2015-02-21 10:45:40";392.533333333333;35;323
"2015-02-21 10:45:50";392.533333333333;36;295
"2015-02-21 10:46:31";390.0625;38;325
"2015-02-21 10:46:36";385.941176470588;38;323
"2015-02-21 10:46:41";385.941176470588;38;316
"2015-02-21 10:46:45";395.785714285714;38;340
"2015-02-21 10:46:47";389.866666666667;38;330
"2015-02-21 13:41:14";300;18;277
"2015-02-21 13:41:39";300;15;296
"2015-02-21 13:42:22";300;9;334
"2015-02-21 13:42:24";300;9;293
"2015-02-21 13:43:00";300;5;271
"2015-02-21 13:43:52";300;7;299
"2015-02-21 13:44:16";300;7;341
"2015-02-21 13:44:29";300;9;326
"2015-02-21 13:44:31";300;10;313
"2015-02-21 13:45:13";300;15;294
"2015-02-21 13:45:15";300;16;307
"2015-02-21 13:45:29";300;21;325
"2015-02-21 13:45:31";300;22;305
"2015-02-21 13:46:10";277;30;306
"2015-02-21 13:46:23";277;31;296
"2015-02-21 13:49:44";297.571428571429;36;346
"2015-02-21 13:50:16";304.4;36;305
"2015-02-21 13:50:35";304.636363636364;31;315
"2015-02-21 13:50:38";304.666666666667;32;321
"2015-02-21 13:50:40";304.666666666667;33;312
"2015-02-21 13:50:43";304.666666666667;33;334
"2015-02-21 13:51:12";308.666666666667;30;252
"2015-02-21 13:51:35";307.571428571429;30;348
"2015-02-21 13:51:40";308.461538461538;31;327
"2015-02-21 13:51:59";308.461538461538;31;306
"2015-02-21 13:52:19";309.75;30;291
"2015-02-21 13:52:26";309.75;30;293
"2015-02-21 13:52:52";313.272727272727;34;322
"2015-02-21 13:52:55";313.272727272727;35;321
"2015-02-21 13:52:56";313.272727272727;36;291
"2015-02-21 13:53:15";311.2;38;431
"2015-02-21 13:53:29";311.2;38;261
"2015-02-21 13:53:48";311.2;41;284
"2015-02-21 13:53:55";312.555555555556;43;303
"2015-02-21 13:54:01";312.555555555556;44;312
"2015-02-21 13:54:19";312.555555555556;44;271
"2015-02-21 13:54:23";312.555555555556;46;284
"2015-02-21 13:54:58";305.5;47;324
"2015-02-21 13:55:07";305.5;48;308
"2015-02-21 13:55:09";307.8;49;308
"2015-02-21 13:55:21";307.333333333333;50;329
"2015-02-21 13:55:49";305;46;300
"2015-02-21 13:56:19";310.125;47;343
"2015-02-21 13:56:40";312.142857142857;49;378
"2015-02-21 13:56:49";312.142857142857;50;362
"2015-02-21 13:56:52";312.142857142857;51;361
"2015-02-21 13:56:58";312.142857142857;53;359
"2015-02-21 13:57:01";312.142857142857;52;360
"2015-02-21 13:57:15";310.9;54;366
"2015-02-21 13:57:19";309.272727272727;55;352
"2015-02-21 13:57:36";312.5;53;350
"2015-02-21 13:57:41";312.5;53;335
"2015-02-21 13:57:46";312.5;55;339
"2015-02-21 13:57:54";307.285714285714;56;338
"2015-02-21 13:57:59";307.285714285714;56;374
"2015-02-21 13:58:01";307.285714285714;57;372
"2015-02-21 13:58:04";307.285714285714;57;388
"2015-02-21 13:58:06";307.285714285714;58;363
"2015-02-21 13:58:12";307.285714285714;60;382
"2015-02-21 13:58:22";309.0625;61;374
"2015-02-21 13:58:29";309.0625;64;369
"2015-02-21 13:58:48";307.588235294118;64;358
"2015-02-21 13:58:50";305.555555555556;64;358
"2015-02-21 13:58:54";305.555555555556;65;338
"2015-02-21 13:58:59";305.421052631579;65;340
"2015-02-21 13:59:04";305.421052631579;65;357
"2015-02-21 13:59:16";304.714285714286;67;328
"2015-02-21 13:59:39";304.714285714286;70;306
"2015-02-21 13:59:42";304.714285714286;70;338
"2015-02-21 13:59:44";304.714285714286;71;333
"2015-02-21 13:59:48";304.714285714286;70;392
"2015-02-21 13:59:54";304.714285714286;71;334
"2015-02-21 13:59:57";304.714285714286;71;345
"2015-02-21 14:00:08";304.714285714286;70;332
"2015-02-21 14:00:12";304.714285714286;69;336
"2015-02-21 14:00:18";305;71;344
"2015-02-21 14:00:25";308.272727272727;70;333
"2015-02-21 14:00:28";313.608695652174;71;337
"2015-02-21 14:00:35";312.136363636364;72;378
"2015-02-21 14:00:37";312.136363636364;73;360
"2015-02-21 14:00:40";312.136363636364;74;375
"2015-02-21 14:00:45";312.136363636364;76;361
"2015-02-21 14:00:48";312.136363636364;77;362
"2015-02-21 14:01:09";311.809523809524;83;1373
"2015-02-21 14:01:15";311.809523809524;84;324
"2015-02-21 14:01:20";310.7;83;350
"2015-02-21 14:01:31";310.7;87;331
"2015-02-21 14:01:36";310.7;88;337
"2015-02-21 14:01:42";310.7;87;313
"2015-02-21 14:01:44";310.7;86;481
"2015-02-21 14:01:52";310.7;86;307
"2015-02-21 14:02:02";312.238095238095;85;318
"2015-02-21 14:02:14";312.944444444444;87;313
"2015-02-21 14:02:20";314.117647058824;86;309
"2015-02-21 14:02:40";312;84;313
"2015-02-21 14:02:43";312;84;309
"2015-02-21 14:03:13";330.6;74;275
"2015-02-21 14:03:15";331.052631578947;75;272
"2015-02-21 14:03:38";336.954545454545;72;275
"2015-02-21 14:04:50";351.387096774194;57;311
"2015-02-21 14:04:51";351.387096774194;56;364
"2015-02-21 14:05:27";351.666666666667;55;291
"2015-02-21 14:05:38";351.096774193548;54;300
"2015-02-21 14:06:08";350.914285714286;48;315
"2015-02-21 14:06:12";350.914285714286;49;297
"2015-02-21 14:06:15";350.914285714286;48;1473
"2015-02-21 14:06:51";352.025;44;297
"2015-02-21 14:06:57";352.255813953488;42;314
"2015-02-21 14:07:50";345.411764705882;40;274
"2015-02-21 14:07:57";343.43137254902;40;302
"2015-02-21 14:08:26";340.022222222222;42;433
"2015-02-21 14:08:40";339.837209302326;44;298
"2015-02-21 14:08:41";339.837209302326;45;284
"2015-02-21 14:09:27";337.6;46;296
"2015-02-21 14:09:29";337.6;47;285
"2015-02-21 14:09:33";336.263157894737;47;800
"2015-02-21 14:09:40";332.735294117647;49;348
"2015-02-21 14:09:53";336.903225806452;49;300
"2015-02-21 14:10:07";335.41935483871;46;315
"2015-02-21 14:10:34";333.931034482759;44;296
"2015-02-21 14:10:40";332.8;44;335
"2015-02-21 14:11:03";333;44;301
"2015-02-21 14:11:36";328.5;43;370
"2015-02-21 14:11:53";323.086956521739;45;313
"2015-02-21 14:11:55";320.590909090909;46;307
"2015-02-21 14:11:56";318.25;47;311
"2015-02-21 14:12:35";312.533333333333;47;316
"2015-02-21 14:12:44";312.533333333333;50;299
"2015-02-21 14:12:52";318.538461538462;50;288
"2015-02-21 14:12:56";319.909090909091;51;346
"2015-02-21 14:13:11";318.416666666667;50;335
"2015-02-21 14:13:18";322.363636363636;50;313
"2015-02-21 14:13:31";319.166666666667;50;325
"2015-02-21 14:13:32";319.166666666667;50;328
"2015-02-21 14:13:54";317.538461538462;46;341
"2015-02-21 14:14:02";317.538461538462;47;325
"2015-02-21 14:14:17";315.214285714286;48;311
"2015-02-21 14:14:21";315.214285714286;48;317
"2015-02-21 14:14:44";313.933333333333;45;299
"2015-02-21 14:14:47";302;46;300
"2015-02-21 14:15:44";313.625;48;311
"2015-02-21 14:15:47";313.625;49;324
"2015-02-21 14:16:10";310.533333333333;49;305
"2015-02-21 14:16:28";311.866666666667;53;323
"2015-02-21 14:17:15";312.375;47;289
"2015-02-21 14:18:08";316.388888888889;40;1492
"2015-02-21 14:18:30";318.294117647059;37;301
"2015-02-21 14:19:31";324.52380952381;36;270
"2015-02-21 14:20:10";323.833333333333;41;283
"2015-02-21 14:20:13";323.833333333333;41;318
"2015-02-21 14:20:28";324.217391304348;44;286
"2015-02-21 14:20:33";324.428571428571;44;309
"2015-02-21 14:20:37";324.428571428571;45;301
"2015-02-21 14:21:19";318.285714285714;44;286
"2015-02-21 14:21:30";318.285714285714;43;279
"2015-02-21 14:22:12";318.25;46;348
"2015-02-21 14:22:54";346.588235294118;47;300
"2015-02-21 14:23:04";346.588235294118;47;320
"2015-02-21 14:23:04";346.588235294118;47;409
"2015-02-21 14:23:40";345.882352941176;49;280
"2015-02-21 14:23:43";345.875;50;304
"2015-02-21 14:23:52";346.6;50;302
"2015-02-21 14:23:56";346.6;50;331
"2015-02-21 14:24:13";412.6;50;399
"2015-02-21 14:24:28";418.857142857143;50;282
"2015-02-21 14:24:38";434.333333333333;49;329
"2015-02-21 14:24:57";457.9;49;348
"2015-02-21 14:25:06";457.9;48;348
"2015-02-21 14:25:16";442.272727272727;48;359
"2015-02-21 14:25:26";442.272727272727;50;329
"2015-02-21 14:25:28";442.272727272727;50;350
"2015-02-21 14:25:32";431.916666666667;50;348
"2015-02-21 14:25:34";431.916666666667;50;332
"2015-02-21 14:25:35";431.916666666667;51;322
"2015-02-21 14:25:47";413.785714285714;52;325
"2015-02-21 14:25:48";413.785714285714;51;367
"2015-02-21 14:25:51";413.785714285714;51;358
"2015-02-21 14:26:12";408.785714285714;54;332
"2015-02-21 14:26:28";416.769230769231;57;409
"2015-02-21 14:26:33";416.769230769231;56;413
"2015-02-21 14:26:42";416.769230769231;57;413
"2015-02-21 14:26:58";424.583333333333;60;391
"2015-02-21 14:27:11";436.909090909091;62;433
"2015-02-21 14:27:14";436.909090909091;62;398
"2015-02-21 14:27:18";436.909090909091;62;397
"2015-02-21 14:27:29";436.909090909091;64;394
"2015-02-21 14:27:37";436.909090909091;65;378
"2015-02-21 14:27:39";436.909090909091;66;388
"2015-02-21 14:27:41";436.909090909091;67;400
"2015-02-21 14:27:44";436.909090909091;68;407
"2015-02-21 14:28:04";387.833333333333;67;386
"2015-02-21 14:28:26";375.285714285714;69;336
"2015-02-21 14:28:33";381;70;389
"2015-02-21 14:28:56";370.6;69;344
"2015-02-21 14:29:01";370.6;69;364
"2015-02-21 14:29:04";301.230769230769;70;349
"2015-02-21 14:29:27";301.933333333333;72;345
"2015-02-21 14:29:39";301.933333333333;72;426
"2015-02-21 14:29:49";301.933333333333;73;1406
"2015-02-21 14:29:58";310.333333333333;73;352
"2015-02-21 14:30:03";310.333333333333;73;348
"2015-02-21 14:30:49";399.357142857143;60;452
"2015-02-21 14:31:40";387.52380952381;60;415
"2015-02-21 14:31:50";383.826086956522;60;385
"2015-02-21 14:32:30";383.125;55;390
"2015-02-21 14:32:39";383.125;55;386
"2015-02-21 14:32:47";383.125;53;389
"2015-02-21 14:32:55";386.739130434783;56;370
"2015-02-21 14:32:58";386.739130434783;57;403
"2015-02-21 14:33:01";388.5;58;405
"2015-02-21 14:33:10";388.5;59;381
"2015-02-21 14:33:20";389.391304347826;60;380
"2015-02-21 14:33:30";398.260869565217;60;414
"2015-02-21 14:33:43";398.875;59;418
"2015-02-21 14:33:47";398.875;59;444
"2015-02-21 14:34:03";402.592592592593;58;385
"2015-02-21 14:34:06";402.592592592593;58;411
"2015-02-21 14:34:12";406.518518518519;59;410
"2015-02-21 14:34:12";406.518518518519;59;441
"2015-02-21 14:34:30";409.103448275862;61;407
"2015-02-21 14:34:33";409.033333333333;62;420
"2015-02-21 14:34:45";406.935483870968;61;422
"2015-02-21 14:34:50";406.935483870968;62;403
"2015-02-21 14:34:58";405;63;405
"2015-02-21 14:35:01";405;63;415
"2015-02-21 14:35:07";446.823529411765;65;412
"2015-02-21 14:35:12";447.294117647059;66;432
"2015-02-21 14:35:51";414.323529411765;69;397
"2015-02-21 14:36:12";426.103448275862;71;415
"2015-02-21 14:36:14";429.714285714286;71;400
"2015-02-21 14:36:31";439;71;497
"2015-02-21 14:36:33";439;71;882
"2015-02-21 14:37:18";449.739130434783;69;383
"2015-02-21 14:37:28";449.739130434783;68;381
"2015-02-21 14:38:06";449.739130434783;62;764
"2015-02-21 14:38:10";449.739130434783;62;393
"2015-02-21 14:38:52";453.181818181818;55;1640
"2015-02-21 14:39:01";459.35;57;345
"2015-02-21 14:40:53";399.933333333333;56;1444
"2015-02-21 14:42:51";407.111111111111;58;367
"2015-02-21 14:43:52";441.758620689655;59;299
"2015-02-21 14:43:54";441.758620689655;59;314
"2015-02-21 14:44:47";454.130434782609;51;265
"2015-02-21 14:44:49";455.916666666667;51;282
"2015-02-21 14:44:49";455.916666666667;51;304
"2015-02-21 14:45:07";455.916666666667;48;305
"2015-02-21 14:45:20";455.916666666667;51;288
"2015-02-21 14:45:23";455.916666666667;51;325
"2015-02-21 14:45:32";461.045454545455;50;319
"2015-02-21 14:45:57";463.095238095238;49;259
"2015-02-21 14:46:00";465.7;50;383
"2015-02-21 14:46:04";468.631578947368;50;283
"2015-02-21 14:46:24";473.705882352941;51;306
"2015-02-21 14:46:55";496.833333333333;48;296
"2015-02-21 14:47:04";513.5;46;260
"2015-02-21 14:47:34";538.25;41;285
"2015-02-21 14:47:54";538.25;37;254
"2015-02-21 14:48:05";402.333333333333;38;287
"2015-02-21 14:48:28";399.8;39;301
"2015-02-21 14:48:33";399.8;41;298
"2015-02-21 14:48:38";399.8;41;284
"2015-02-21 14:48:51";383.5;41;492
"2015-02-21 14:49:05";380.2;43;304
"2015-02-21 14:49:09";369.166666666667;44;305
"2015-02-21 14:49:25";354.285714285714;44;300
"2015-02-21 14:49:43";345.25;46;949
"2015-02-21 14:50:33";298.111111111111;44;309
"2015-02-21 14:50:47";296.6;41;302
"2015-02-21 14:51:12";336.461538461538;41;281
"2015-02-21 14:51:21";375.428571428571;39;838
"2015-02-21 14:51:27";367.733333333333;39;269
"2015-02-21 14:52:58";348.904761904762;37;358
"2015-02-21 14:53:11";436.909090909091;38;296
"2015-02-21 14:54:05";528.2;36;323
"2015-02-21 14:54:09";527.8;36;306
"2015-02-21 14:55:20";576.047619047619;36;297
"2015-02-21 14:56:06";550.809523809524;37;359
"2015-02-21 14:56:33";562.166666666667;41;658
"2015-02-21 14:56:48";562.166666666667;45;250
"2015-02-21 14:56:50";562.166666666667;46;282
"2015-02-21 14:56:53";577.823529411765;46;273
"2015-02-21 14:57:09";591.823529411765;47;326
"2015-02-21 14:57:34";626.2;50;364
"2015-02-21 14:58:01";650.428571428571;56;382
"2015-02-21 14:58:06";524.692307692308;56;381
"2015-02-21 14:58:24";452.25;56;406
"2015-02-21 14:58:37";317.555555555556;60;355
"2015-02-21 14:58:39";317.555555555556;61;609
"2015-02-21 14:58:51";317.555555555556;65;386
"2015-02-21 14:58:58";321.6;66;394
"2015-02-21 14:59:04";321.6;68;392
"2015-02-21 14:59:15";323.666666666667;70;398
"2015-02-21 14:59:26";326.625;69;389
"2015-02-21 14:59:35";326.222222222222;68;396
"2015-02-21 14:59:45";326.222222222222;69;1245
"2015-02-21 14:59:55";326.222222222222;71;361
"2015-02-21 14:59:57";326.222222222222;72;366
"2015-02-21 15:00:08";326.222222222222;74;362
"2015-02-21 15:00:29";323.3;77;385
"2015-02-21 15:00:50";327.75;75;385
"2015-02-21 15:01:16";331.714285714286;70;358
"2015-02-21 15:01:20";331.714285714286;71;375
"2015-02-21 15:01:23";331.714285714286;71;361
"2015-02-21 15:01:27";324.375;71;355
"2015-02-21 15:01:31";324.375;70;366
"2015-02-21 15:01:55";319.666666666667;68;336
"2015-02-21 15:02:16";304.888888888889;68;347
"2015-02-21 15:02:30";304.888888888889;68;342
"2015-02-21 15:02:37";307;69;337
"2015-02-21 15:02:46";307;67;362
"2015-02-21 15:03:14";308.222222222222;65;339
"2015-02-21 15:03:18";308.222222222222;66;344
"2015-02-21 15:03:22";308.222222222222;67;333
"2015-02-21 15:03:25";308.222222222222;67;328
"2015-02-21 15:03:31";308.222222222222;65;334
"2015-02-21 15:03:57";308.888888888889;58;929
"2015-02-21 15:04:04";308.888888888889;56;325
"2015-02-21 15:04:14";308.888888888889;53;356
"2015-02-21 15:04:23";317.333333333333;52;318
"2015-02-21 15:04:26";317.333333333333;52;324
"2015-02-21 15:04:40";326.9;50;324
"2015-02-21 15:05:07";428.454545454545;51;344
"2015-02-21 15:05:17";423.461538461538;51;299
"2015-02-21 15:05:51";486.3125;51;344
"2015-02-21 15:05:54";481.117647058824;52;322
"2015-02-21 15:05:56";469.947368421053;53;350
"2015-02-21 15:07:18";529.863636363636;49;742
"2015-02-21 15:08:03";504.607142857143;46;284
"2015-02-21 15:08:10";504.607142857143;46;278
"2015-02-21 15:08:11";504.607142857143;47;291
"2015-02-21 15:09:45";474.8;46;305
"2015-02-21 15:09:46";474.8;47;287
"2015-02-21 15:09:58";442.8;47;298
"2015-02-21 15:10:03";442.8;45;318
"2015-02-21 15:10:58";526.90625;45;335
"2015-02-21 15:11:02";526.90625;46;315
"2015-02-21 15:11:23";497.206896551724;46;592
"2015-02-21 15:11:26";497.206896551724;46;308
"2015-02-21 15:11:33";497.206896551724;48;303
"2015-02-21 15:12:03";490.933333333333;49;546
"2015-02-21 15:12:37";517.391304347826;50;285
"2015-02-21 15:12:57";504;51;299
"2015-02-21 15:12:59";504;52;295
"2015-02-21 15:13:01";504;53;287
"2015-02-21 15:13:30";516.409090909091;51;297
"2015-02-21 15:15:38";311;44;299
"2015-02-21 15:16:21";307;42;299
"2015-02-21 15:16:43";306;38;336
"2015-02-21 15:16:50";302;39;309
"2015-02-21 15:17:52";495;36;261
"2015-02-21 15:18:25";480.230769230769;33;290
"2015-02-21 15:18:48";467.142857142857;34;584
"2015-02-21 15:19:22";467.142857142857;32;273
"2015-02-21 15:19:46";528.266666666667;32;339
"2015-02-21 15:20:31";634.461538461538;34;292
"2015-02-21 15:20:55";610.5;32;305
"2015-02-21 15:21:30";702.470588235294;33;295
"2015-02-21 15:21:37";785.428571428571;35;275
"2015-02-21 15:21:44";877.933333333333;36;342
"2015-02-21 15:21:50";877.933333333333;37;278
"2015-02-21 15:21:58";877.933333333333;37;286
"2015-02-21 15:23:02";792.384615384615;40;280
"2015-02-21 15:23:19";756.5;43;262
"2015-02-21 15:23:20";756.5;44;277
"2015-02-21 15:23:39";791.846153846154;45;288
"2015-02-21 15:23:49";791.846153846154;47;275
"2015-02-21 15:23:53";791.846153846154;48;269
"2015-02-21 15:24:43";741.333333333333;47;251
"2015-02-21 15:24:45";741.333333333333;48;284
"2015-02-21 15:24:55";741.333333333333;49;276
"2015-02-21 15:25:01";741.333333333333;50;282
"2015-02-21 15:25:06";741.333333333333;52;292
"2015-02-21 15:25:07";741.333333333333;53;303
"2015-02-21 15:25:16";741.333333333333;56;307
"2015-02-21 15:25:23";706.769230769231;54;1033
"2015-02-21 15:25:56";665.25;52;294
"2015-02-21 15:26:03";637.538461538462;53;283
"2015-02-21 15:26:05";501.25;53;300
"2015-02-21 15:26:12";478.666666666667;54;285
"2015-02-21 15:26:13";478.666666666667;55;278
"2015-02-21 15:26:15";478.666666666667;56;345
"2015-02-21 15:26:35";452.166666666667;57;318
"2015-02-21 15:26:39";452.166666666667;57;283
"2015-02-21 15:26:41";452.166666666667;57;279
"2015-02-21 15:26:56";294.916666666667;60;333
"2015-02-21 15:28:52";307.5;47;332
"2015-02-21 15:29:12";306.125;50;991
"2015-02-21 15:29:21";306.125;51;298
"2015-02-21 15:29:43";302.105263157895;51;295
"2015-02-21 15:30:01";301.6;48;278
"2015-02-21 15:30:05";301.6;46;1561
"2015-02-21 15:31:18";298.739130434783;44;279
"2015-02-21 15:31:32";298.260869565217;44;280
"2015-02-21 15:31:46";298.818181818182;42;299
"2015-02-21 15:31:54";299.652173913043;41;298
"2015-02-21 15:32:13";301.541666666667;43;273
"2015-02-21 15:32:42";302.869565217391;42;1506
"2015-02-21 15:33:24";377.952380952381;44;369
"2015-02-21 15:35:47";408.214285714286;37;265
"2015-02-21 15:35:59";428.083333333333;35;256
"2015-02-21 15:36:45";441.272727272727;28;293
"2015-02-21 15:36:51";427.25;27;294
"2015-02-21 15:36:53";417.307692307692;28;295
"2015-02-21 15:37:23";607.166666666667;28;297
"2015-02-21 15:37:42";632.090909090909;27;299
"2015-02-21 15:38:05";515.6;33;263
"2015-02-21 15:38:45";515.6;31;278
"2015-02-21 15:39:14";515.6;32;287
"2015-02-21 15:39:16";515.6;32;293
"2015-02-21 15:40:23";538.111111111111;37;261
"2015-02-21 15:41:06";570.5;31;1427
"2015-02-21 15:41:17";612;33;276
"2015-02-21 15:41:20";612;35;286
"2015-02-21 15:41:30";612;36;283
"2015-02-21 15:42:42";565.727272727273;33;271
"2015-02-21 15:43:14";565.727272727273;26;250
"2015-02-21 15:43:32";541.75;29;277
"2015-02-21 15:43:45";541.75;31;289
"2015-02-21 15:43:49";541.75;31;816
"2015-02-21 15:44:21";505.785714285714;32;277
"2015-02-21 15:44:56";498.071428571429;31;258
"2015-02-21 15:45:18";537.666666666667;31;1466
"2015-02-21 15:46:16";518;32;278
"2015-02-21 15:46:21";518;30;1129
"2015-02-21 15:46:25";518;31;259
"2015-02-21 15:47:21";401.75;29;284
"2015-02-21 15:48:29";347.5;29;264
"2015-02-21 15:48:40";342.181818181818;28;269
"2015-02-21 15:49:48";598.181818181818;28;295
"2015-02-21 15:50:00";598.181818181818;28;268
"2015-02-21 15:50:17";598.181818181818;27;266
"2015-02-21 15:50:22";598.181818181818;27;432
"2015-02-21 15:50:27";598.181818181818;29;270
"2015-02-21 15:50:40";598.181818181818;32;251
"2015-02-21 15:50:41";598.181818181818;33;256
"2015-02-21 15:50:45";531.636363636364;34;285
"2015-02-21 15:50:59";531.818181818182;36;279
"2015-02-21 15:51:28";586.777777777778;34;1180
"2015-02-21 15:51:33";586.777777777778;35;278
"2015-02-21 15:52:02";586.777777777778;36;279
"2015-02-21 15:52:02";586.777777777778;36;768
"2015-02-21 15:52:07";556.5;37;271
"2015-02-21 15:52:15";588.222222222222;39;277
"2015-02-21 15:52:19";588.222222222222;40;285
"2015-02-21 15:53:15";788.5;44;257
"2015-02-21 15:53:37";1064.1;45;296
"2015-02-21 15:53:39";1064.1;46;297
"2015-02-21 15:53:50";1064.1;44;282
"2015-02-21 15:53:52";1064.1;45;278
"2015-02-21 15:53:55";1064.1;46;279
"2015-02-21 15:54:04";1151.55555555556;49;285
"2015-02-21 15:54:12";905.25;50;322
"2015-02-21 15:54:21";997.714285714286;52;302
"2015-02-21 15:54:27";997.714285714286;54;298
"2015-02-21 15:54:40";906.5;59;361
"2015-02-21 15:54:48";781.3;60;289
"2015-02-21 15:54:49";781.3;60;299
"2015-02-21 15:54:53";733.090909090909;61;283
"2015-02-21 15:54:55";733.090909090909;62;290
"2015-02-21 15:54:57";660.769230769231;63;313
"2015-02-21 15:54:59";660.769230769231;63;365
"2015-02-21 15:55:14";660.769230769231;67;291
"2015-02-21 15:55:17";660.769230769231;68;291
"2015-02-21 15:55:31";633.928571428571;67;305
"2015-02-21 15:55:34";633.928571428571;68;316
"2015-02-21 15:55:47";635.357142857143;67;304
"2015-02-21 15:56:05";662.846153846154;67;282
"2015-02-21 15:56:12";697.066666666667;68;304
"2015-02-21 15:56:18";697.066666666667;69;309
"2015-02-21 15:56:21";697.066666666667;70;310
"2015-02-21 15:56:31";697.066666666667;72;296
"2015-02-21 15:56:34";697.066666666667;72;319
"2015-02-21 15:56:36";697.066666666667;72;325
"2015-02-21 15:56:40";670.4375;72;325
"2015-02-21 15:56:47";647.411764705882;75;324
"2015-02-21 15:57:00";626.833333333333;76;326
"2015-02-21 15:57:46";609;77;275
"2015-02-21 15:58:15";588.263157894737;77;273
"2015-02-21 15:58:24";588.263157894737;76;395
"2015-02-21 15:58:29";588.263157894737;78;284
"2015-02-21 15:58:32";558.904761904762;79;383
"2015-02-21 15:58:52";410.375;77;648
"2015-02-21 15:59:20";410.375;76;308
"2015-02-21 16:00:02";413.04;64;270
"2015-02-21 16:00:07";408.346153846154;63;280
"2015-02-21 16:00:46";404.392857142857;59;269
"2015-02-21 16:00:55";394.354838709677;57;1006
"2015-02-21 16:00:57";394.354838709677;58;262
"2015-02-21 16:01:42";356.875;51;300
"2015-02-21 16:01:59";358.1875;51;318
"2015-02-21 16:02:12";357.382352941176;52;276
"2015-02-21 16:03:30";302.882352941176;40;277
"2015-02-21 16:04:12";306.464285714286;34;378
"2015-02-21 16:05:13";406.269230769231;32;302
"2015-02-21 16:05:34";477.793103448276;31;818
"2015-02-21 16:05:43";488.518518518519;32;269
"2015-02-21 16:06:46";550.2;25;298
"2015-02-21 16:07:34";606.5;24;299
"2015-02-21 16:07:47";606.5;26;289
"2015-02-21 16:07:54";628.733333333333;27;304
"2015-02-21 16:08:00";628.733333333333;27;282
"2015-02-21 16:08:26";776.9375;30;275
"2015-02-21 16:08:36";776.9375;30;278
"2015-02-21 16:08:48";776.9375;33;263
"2015-02-21 16:09:14";776.9375;32;619
"2015-02-21 16:09:16";776.9375;33;268
"2015-02-21 16:09:42";833.4;35;276
"2015-02-21 16:10:56";724.1;35;284
"2015-02-21 16:11:33";765.545454545455;40;269
"2015-02-21 16:12:06";814.3;40;309
"2015-02-21 16:12:09";814.3;41;292
"2015-02-21 16:12:19";869.444444444444;43;343
"2015-02-21 16:12:56";724.583333333333;42;323
"2015-02-21 16:14:18";442.1875;34;1754
"2015-02-21 16:15:02";354.357142857143;36;304
"2015-02-21 16:15:05";354.357142857143;36;313
"2015-02-21 16:15:07";354.357142857143;37;317
"2015-02-21 16:15:20";365.833333333333;37;320
"2015-02-21 16:15:22";365.833333333333;38;323
"2015-02-21 16:16:09";282.083333333333;43;312
"2015-02-21 16:16:32";282.083333333333;43;303
"2015-02-21 16:16:37";282.083333333333;43;300
"2015-02-21 16:16:44";282.083333333333;44;299
"2015-02-21 16:17:52";347.636363636364;39;304
"2015-02-21 16:17:57";347.636363636364;39;297
"2015-02-21 16:19:11";387.75;43;299
"2015-02-21 16:19:17";435.555555555556;45;643
"2015-02-21 16:20:05";473.666666666667;45;285
"2015-02-21 16:20:14";456.7;44;278
"2015-02-21 16:20:22";443.636363636364;43;293
"2015-02-21 16:20:57";427.384615384615;38;300
"2015-02-21 16:21:14";440.583333333333;37;305
"2015-02-21 16:21:19";440.583333333333;39;336
"2015-02-21 16:22:03";413.933333333333;41;293
"2015-02-21 16:22:06";413.933333333333;42;301
"2015-02-21 16:22:07";413.933333333333;43;328
"2015-02-21 16:22:09";413.933333333333;44;301
"2015-02-21 16:22:15";413.933333333333;45;301
"2015-02-21 16:22:17";421.428571428571;46;289
"2015-02-21 16:22:50";376.461538461538;51;287
"2015-02-21 16:23:10";368;51;318
"2015-02-21 16:23:20";371.461538461538;53;299
"2015-02-21 16:23:47";371.461538461538;54;332
"2015-02-21 16:23:58";371.461538461538;52;289
"2015-02-21 16:24:04";371.461538461538;54;298
"2015-02-21 16:24:19";331.538461538462;51;345
"2015-02-21 16:24:43";307.583333333333;51;313
"2015-02-21 16:25:04";303.857142857143;51;284
"2015-02-21 16:25:07";303.846153846154;52;301
"2015-02-21 16:25:23";302.307692307692;52;305
"2015-02-21 16:26:23";296.636363636364;49;302
"2015-02-21 16:26:35";296.636363636364;48;301
"2015-02-21 16:26:42";295.555555555556;50;298
"2015-02-21 16:26:52";295.125;54;285
"2015-02-21 16:26:58";299;54;301
"2015-02-21 16:27:04";299;54;530
"2015-02-21 16:27:12";298.538461538462;52;303
"2015-02-21 16:27:16";298.714285714286;53;297
"2015-02-21 16:27:21";298.714285714286;54;310
"2015-02-21 16:27:39";299.8125;54;294
"2015-02-21 16:27:51";299.8125;53;270
"2015-02-21 16:27:53";299.8125;54;294
"2015-02-21 16:27:57";299.714285714286;54;1454
"2015-02-21 16:28:00";299.714285714286;55;289
"2015-02-21 16:28:06";299.714285714286;56;287
"2015-02-21 16:28:14";299.714285714286;56;284
"2015-02-21 16:28:21";299.666666666667;58;278
"2015-02-21 16:28:39";300.8125;58;315
"2015-02-21 16:28:41";300.8125;59;301
"2015-02-21 16:28:49";300.117647058824;60;299
"2015-02-21 16:28:57";300.117647058824;63;303
"2015-02-21 16:29:09";446.315789473684;62;1535
"2015-02-21 16:29:11";454.5;63;292
"2015-02-21 16:29:42";448.052631578947;65;320
"2015-02-21 16:29:53";457.444444444444;65;299
"2015-02-21 16:30:30";447.636363636364;64;282
"2015-02-21 16:30:44";447.636363636364;66;290
"2015-02-21 16:30:46";447.636363636364;67;280
"2015-02-21 16:31:06";454.666666666667;66;284
"2015-02-21 16:31:26";454.52380952381;67;266
"2015-02-21 16:32:06";439.173913043478;62;276
"2015-02-21 16:32:11";460.5;62;280
"2015-02-21 16:33:08";414.814814814815;53;269
"2015-02-21 16:33:24";419.269230769231;51;280
"2015-02-21 16:34:04";312.074074074074;50;299
"2015-02-21 16:34:38";311.307692307692;46;301
"2015-02-21 16:34:41";311.307692307692;47;288
"2015-02-21 16:34:46";311.307692307692;46;316
"2015-02-21 16:35:01";392.68;48;298
"2015-02-21 16:35:34";386.076923076923;45;307
"2015-02-21 16:35:57";383.379310344828;45;286
"2015-02-21 16:36:34";386.285714285714;49;267
"2015-02-21 16:36:57";439.964285714286;48;292
"2015-02-21 16:37:16";456.72;46;431
"2015-02-21 16:37:27";464.5;45;280
"2015-02-21 16:37:29";464.5;46;296
"2015-02-21 16:37:53";487.142857142857;47;281
"2015-02-21 16:38:17";508.473684210526;45;249
"2015-02-21 16:38:21";508.473684210526;46;284
"2015-02-21 16:39:12";563.333333333333;40;297
"2015-02-21 16:39:34";546.125;42;298
"2015-02-21 16:39:36";546.125;43;303
"2015-02-21 16:40:02";393.529411764706;39;842
"2015-02-21 16:40:36";424.461538461538;38;262
"2015-02-21 16:43:31";288.857142857143;44;1037
"2015-02-21 16:45:53";512.071428571429;40;363
"2015-02-21 16:47:44";688;29;270
"2015-02-21 16:48:45";577.666666666667;20;289
"2015-02-21 16:48:46";577.666666666667;21;292
"2015-02-21 16:48:56";577.666666666667;22;295
"2015-02-21 16:49:19";323.5;20;1232
"2015-02-21 16:49:32";287.666666666667;18;303
"2015-02-21 16:49:34";282.5;19;292
"2015-02-21 16:49:54";262;20;352
"2015-02-21 16:50:03";300;21;319
"2015-02-21 16:50:54";300;24;296
"2015-02-21 16:50:57";300;26;303
"2015-02-21 16:51:18";300;29;289
"2015-02-21 16:51:33";300;31;274
"2015-02-21 16:52:01";363;30;1688
"2015-02-21 16:52:11";908.5;31;306
"2015-02-21 16:52:13";908.5;32;1296
"2015-02-21 16:52:33";695.666666666667;33;407
"2015-02-21 16:53:06";1262.5;32;315
"2015-02-21 16:53:09";1262.5;34;298
"2015-02-21 16:53:36";1067.8;38;278
"2015-02-21 16:53:45";938.5;42;297
"2015-02-21 16:54:22";1031.55555555556;40;289
"2015-02-21 16:54:50";951.166666666667;40;267
"2015-02-21 16:55:06";951.166666666667;40;289
"2015-02-21 16:55:07";951.166666666667;41;287
"2015-02-21 16:55:14";951.166666666667;41;289
"2015-02-21 16:55:40";902.538461538462;41;291
"2015-02-21 16:55:42";902.538461538462;42;301
"2015-02-21 16:56:18";735.944444444444;41;386
"2015-02-21 16:56:20";735.944444444444;41;278
"2015-02-21 16:56:43";735.944444444444;42;287
"2015-02-21 16:56:45";735.944444444444;43;301
"2015-02-21 16:56:47";735.944444444444;44;283
"2015-02-21 16:56:52";735.944444444444;45;288
"2015-02-21 16:56:54";735.944444444444;46;304
"2015-02-21 16:56:56";735.944444444444;47;304
"2015-02-21 16:56:59";757.882352941176;47;298
"2015-02-21 16:57:22";716.625;48;282
"2015-02-21 16:57:32";716.625;49;285
"2015-02-21 16:57:46";716.625;52;284
"2015-02-21 16:57:57";566.866666666667;54;315
"2015-02-21 16:58:54";658.176470588235;49;338
"2015-02-21 16:59:09";646.6875;51;330
"2015-02-21 16:59:19";605.722222222222;53;307
"2015-02-21 16:59:28";500.117647058824;52;298
"2015-02-21 16:59:37";512.4375;55;287
"2015-02-21 16:59:45";444.266666666667;57;294
"2015-02-21 16:59:48";444.266666666667;57;294
"2015-02-21 16:59:58";425.882352941176;56;298
"2015-02-21 16:59:59";425.882352941176;57;297
"2015-02-21 17:00:22";418.277777777778;58;323
"2015-02-21 17:00:32";416.722222222222;59;306
"2015-02-21 17:00:38";416.722222222222;62;302
"2015-02-21 17:00:44";410.631578947368;61;299
"2015-02-21 17:00:55";455.055555555556;63;334
"2015-02-21 17:00:58";445.736842105263;64;334
"2015-02-21 17:01:01";453.666666666667;66;314
"2015-02-21 17:01:09";475.1875;65;333
"2015-02-21 17:01:24";475.1875;66;319
"2015-02-21 17:01:49";438.1;65;284
"2015-02-21 17:01:59";425.636363636364;63;339
"2015-02-21 17:02:04";414.583333333333;64;318
"2015-02-21 17:02:13";414.583333333333;63;314
"2015-02-21 17:02:14";414.583333333333;64;320
"2015-02-21 17:02:23";413.708333333333;65;308
"2015-02-21 17:02:27";413.708333333333;66;313
"2015-02-21 17:02:36";408.52;67;557
"2015-02-21 17:03:28";332.565217391304;64;331
"2015-02-21 17:03:34";332.565217391304;65;333
"2015-02-21 17:03:59";334.181818181818;69;314
"2015-02-21 17:04:03";334.181818181818;69;326
"2015-02-21 17:04:08";334.181818181818;71;314
"2015-02-21 17:04:09";334.181818181818;72;324
"2015-02-21 17:04:14";336.333333333333;72;339
"2015-02-21 17:04:23";336.263157894737;74;337
"2015-02-21 17:04:36";331.260869565217;71;313
"2015-02-21 17:04:44";328.346153846154;71;556
"2015-02-21 17:05:30";330.68;63;973
"2015-02-21 17:05:32";332.333333333333;64;286
"2015-02-21 17:05:39";331.28;62;279
"2015-02-21 17:06:08";303.6;57;301
"2015-02-21 17:06:32";307.769230769231;52;328
"2015-02-21 17:07:02";310.125;46;545
"2015-02-21 17:07:11";311.347826086957;46;301
"2015-02-21 17:07:39";401.074074074074;40;310
"2015-02-21 17:07:45";398.37037037037;40;307
"2015-02-21 17:07:53";398.37037037037;40;288
"2015-02-21 17:08:15";401.576923076923;43;296
"2015-02-21 17:08:18";401.576923076923;44;288
"2015-02-21 17:08:35";401.576923076923;41;1695
"2015-02-21 17:09:15";393.758620689655;34;269
"2015-02-21 17:09:29";398.821428571429;34;301
"2015-02-21 17:09:58";443.230769230769;33;1165
"2015-02-21 17:10:43";437.703703703704;29;262
"2015-02-21 17:11:18";447.32;29;284
"2015-02-21 17:12:29";374.75;30;282
"2015-02-21 17:13:22";436.909090909091;25;294
"2015-02-21 17:13:33";436.909090909091;27;295
"2015-02-21 17:13:35";436.909090909091;28;294
"2015-02-21 17:13:46";512.541666666667;30;293
"2015-02-21 17:13:53";543.88;30;276
"2015-02-21 17:14:14";572.826086956522;29;302
"2015-02-21 17:14:26";584.590909090909;26;348
"2015-02-21 17:15:22";624.25;23;453
"2015-02-21 17:15:25";624.25;24;272
"2015-02-21 17:15:35";624.25;26;296
"2015-02-21 17:17:07";642.066666666667;27;292
"2015-02-21 17:17:23";640.8;28;303
"2015-02-21 17:18:11";651.1;27;293
"2015-02-21 17:19:21";311.636363636364;20;276
"2015-02-21 17:19:45";312.7;21;310
"2015-02-21 17:20:45";584.785714285714;21;387
"2015-02-21 17:20:47";584.785714285714;22;369
"2015-02-21 17:20:51";584.785714285714;23;363
"2015-02-21 17:21:11";613.166666666667;24;379
"2015-02-21 17:21:27";613.166666666667;24;351
"2015-02-21 17:21:31";613.166666666667;24;361
"2015-02-21 17:21:35";613.166666666667;25;364
"2015-02-21 17:21:40";613.166666666667;26;341
"2015-02-21 17:21:44";640.846153846154;27;1588
"2015-02-21 17:22:00";615.928571428571;28;351
"2015-02-21 17:22:27";617.428571428571;27;1305
"2015-02-21 17:22:32";617.428571428571;28;308
"2015-02-21 17:23:20";606.4;31;284
"2015-02-21 17:23:22";606.4;32;305
"2015-02-21 17:23:28";606.4;34;1331
"2015-02-21 17:23:43";721.636363636364;37;271
"2015-02-21 17:23:50";721.636363636364;37;290
"2015-02-21 17:23:59";684.5;37;328
"2015-02-21 17:24:21";719.272727272727;41;294
"2015-02-21 17:24:23";719.272727272727;41;289
"2015-02-21 17:24:33";719.272727272727;44;286
"2015-02-21 17:24:41";719.272727272727;48;276
"2015-02-21 17:24:56";685.166666666667;48;341
"2015-02-21 17:25:08";722.727272727273;47;279
"2015-02-21 17:25:11";626.2;48;278
"2015-02-21 17:25:31";399.5;50;276
"2015-02-21 17:25:47";414.285714285714;51;587
"2015-02-21 17:26:16";414.285714285714;50;286
"2015-02-21 17:26:31";414.285714285714;53;257
"2015-02-21 17:26:35";414.285714285714;54;317
"2015-02-21 17:26:44";321.166666666667;54;318
"2015-02-21 17:26:46";321.166666666667;54;319
"2015-02-21 17:27:09";338.142857142857;55;344
"2015-02-21 17:27:32";353;54;338
"2015-02-21 17:27:54";350.428571428571;56;315
"2015-02-21 17:28:40";473.647058823529;58;293
"2015-02-21 17:28:42";473.647058823529;58;290
"2015-02-21 17:29:03";486;56;294
"2015-02-21 17:29:24";480.285714285714;53;311
"2015-02-21 17:29:28";473.363636363636;53;321
"2015-02-21 17:29:31";473.363636363636;53;313
"2015-02-21 17:29:41";473.363636363636;51;326
"2015-02-21 17:29:44";473.363636363636;51;325
"2015-02-21 17:29:47";464.913043478261;53;324
"2015-02-21 17:29:48";464.913043478261;54;293
"2015-02-21 17:30:02";463.521739130435;54;290
"2015-02-21 17:30:06";463.521739130435;54;400
"2015-02-21 17:30:43";511.769230769231;51;304
"2015-02-21 17:30:49";502.333333333333;51;359
"2015-02-21 17:31:32";494.607142857143;48;278
"2015-02-21 17:32:22";499.692307692308;44;293
"2015-02-21 17:32:35";510.5;45;294
"2015-02-21 17:32:37";510.5;46;271
"2015-02-21 17:33:02";526.045454545455;44;278
"2015-02-21 17:33:12";519.217391304348;43;255
"2015-02-21 17:34:52";397.052631578947;30;287
"2015-02-21 17:34:56";397.052631578947;31;295
"2015-02-21 17:35:47";322.142857142857;26;278
"2015-02-21 17:35:48";322.142857142857;26;291
"2015-02-21 17:36:12";325;26;289
"2015-02-21 17:36:21";325;28;268
"2015-02-21 17:37:33";379.708333333333;24;292
"2015-02-21 17:37:35";379.708333333333;25;292
"2015-02-21 17:38:50";390.55;19;280
"2015-02-21 17:38:58";395.631578947368;19;274
"2015-02-21 17:39:12";395.631578947368;24;258
"2015-02-21 17:39:53";410.6875;24;280
"2015-02-21 17:40:03";410.6875;24;1157
"2015-02-21 17:40:11";422.857142857143;25;257
"2015-02-21 17:40:13";430.461538461538;26;278
"2015-02-21 17:40:31";419.571428571429;27;282
"2015-02-21 17:40:48";405.692307692308;30;258
"2015-02-21 17:42:03";281.727272727273;24;292
"2015-02-21 17:42:26";282.7;26;297
"2015-02-21 17:42:39";285.555555555556;23;301
"2015-02-21 17:42:40";285.555555555556;24;272
"2015-02-21 17:42:47";286.5;26;290
"2015-02-21 17:44:15";367.416666666667;20;266
"2015-02-21 17:44:51";352.642857142857;21;281
"2015-02-21 17:44:56";357.076923076923;22;265
"2015-02-21 17:46:57";436.846153846154;19;312
"2015-02-21 17:47:03";436.846153846154;20;331
"2015-02-21 17:47:30";435.692307692308;21;316
"2015-02-21 17:47:55";417;22;297
"2015-02-21 17:48:49";521.214285714286;25;298
"2015-02-21 17:48:59";521.214285714286;25;281
"2015-02-21 17:50:07";496.818181818182;27;937
"2015-02-21 17:50:19";518.3;27;292
"2015-02-21 17:51:38";428;35;279
"2015-02-21 17:52:00";445;36;273
"2015-02-21 17:52:04";445;36;284
"2015-02-21 17:52:21";450;37;316
"2015-02-21 17:52:38";477.714285714286;36;270
"2015-02-21 17:53:08";457;31;263
"2015-02-21 17:53:34";295.428571428571;31;279
"2015-02-21 17:54:11";297.625;34;299
"2015-02-21 17:54:12";297.625;35;289
"2015-02-21 17:55:00";305.833333333333;39;304
"2015-02-21 17:55:03";305.833333333333;40;303
"2015-02-21 17:55:38";303.857142857143;39;274
"2015-02-21 17:55:40";303.857142857143;40;273
"2015-02-21 17:55:48";303.857142857143;41;359
"2015-02-21 17:55:53";303.857142857143;40;294
"2015-02-21 17:55:54";303.857142857143;41;301
"2015-02-21 17:55:57";303.857142857143;42;307
"2015-02-21 17:56:06";303.857142857143;43;301
"2015-02-21 17:56:30";300.75;44;284
"2015-02-21 17:56:39";297.666666666667;45;313
"2015-02-21 17:57:26";292.1;44;279
"2015-02-21 17:57:38";288.090909090909;43;301
"2015-02-21 17:57:43";288.090909090909;43;299
"2015-02-21 17:57:52";285.3;44;281
"2015-02-21 17:57:55";284;45;284
"2015-02-21 17:58:04";284;46;271
"2015-02-21 17:58:24";283.5;49;299
"2015-02-21 17:58:27";283.5;50;279
"2015-02-21 17:58:30";283.5;51;344
"2015-02-21 17:58:39";283.5;51;279
"2015-02-21 17:58:42";283.777777777778;51;287
"2015-02-21 17:58:56";282;51;300
"2015-02-21 17:58:57";282;52;287
"2015-02-21 17:59:03";282.777777777778;53;298
"2015-02-21 17:59:49";363.727272727273;51;293
"2015-02-21 17:59:55";363.727272727273;51;320
"2015-02-21 18:00:04";358.75;51;280
"2015-02-21 18:00:18";347.357142857143;52;355
"2015-02-21 18:00:42";347.357142857143;53;296
"2015-02-21 18:01:15";334.210526315789;53;261
"2015-02-21 18:02:17";344.166666666667;46;264
"2015-02-21 18:02:29";344.166666666667;46;265
"2015-02-21 18:03:59";327.076923076923;36;338
"2015-02-21 18:04:17";329.153846153846;35;306
"2015-02-21 18:04:21";296.04;35;282
"2015-02-21 18:04:36";296.04;37;273
"2015-02-21 18:06:04";418.807692307692;24;266
"2015-02-21 18:06:07";423.28;25;271
"2015-02-21 18:06:11";428.375;26;283
"2015-02-21 18:06:18";431.333333333333;26;302
"2015-02-21 18:06:24";431.333333333333;26;322
"2015-02-21 18:07:09";431.739130434783;29;286
"2015-02-21 18:07:35";438.590909090909;27;287
"2015-02-21 18:07:46";471.888888888889;29;299
"2015-02-21 18:08:24";509.133333333333;32;304
"2015-02-21 18:08:31";525;31;783
"2015-02-21 18:09:16";556.333333333333;33;406
"2015-02-21 18:10:50";291.111111111111;28;329
"2015-02-21 18:10:54";290.3;29;312
"2015-02-21 18:11:05";290.3;30;494
"2015-02-21 18:12:35";292.363636363636;26;269
"2015-02-21 18:12:45";292.916666666667;25;289
"2015-02-21 18:12:49";292.916666666667;24;300
"2015-02-21 18:13:33";293.769230769231;26;302
"2015-02-21 18:15:26";291.111111111111;28;529
"2015-02-21 18:15:31";294.25;29;239
"2015-02-21 18:16:43";318.125;28;279
"2015-02-21 18:16:46";318.125;29;280
"2015-02-21 18:17:33";319.833333333333;28;301
"2015-02-21 18:17:40";315.428571428571;28;281
"2015-02-21 18:18:48";315.285714285714;23;832
"2015-02-21 18:18:53";315.285714285714;24;301
"2015-02-21 18:18:57";315.285714285714;25;313
"2015-02-21 18:19:00";315.285714285714;26;311
"2015-02-21 18:19:02";315.285714285714;27;316
"2015-02-21 18:19:04";315.285714285714;28;309
"2015-02-21 18:19:06";315.285714285714;29;364
"2015-02-21 18:20:22";326.666666666667;28;329
"2015-02-21 18:20:30";326.666666666667;28;328
"2015-02-21 18:20:41";326.666666666667;31;326
"2015-02-21 18:21:00";326.666666666667;35;330
"2015-02-21 18:21:03";316.75;35;1655
"2015-02-21 18:21:11";317.428571428571;36;312
"2015-02-21 18:21:49";359.444444444444;34;296
"2015-02-21 18:21:53";359.444444444444;35;287
"2015-02-21 18:22:10";370.75;35;302
"2015-02-21 18:22:20";370.75;38;284
"2015-02-21 18:22:22";360.777777777778;39;288
"2015-02-21 18:22:43";362.111111111111;42;301
"2015-02-21 18:22:57";369.875;42;293
"2015-02-21 18:23:03";369.875;44;299
"2015-02-21 18:23:20";369.875;45;286
"2015-02-21 18:23:32";369.875;46;289
"2015-02-21 18:23:35";369.875;47;292
"2015-02-21 18:24:10";363.444444444444;39;303
"2015-02-21 18:24:11";358.2;40;356
"2015-02-21 18:24:13";353.727272727273;41;292
"2015-02-21 18:24:59";363.909090909091;45;307
"2015-02-21 18:25:03";363.909090909091;46;292
"2015-02-21 18:25:05";363.909090909091;46;1354
"2015-02-21 18:25:55";361.230769230769;38;337
"2015-02-21 18:26:00";358.857142857143;38;329
"2015-02-21 18:26:06";358.857142857143;38;542
"2015-02-21 18:26:08";356.666666666667;39;311
"2015-02-21 18:26:10";356.666666666667;40;307
"2015-02-21 18:26:24";358.866666666667;41;295
"2015-02-21 18:26:26";358.866666666667;42;318
"2015-02-21 18:26:40";329.133333333333;46;312
"2015-02-21 18:26:42";329.133333333333;46;314
"2015-02-21 18:27:00";327.0625;46;344
"2015-02-21 18:27:06";324.529411764706;47;378
"2015-02-21 18:27:09";324.529411764706;48;340
"2015-02-21 18:27:16";321.421052631579;50;334
"2015-02-21 18:27:25";323.666666666667;48;1193
"2015-02-21 18:27:29";323.666666666667;48;314
"2015-02-21 18:28:04";320.9;48;310
"2015-02-21 18:28:09";319.238095238095;50;302
"2015-02-21 18:28:16";319.238095238095;51;303
"2015-02-21 18:28:20";319.238095238095;52;320
"2015-02-21 18:28:42";316.739130434783;52;317
"2015-02-21 18:29:00";317.454545454545;56;293
"2015-02-21 18:29:08";316.347826086957;57;654
"2015-02-21 18:29:38";305.315789473684;58;281
"2015-02-21 18:29:54";305.315789473684;60;375
"2015-02-21 18:30:00";304.65;59;363
"2015-02-21 18:30:11";304.380952380952;60;341
"2015-02-21 18:30:24";304.380952380952;61;799
"2015-02-21 18:30:30";304.380952380952;62;329
"2015-02-21 18:30:37";304.380952380952;63;373
"2015-02-21 18:30:41";304.380952380952;64;313
"2015-02-21 18:31:12";300.5;65;331
"2015-02-21 18:31:21";301.047619047619;66;306
"2015-02-21 18:31:54";304.428571428571;59;1735
"2015-02-21 18:32:30";424.25;53;319
"2015-02-21 18:32:33";424.25;54;322
"2015-02-21 18:33:30";442.695652173913;44;324
"2015-02-21 18:33:52";508.52;42;292
"2015-02-21 18:34:28";500.346153846154;35;304
"2015-02-21 18:34:52";500.346153846154;35;304
"2015-02-21 18:35:07";517.083333333333;36;272
"2015-02-21 18:35:21";524.833333333333;35;294
"2015-02-21 18:35:32";524.833333333333;33;317
"2015-02-21 18:36:11";493.689655172414;28;284
"2015-02-21 18:36:54";524.72;28;292
"2015-02-21 18:38:17";445.388888888889;27;287
"2015-02-21 18:40:47";342.117647058824;20;311
"2015-02-21 18:40:57";339;22;280
"2015-02-21 18:41:00";339.625;23;303
"2015-02-21 18:41:08";338.066666666667;24;296
"2015-02-21 18:41:59";331.5;22;334
"2015-02-21 18:42:18";331.5;25;309
"2015-02-21 18:42:45";331.5;24;302
"2015-02-21 18:42:56";333.7;25;323
"2015-02-21 18:43:07";329.454545454545;24;322
"2015-02-21 18:43:12";329.454545454545;25;319
"2015-02-21 18:43:51";375.545454545455;25;315
"2015-02-21 18:44:05";380.7;26;325
"2015-02-21 18:44:12";380.7;28;323
"2015-02-21 18:45:28";395.8;31;310
"2015-02-21 18:46:43";366.857142857143;29;667
"2015-02-21 18:46:53";379.333333333333;30;305
"2015-02-21 18:47:36";456.888888888889;30;305
"2015-02-21 18:47:39";546.6;31;312
"2015-02-21 18:47:57";524.363636363636;32;321
"2015-02-21 18:48:28";527.636363636364;38;341
"2015-02-21 18:48:32";495.769230769231;39;324
"2015-02-21 18:48:41";578.571428571429;41;317
"2015-02-21 18:48:43";578.571428571429;42;314
"2015-02-21 18:49:09";544;41;353
"2015-02-21 18:50:53";518.375;47;282
"2015-02-21 18:53:22";437.454545454545;36;286
"2015-02-21 18:53:26";437.454545454545;36;284
"2015-02-21 18:53:31";449;36;299
"2015-02-21 18:54:58";316.555555555556;31;1054
"2015-02-21 18:55:01";316.555555555556;32;324
"2015-02-21 18:55:13";320.2;34;309
"2015-02-21 18:55:15";320.2;35;312
"2015-02-21 18:55:22";320.2;35;308
"2015-02-21 18:55:41";317.4;35;330
"2015-02-21 18:55:42";317.4;36;311
"2015-02-21 18:55:44";317.4;36;323
"2015-02-21 18:55:52";317.4;37;308
"2015-02-21 18:56:06";317.4;39;318
"2015-02-21 18:56:15";317.4;41;312
"2015-02-21 18:56:24";317.4;42;339
"2015-02-21 18:56:27";317.4;43;325
"2015-02-21 18:56:31";317.4;45;331
"2015-02-21 18:56:33";317.4;46;316
"2015-02-21 18:56:44";317.4;49;1078
"2015-02-21 18:56:47";317.4;50;325
"2015-02-21 18:57:31";318.777777777778;48;345
"2015-02-21 18:57:33";318.777777777778;49;315
"2015-02-21 18:57:39";318.777777777778;51;310
"2015-02-21 18:57:41";318.777777777778;51;311
"2015-02-21 18:57:54";364.875;53;321
"2015-02-21 18:58:00";364.875;55;306
"2015-02-21 18:58:02";364.875;56;309
"2015-02-21 18:58:32";573.272727272727;56;286
"2015-02-21 18:58:36";573.272727272727;58;284
"2015-02-21 18:58:38";573.272727272727;59;303
"2015-02-21 18:58:42";573.272727272727;60;304
"2015-02-21 18:58:49";573.272727272727;61;287
"2015-02-21 18:59:20";715.714285714286;63;298
"2015-02-21 18:59:31";715.714285714286;65;339
"2015-02-21 18:59:37";715.714285714286;67;309
"2015-02-21 19:00:07";776.166666666667;66;281
"2015-02-21 19:00:07";776.166666666667;66;477
"2015-02-21 19:00:30";591;66;420
"2015-02-21 19:00:32";591;67;464
"2015-02-21 19:00:52";736.3;65;289
"2015-02-21 19:00:56";697.636363636364;63;287
"2015-02-21 19:00:59";697.636363636364;63;304
"2015-02-21 19:01:12";616.785714285714;62;418
"2015-02-21 19:01:41";579.0625;57;292
"2015-02-21 19:01:47";579.0625;59;307
"2015-02-21 19:02:12";519.095238095238;57;287
"2015-02-21 19:02:34";519.095238095238;55;316
"2015-02-21 19:02:39";519.095238095238;55;290
"2015-02-21 19:03:16";475.24;46;289
"2015-02-21 19:04:02";364.535714285714;42;296
"2015-02-21 19:04:16";364.535714285714;42;326
"2015-02-21 19:04:25";362.241379310345;41;764
"2015-02-21 19:05:22";357.3125;30;310
"2015-02-21 19:05:30";361.689655172414;32;290
"2015-02-21 19:05:38";363.607142857143;32;286
"2015-02-21 19:06:55";369.04;24;287
"2015-02-21 19:06:57";369.04;25;281
"2015-02-21 19:06:59";365.884615384615;26;278
"2015-02-21 19:07:01";365.884615384615;27;269
"2015-02-21 19:07:04";368.458333333333;28;267
"2015-02-21 19:07:28";440.333333333333;27;310
"2015-02-21 19:07:42";433.769230769231;28;278
"2015-02-21 19:08:20";466.913043478261;32;299
"2015-02-21 19:08:22";475.227272727273;33;288
"2015-02-21 19:08:51";503.210526315789;31;286
"2015-02-21 19:09:54";516.388888888889;31;1015
"2015-02-21 19:11:32";499.894736842105;31;313
"2015-02-21 19:11:35";433.058823529412;32;297
"2015-02-21 19:11:37";424.444444444444;33;297
"2015-02-21 19:11:43";410.4;33;306
"2015-02-21 19:12:22";324.555555555556;28;289
"2015-02-21 19:13:16";352.266666666667;26;247
"2015-02-21 19:13:31";341.266666666667;24;268
"2015-02-21 19:14:20";340.6;21;301
"2015-02-21 19:14:40";340.6;24;289
"2015-02-21 19:14:44";390.733333333333;25;281
"2015-02-21 19:15:00";390.733333333333;27;301
"2015-02-21 19:15:02";390.733333333333;27;294
"2015-02-21 19:15:33";414.583333333333;28;289
"2015-02-21 19:15:58";414.583333333333;29;269
"2015-02-21 19:16:49";436.909090909091;25;272
"2015-02-21 19:17:38";397.833333333333;25;1594
"2015-02-21 19:19:50";456.25;20;274
"2015-02-21 19:19:54";456.25;21;266
"2015-02-21 19:19:57";443.769230769231;21;278
"2015-02-21 19:22:51";659.363636363636;21;272
"2015-02-21 19:23:08";698.5;21;1659
"2015-02-21 19:23:14";698.5;23;271
"2015-02-21 19:23:39";698.5;25;307
"2015-02-21 19:24:44";788.1;26;257
"2015-02-21 19:26:21";772.4;24;279
"2015-02-21 19:27:26";812.833333333333;23;235
"2015-02-21 19:28:29";735.428571428571;18;759
"2015-02-21 19:29:38";815.666666666667;18;269
"2015-02-21 19:29:56";424.4;17;290
"2015-02-21 19:30:14";424.4;18;279
"2015-02-21 19:31:05";400.166666666667;18;300
"2015-02-21 19:32:06";270.166666666667;21;959
"2015-02-21 19:33:58";257;28;276
"2015-02-21 19:35:38";270.4;25;1162
"2015-02-21 19:36:04";268.25;26;293
"2015-02-21 19:36:09";274.6;26;278
"2015-02-21 19:38:14";284.5;17;268
"2015-02-21 19:39:12";286.25;15;259
"2015-02-21 19:40:04";288;13;1416
"2015-02-21 19:40:29";288;14;295
"2015-02-21 19:40:31";288;15;290
"2015-02-21 19:40:45";288;19;971
"2015-02-21 19:40:59";286.75;21;286
"2015-02-21 19:41:02";286.75;22;281
"2015-02-21 19:41:05";286.75;22;275
"2015-02-21 19:42:40";401.5;25;286
"2015-02-21 19:42:40";401.5;25;1537
"2015-02-21 19:43:24";374.8;24;276
"2015-02-21 19:44:12";575.166666666667;26;263
"2015-02-21 19:44:14";575.166666666667;26;563
"2015-02-21 19:44:23";575.166666666667;27;285
"2015-02-21 19:44:41";575.166666666667;27;658
"2015-02-21 19:44:59";575.166666666667;29;719
"2015-02-21 19:46:45";443.5;20;276
"2015-02-21 19:47:20";443.5;19;308
"2015-02-21 19:48:36";480.5;18;299
"2015-02-21 19:49:11";462.727272727273;19;291
"2015-02-21 19:51:36";572;22;278
"2015-02-21 19:52:09";572;21;290
"2015-02-21 19:52:20";737.125;23;271
"2015-02-21 19:52:30";739.875;22;260
"2015-02-21 19:52:40";739.875;24;277
"2015-02-21 19:52:48";739.875;25;279
"2015-02-21 19:53:17";780.666666666667;25;289
"2015-02-21 19:54:58";1026.125;29;268
"2015-02-21 19:55:04";1041.22222222222;30;281
"2015-02-21 19:56:08";930;32;284
"2015-02-21 19:56:17";864.8;34;933
"2015-02-21 19:56:22";930.222222222222;36;1693
"2015-02-21 19:56:26";930.222222222222;37;291
"2015-02-21 19:56:41";930.222222222222;35;277
"2015-02-21 19:57:31";659.857142857143;31;342
"2015-02-21 19:57:47";659.857142857143;32;320
"2015-02-21 19:57:59";659.857142857143;33;317
"2015-02-21 19:58:02";659.857142857143;34;317
"2015-02-21 19:58:03";659.857142857143;35;317
"2015-02-21 19:58:22";635.133333333333;36;314
"2015-02-21 19:59:40";476.833333333333;34;254
"2015-02-21 19:59:47";461.769230769231;37;274
"2015-02-21 20:00:03";403.416666666667;38;289
"2015-02-21 20:00:13";403.416666666667;38;290
"2015-02-21 20:00:15";403.416666666667;37;1553
"2015-02-21 20:00:19";403.416666666667;38;305
"2015-02-21 20:00:23";403.416666666667;39;309
"2015-02-21 20:00:25";403.416666666667;40;287
"2015-02-21 20:01:12";372.25;40;296
"2015-02-21 20:01:31";365.923076923077;37;299
"2015-02-21 20:01:47";365.923076923077;40;299
"2015-02-21 20:02:59";281.666666666667;42;306
"2015-02-21 20:03:39";302.545454545455;39;292
"2015-02-21 20:03:42";395.333333333333;40;295
"2015-02-21 20:03:48";395.333333333333;42;524
"2015-02-21 20:03:52";395.333333333333;43;612
"2015-02-21 20:04:11";384.461538461538;45;271
"2015-02-21 20:04:25";376.571428571429;47;269
"2015-02-21 20:04:33";384.923076923077;49;305
"2015-02-21 20:05:22";372.6;38;284
"2015-02-21 20:05:28";368.375;37;286
"2015-02-21 20:05:30";368.375;38;282
"2015-02-21 20:05:42";364.882352941176;39;278
"2015-02-21 20:06:01";369.9375;41;274
"2015-02-21 20:06:15";365.588235294118;41;284
"2015-02-21 20:06:18";370.25;42;431
"2015-02-21 20:06:49";367.352941176471;39;288
"2015-02-21 20:07:28";367.352941176471;40;707
"2015-02-21 20:07:33";367.352941176471;40;256
"2015-02-21 20:08:29";462.5;36;247
"2015-02-21 20:10:06";382.428571428571;24;1181
"2015-02-21 20:10:19";375.666666666667;25;359
"2015-02-21 20:10:24";369.5625;25;367
"2015-02-21 20:10:27";373.866666666667;26;368
"2015-02-21 20:10:30";373.866666666667;26;335
"2015-02-21 20:10:38";371.533333333333;27;362
"2015-02-21 20:10:39";371.533333333333;28;361
"2015-02-21 20:11:00";366.0625;29;349
"2015-02-21 20:14:33";377.428571428571;18;335
"2015-02-21 20:14:48";383;23;282
"2015-02-21 20:14:50";383;24;263
"2015-02-21 20:15:38";446.875;21;346
"2015-02-21 20:16:50";437.333333333333;18;1359
"2015-02-21 20:17:24";392.272727272727;20;727
"2015-02-21 20:17:37";393.777777777778;22;596
"2015-02-21 20:19:30";375.3;26;319
"2015-02-21 20:19:39";375.3;24;297
"2015-02-21 20:22:57";386.6;16;1394
"2015-02-21 20:24:03";386.6;15;275
"2015-02-21 20:24:36";667.75;15;295
"2015-02-21 20:26:17";841.6;10;295
"2015-02-21 20:27:07";965.5;12;278
"2015-02-21 20:27:15";965.5;13;296
"2015-02-21 20:28:12";891.6;9;251
"2015-02-21 20:28:41";788.833333333333;12;305
"2015-02-21 20:29:39";829.285714285714;13;240
"2015-02-21 20:30:45";952.428571428571;19;290
"2015-02-21 20:31:22";908.875;18;267
"2015-02-21 20:31:26";908.875;20;274
"2015-02-21 20:31:29";908.875;21;284
"2015-02-21 20:31:54";838.777777777778;22;266
"2015-02-21 20:32:35";750;22;274
"2015-02-21 20:32:46";935.272727272727;24;273
"2015-02-21 20:35:45";733.888888888889;17;252
"2015-02-21 20:37:27";526.1;16;267
"2015-02-21 20:37:46";274.777777777778;13;1066
"2015-02-21 20:39:48";410.875;8;320
"2015-02-21 20:39:51";410.875;9;309
"2015-02-21 20:43:36";626;13;267
"2015-02-21 20:43:53";626;14;710
"2015-02-21 20:45:51";298.666666666667;12;284
"2015-02-21 20:51:28";275.5;8;349
"2015-02-21 20:51:47";275.5;10;281
"2015-02-21 20:51:58";275.5;13;266
"2015-02-21 20:53:30";284;14;361
"2015-02-21 20:53:35";284;16;278
"2015-02-21 20:53:36";284;17;283
"2015-02-21 20:53:42";284;18;294
"2015-02-21 20:54:04";284;21;317
"2015-02-21 20:54:35";284;21;293
"2015-02-21 20:54:54";284;23;257
"2015-02-21 20:55:13";284;24;322
"2015-02-21 20:55:15";284;25;256
"2015-02-21 20:55:41";1066;27;293
"2015-02-21 20:56:28";580.75;28;240
"2015-02-21 20:56:43";580.75;30;1715
"2015-02-21 20:57:16";580.75;31;270
"2015-02-21 20:57:19";534.4;31;280
"2015-02-21 20:57:21";534.4;32;266
"2015-02-21 20:58:21";461.857142857143;36;282
"2015-02-21 20:58:24";461.857142857143;37;281
"2015-02-21 20:58:26";461.857142857143;37;267
"2015-02-21 20:59:17";420.444444444444;33;294
"2015-02-21 20:59:19";420.444444444444;34;293
"2015-02-21 20:59:31";385.461538461538;37;286
"2015-02-21 20:59:38";385.461538461538;38;284
"2015-02-21 20:59:46";385.461538461538;39;267
"2015-02-21 20:59:59";385.461538461538;40;313
"2015-02-21 21:00:06";385.461538461538;40;345
"2015-02-21 21:00:07";385.461538461538;41;290
"2015-02-21 21:00:12";385.461538461538;43;288
"2015-02-21 21:00:30";375.071428571429;43;294
"2015-02-21 21:00:31";375.071428571429;44;283
"2015-02-21 21:00:46";292.142857142857;44;298
"2015-02-21 21:00:51";292.142857142857;46;282
"2015-02-21 21:01:15";292.142857142857;50;281
"2015-02-21 21:01:19";292.142857142857;52;280
"2015-02-21 21:01:21";292.142857142857;53;287
"2015-02-21 21:01:27";294.153846153846;55;1348
"2015-02-21 21:01:35";295.25;55;286
"2015-02-21 21:01:56";291.357142857143;55;301
"2015-02-21 21:01:59";290.6;56;439
"2015-02-21 21:02:25";286.428571428571;52;307
"2015-02-21 21:02:43";286.428571428571;54;271
"2015-02-21 21:02:46";286.428571428571;55;344
"2015-02-21 21:03:57";284.642857142857;50;329
"2015-02-21 21:03:58";284.642857142857;51;316
"2015-02-21 21:04:59";281;41;254
"2015-02-21 21:05:58";287.2;32;315
"2015-02-21 21:07:02";289.619047619048;17;221
"2015-02-21 21:07:49";289.565217391304;13;279
"2015-02-21 21:08:25";291.5;17;256
"2015-02-21 21:11:51";309.7;11;282
"2015-02-21 21:14:04";301.125;12;280
"2015-02-21 21:15:28";809.8;13;279
"2015-02-21 21:15:57";957;13;278
"2015-02-21 21:17:16";948.75;14;277
"2015-02-21 21:18:23";1630;11;297
"2015-02-21 21:20:09";280.333333333333;8;318
"2015-02-21 21:23:15";278.5;6;255
"2015-02-21 21:23:16";278.5;7;240
"2015-02-21 21:28:05";695.5;11;277
"2015-02-21 21:31:48";247.5;3;274
"2015-02-21 21:33:48";277;5;255
"2015-02-21 21:38:23";264.5;7;277
"2015-02-21 21:38:54";264.5;10;301
"2015-02-21 21:40:00";939.666666666667;15;260
"2015-02-21 21:40:16";939.666666666667;17;337
"2015-02-21 21:40:59";939.666666666667;16;288
"2015-02-21 21:41:14";939.666666666667;18;275
"2015-02-21 21:42:16";1272.5;20;310
"2015-02-21 21:42:28";1272.5;20;850
"2015-02-21 21:43:21";1283.5;19;248
"2015-02-21 21:45:41";279.333333333333;14;813
"2015-02-21 21:45:42";279.333333333333;15;263
"2015-02-21 21:49:06";286.333333333333;11;304
"2015-02-21 21:49:35";291.6;14;363
"2015-02-21 21:49:47";291.6;16;282
"2015-02-21 21:50:23";286.833333333333;15;276
"2015-02-21 21:50:37";286.833333333333;16;294
"2015-02-21 21:52:09";273.666666666667;13;277
"2015-02-21 21:52:11";273.666666666667;14;340
"2015-02-21 21:52:25";273.666666666667;15;299
"2015-02-21 21:52:35";263;16;301
"2015-02-21 21:52:40";263;17;290
"2015-02-21 21:52:45";263;18;288
"2015-02-21 21:52:49";263;19;282
"2015-02-21 21:52:58";263;20;294
"2015-02-21 21:53:24";263;21;338
"2015-02-21 21:53:25";263;22;272
"2015-02-21 21:53:31";263;24;279
"2015-02-21 21:53:37";263;24;300
"2015-02-21 21:53:44";263;26;316
"2015-02-21 21:54:00";263;28;319
"2015-02-21 21:54:13";283.5;29;310
"2015-02-21 21:54:17";283.5;29;315
"2015-02-21 21:54:20";283.5;30;301
"2015-02-21 21:54:22";283.5;30;303
"2015-02-21 21:54:44";283;32;291
"2015-02-21 21:56:03";303.8;31;300
"2015-02-21 21:56:06";303.8;32;282
"2015-02-21 21:56:21";303.8;33;300
"2015-02-21 21:56:32";303.8;34;295
"2015-02-21 21:56:38";394.833333333333;35;280
"2015-02-21 21:56:41";394.833333333333;36;284
"2015-02-21 21:56:45";394.833333333333;37;285
"2015-02-21 21:59:06";328.684210526316;21;274
"2015-02-21 21:59:24";349.272727272727;18;290
"2015-02-21 21:59:47";346.291666666667;17;374
"2015-02-21 21:59:51";346.291666666667;18;268
"2015-02-21 22:01:37";335.857142857143;16;337
"2015-02-21 22:01:40";316.814814814815;16;281
"2015-02-21 22:02:17";318.346153846154;18;281
"2015-02-21 22:02:31";320.333333333333;19;1413
"2015-02-21 22:06:15";294.444444444444;13;288
"2015-02-21 22:06:57";297.4;10;389
"2015-02-21 22:07:01";294.666666666667;11;339
"2015-02-21 22:08:06";300.714285714286;10;304
"2015-02-21 22:08:26";300.714285714286;12;280
"2015-02-21 22:09:51";318.25;11;277
"2015-02-21 22:10:54";636;11;284
"2015-02-21 22:11:48";703.25;12;298
"2015-02-21 22:12:42";844.666666666667;12;249
"2015-02-21 22:15:03";540.571428571429;9;273
"2015-02-21 22:18:32";277;6;372
"2015-02-21 22:19:48";276;12;279
"2015-02-21 22:21:42";273.333333333333;13;268
"2015-02-21 22:24:47";325.5;9;266
"2015-02-21 22:27:50";583;7;289
"2015-02-21 22:28:04";583;8;320
"2015-02-21 22:31:31";266;9;300
"2015-02-21 22:33:31";291.666666666667;5;350
"2015-02-21 22:35:02";304.5;5;260
"2015-02-21 22:38:44";300;7;271
"2015-02-21 22:40:01";303.333333333333;8;285
"2015-02-21 22:40:53";303.333333333333;9;272
"2015-02-21 22:41:12";303.333333333333;10;271
"2015-02-21 22:46:08";274.75;12;289
"2015-02-21 22:46:11";274.75;13;288
"2015-02-21 22:47:38";274.75;13;285
"2015-02-21 22:50:07";271.5;9;250
"2015-02-21 22:53:22";287.333333333333;8;314
"2015-02-21 22:54:44";278;8;269
"2015-02-21 22:56:48";267.5;6;339
"2015-02-21 22:58:10";250;6;858
"2015-02-21 22:59:35";291.5;4;300
"2015-02-21 22:59:37";291.5;5;300
"2015-02-21 22:59:47";291.5;5;359
"2015-02-21 23:00:11";291.5;7;287
"2015-02-21 23:00:28";291.5;8;297
"2015-02-21 23:01:51";291.5;8;1120
"2015-02-21 23:03:48";304;8;278
"2015-02-21 23:11:13";278;3;636
"2015-02-21 23:16:29";858;8;292
"2015-02-21 23:16:42";858;9;275
"2015-02-21 23:20:01";300;10;306
"2015-02-21 23:22:19";580.75;10;304
"2015-02-21 23:23:01";580.75;12;346
"2015-02-21 23:23:04";580.75;13;329
"2015-02-21 23:23:07";580.75;14;341
"2015-02-21 23:23:10";580.75;15;340
"2015-02-21 23:23:13";580.75;16;342
"2015-02-21 23:23:23";580.75;15;331
"2015-02-21 23:23:43";580.75;17;325
"2015-02-21 23:23:46";580.75;18;324
"2015-02-21 23:23:52";580.75;20;321
"2015-02-21 23:28:33";313;11;281
"2015-02-21 23:29:09";329.333333333333;6;285
"2015-02-21 23:30:05";328.090909090909;7;268
"2015-02-21 23:30:17";330.3;8;279
"2015-02-21 23:32:42";333.222222222222;8;292
"2015-02-21 23:41:13";292;8;838
"2015-02-21 23:41:51";292;8;281
"2015-02-21 23:43:48";300;7;689
"2015-02-21 23:44:09";300;9;300
"2015-02-21 23:44:54";300;10;285
"2015-02-21 23:45:19";300;12;300
"2015-02-21 23:47:54";281;9;258
"2015-02-21 23:49:32";290.5;10;257
"2015-02-21 23:50:12";288.666666666667;9;340
"2015-02-21 23:51:37";295;10;264
"2015-02-21 23:52:13";285.75;12;436
"2015-02-21 23:54:13";275;11;298
"2015-02-21 23:54:52";271.666666666667;10;265
